class_id,source_dataset,image_1,image_2
CBFace_0,CBFace,CBFace_0/1-5.jpg,CBFace_0/2-7.jpg
CBFace_1,CBFace,CBFace_1/1-4.jpg,CBFace_1/2-11.jpg
CBFace_10,CBFace,CBFace_10/1-2.jpg,CBFace_10/2-6.jpg
CBFace_100,CBFace,CBFace_100/1-2.jpg,CBFace_100/2-10.jpg
CBFace_1000,CBFace,CBFace_1000/1-0.jpg,CBFace_1000/2-10.jpg
CBFace_1001,CBFace,CBFace_1001/1-3.jpg,CBFace_1001/2-5.jpg
CBFace_1003,CBFace,CBFace_1003/1-4.jpg,CBFace_1003/2-6.jpg
CBFace_1007,CBFace,CBFace_1007/1-2.jpg,CBFace_1007/2-8.jpg
CBFace_1008,CBFace,CBFace_1008/1-8.jpg,CBFace_1008/2-11.jpg
CBFace_101,CBFace,CBFace_101/1-2.jpg,CBFace_101/2-5.jpg
CBFace_1010,CBFace,CBFace_1010/1-1.jpg,CBFace_1010/2-3.jpg
CBFace_1014,CBFace,CBFace_1014/1-1.jpg,CBFace_1014/2-7.jpg
CBFace_1015,CBFace,CBFace_1015/1-3.jpg,CBFace_1015/2-5.jpg
CBFace_1016,CBFace,CBFace_1016/1-8.jpg,CBFace_1016/2-9.jpg
CBFace_1019,CBFace,CBFace_1019/1-7.jpg,CBFace_1019/2-11.jpg
CBFace_102,CBFace,CBFace_102/1-1.jpg,CBFace_102/2-4.jpg
CBFace_1020,CBFace,CBFace_1020/1-6.jpg,CBFace_1020/2-9.jpg
CBFace_1021,CBFace,CBFace_1021/1-2.jpg,CBFace_1021/2-3.jpg
CBFace_1023,CBFace,CBFace_1023/1-5.jpg,CBFace_1023/2-10.jpg
CBFace_1024,CBFace,CBFace_1024/1-11.jpg,CBFace_1024/2-5.jpg
CBFace_103,CBFace,CBFace_103/1-10.jpg,CBFace_103/2-11.jpg
CBFace_1030,CBFace,CBFace_1030/1-3.jpg,CBFace_1030/2-10.jpg
CBFace_1031,CBFace,CBFace_1031/1-1.jpg,CBFace_1031/2-4.jpg
CBFace_1036,CBFace,CBFace_1036/1-1.jpg,CBFace_1036/2-7.jpg
CBFace_1037,CBFace,CBFace_1037/1-0.jpg,CBFace_1037/2-6.jpg
CBFace_1039,CBFace,CBFace_1039/1-5.jpg,CBFace_1039/2-7.jpg
CBFace_104,CBFace,CBFace_104/1-1.jpg,CBFace_104/2-2.jpg
CBFace_1040,CBFace,CBFace_1040/1-1.jpg,CBFace_1040/2-2.jpg
CBFace_1041,CBFace,CBFace_1041/1-1.jpg,CBFace_1041/2-6.jpg
CBFace_1042,CBFace,CBFace_1042/1-2.jpg,CBFace_1042/2-6.jpg
CBFace_1043,CBFace,CBFace_1043/1-8.jpg,CBFace_1043/2-7.jpg
CBFace_1044,CBFace,CBFace_1044/1-6.jpg,CBFace_1044/2-11.jpg
CBFace_1045,CBFace,CBFace_1045/1-4.jpg,CBFace_1045/2-8.jpg
CBFace_1047,CBFace,CBFace_1047/1-8.jpg,CBFace_1047/2-10.jpg
CBFace_1049,CBFace,CBFace_1049/1-8.jpg,CBFace_1049/2-10.jpg
CBFace_105,CBFace,CBFace_105/1-0.jpg,CBFace_105/2-9.jpg
CBFace_1051,CBFace,CBFace_1051/1-4.jpg,CBFace_1051/2-9.jpg
CBFace_1054,CBFace,CBFace_1054/1-1.jpg,CBFace_1054/2-3.jpg
CBFace_1055,CBFace,CBFace_1055/1-3.jpg,CBFace_1055/2-10.jpg
CBFace_1056,CBFace,CBFace_1056/1-3.jpg,CBFace_1056/2-10.jpg
CBFace_1057,CBFace,CBFace_1057/1-0.jpg,CBFace_1057/2-6.jpg
CBFace_1058,CBFace,CBFace_1058/1-1.jpg,CBFace_1058/2-8.jpg
CBFace_1059,CBFace,CBFace_1059/1-0.jpg,CBFace_1059/2-2.jpg
CBFace_106,CBFace,CBFace_106/1-6.jpg,CBFace_106/2-9.jpg
CBFace_1060,CBFace,CBFace_1060/1-9.jpg,CBFace_1060/2-11.jpg
CBFace_1061,CBFace,CBFace_1061/1-4.jpg,CBFace_1061/2-7.jpg
CBFace_1062,CBFace,CBFace_1062/1-1.jpg,CBFace_1062/2-5.jpg
CBFace_1063,CBFace,CBFace_1063/1-3.jpg,CBFace_1063/2-8.jpg
CBFace_1064,CBFace,CBFace_1064/1-0.jpg,CBFace_1064/2-2.jpg
CBFace_1065,CBFace,CBFace_1065/1-5.jpg,CBFace_1065/2-9.jpg
CBFace_1066,CBFace,CBFace_1066/1-4.jpg,CBFace_1066/2-8.jpg
CBFace_1067,CBFace,CBFace_1067/1-3.jpg,CBFace_1067/2-6.jpg
CBFace_1068,CBFace,CBFace_1068/1-1.jpg,CBFace_1068/2-3.jpg
CBFace_1069,CBFace,CBFace_1069/1-4.jpg,CBFace_1069/2-5.jpg
CBFace_107,CBFace,CBFace_107/1-2.jpg,CBFace_107/2-7.jpg
CBFace_1073,CBFace,CBFace_1073/1-2.jpg,CBFace_1073/2-8.jpg
CBFace_1075,CBFace,CBFace_1075/1-0.jpg,CBFace_1075/2-2.jpg
CBFace_1078,CBFace,CBFace_1078/1-0.jpg,CBFace_1078/2-4.jpg
CBFace_1079,CBFace,CBFace_1079/1-8.jpg,CBFace_1079/2-6.jpg
CBFace_108,CBFace,CBFace_108/1-10.jpg,CBFace_108/2-11.jpg
CBFace_1080,CBFace,CBFace_1080/1-1.jpg,CBFace_1080/2-10.jpg
CBFace_1082,CBFace,CBFace_1082/1-1.jpg,CBFace_1082/2-10.jpg
CBFace_1083,CBFace,CBFace_1083/1-2.jpg,CBFace_1083/2-7.jpg
CBFace_1086,CBFace,CBFace_1086/1-3.jpg,CBFace_1086/2-4.jpg
CBFace_1087,CBFace,CBFace_1087/1-3.jpg,CBFace_1087/2-0.jpg
CBFace_1088,CBFace,CBFace_1088/1-2.jpg,CBFace_1088/2-4.jpg
CBFace_109,CBFace,CBFace_109/1-6.jpg,CBFace_109/2-9.jpg
CBFace_1090,CBFace,CBFace_1090/1-3.jpg,CBFace_1090/2-9.jpg
CBFace_1091,CBFace,CBFace_1091/1-2.jpg,CBFace_1091/2-6.jpg
CBFace_1092,CBFace,CBFace_1092/1-0.jpg,CBFace_1092/2-10.jpg
CBFace_1093,CBFace,CBFace_1093/1-0.jpg,CBFace_1093/2-7.jpg
CBFace_1097,CBFace,CBFace_1097/1-4.jpg,CBFace_1097/2-7.jpg
CBFace_1098,CBFace,CBFace_1098/1-3.jpg,CBFace_1098/2-6.jpg
CBFace_11,CBFace,CBFace_11/1-11.jpg,CBFace_11/2-3.jpg
CBFace_1101,CBFace,CBFace_1101/1-8.jpg,CBFace_1101/2-6.jpg
CBFace_1102,CBFace,CBFace_1102/1-11.jpg,CBFace_1102/2-8.jpg
CBFace_1103,CBFace,CBFace_1103/1-3.jpg,CBFace_1103/2-9.jpg
CBFace_1104,CBFace,CBFace_1104/1-0.jpg,CBFace_1104/2-5.jpg
CBFace_1105,CBFace,CBFace_1105/1-4.jpg,CBFace_1105/2-11.jpg
CBFace_1107,CBFace,CBFace_1107/1-7.jpg,CBFace_1107/2-6.jpg
CBFace_1108,CBFace,CBFace_1108/1-11.jpg,CBFace_1108/2-2.jpg
CBFace_1109,CBFace,CBFace_1109/1-3.jpg,CBFace_1109/2-5.jpg
CBFace_111,CBFace,CBFace_111/1-1.jpg,CBFace_111/2-3.jpg
CBFace_1110,CBFace,CBFace_1110/1-3.jpg,CBFace_1110/2-4.jpg
CBFace_1111,CBFace,CBFace_1111/1-8.jpg,CBFace_1111/2-4.jpg
CBFace_1113,CBFace,CBFace_1113/1-3.jpg,CBFace_1113/2-11.jpg
CBFace_1115,CBFace,CBFace_1115/1-1.jpg,CBFace_1115/2-2.jpg
CBFace_1117,CBFace,CBFace_1117/1-8.jpg,CBFace_1117/2-6.jpg
CBFace_1118,CBFace,CBFace_1118/1-11.jpg,CBFace_1118/2-4.jpg
CBFace_1119,CBFace,CBFace_1119/1-2.jpg,CBFace_1119/2-6.jpg
CBFace_112,CBFace,CBFace_112/1-6.jpg,CBFace_112/2-4.jpg
CBFace_1121,CBFace,CBFace_1121/1-6.jpg,CBFace_1121/2-5.jpg
CBFace_1122,CBFace,CBFace_1122/1-3.jpg,CBFace_1122/2-7.jpg
CBFace_1123,CBFace,CBFace_1123/1-2.jpg,CBFace_1123/2-7.jpg
CBFace_1124,CBFace,CBFace_1124/1-2.jpg,CBFace_1124/2-7.jpg
CBFace_1128,CBFace,CBFace_1128/1-11.jpg,CBFace_1128/2-2.jpg
CBFace_1129,CBFace,CBFace_1129/1-9.jpg,CBFace_1129/2-0.jpg
CBFace_113,CBFace,CBFace_113/1-2.jpg,CBFace_113/2-3.jpg
CBFace_1130,CBFace,CBFace_1130/1-6.jpg,CBFace_1130/2-1.jpg
CBFace_1131,CBFace,CBFace_1131/1-2.jpg,CBFace_1131/2-1.jpg
CBFace_1132,CBFace,CBFace_1132/1-1.jpg,CBFace_1132/2-11.jpg
CBFace_1134,CBFace,CBFace_1134/1-2.jpg,CBFace_1134/2-6.jpg
CBFace_1137,CBFace,CBFace_1137/1-0.jpg,CBFace_1137/2-10.jpg
CBFace_1138,CBFace,CBFace_1138/1-4.jpg,CBFace_1138/2-1.jpg
CBFace_114,CBFace,CBFace_114/1-3.jpg,CBFace_114/2-11.jpg
CBFace_1140,CBFace,CBFace_1140/1-1.jpg,CBFace_1140/2-5.jpg
CBFace_1141,CBFace,CBFace_1141/1-9.jpg,CBFace_1141/2-2.jpg
CBFace_1142,CBFace,CBFace_1142/1-9.jpg,CBFace_1142/2-0.jpg
CBFace_1143,CBFace,CBFace_1143/1-6.jpg,CBFace_1143/2-7.jpg
CBFace_1144,CBFace,CBFace_1144/1-0.jpg,CBFace_1144/2-6.jpg
CBFace_1145,CBFace,CBFace_1145/1-8.jpg,CBFace_1145/2-2.jpg
CBFace_1146,CBFace,CBFace_1146/1-0.jpg,CBFace_1146/2-4.jpg
CBFace_1148,CBFace,CBFace_1148/1-6.jpg,CBFace_1148/2-5.jpg
CBFace_1149,CBFace,CBFace_1149/1-6.jpg,CBFace_1149/2-8.jpg
CBFace_115,CBFace,CBFace_115/1-10.jpg,CBFace_115/2-11.jpg
CBFace_1150,CBFace,CBFace_1150/1-0.jpg,CBFace_1150/2-11.jpg
CBFace_1151,CBFace,CBFace_1151/1-0.jpg,CBFace_1151/2-9.jpg
CBFace_1152,CBFace,CBFace_1152/1-11.jpg,CBFace_1152/2-0.jpg
CBFace_1153,CBFace,CBFace_1153/1-7.jpg,CBFace_1153/2-11.jpg
CBFace_1154,CBFace,CBFace_1154/1-1.jpg,CBFace_1154/2-7.jpg
CBFace_1155,CBFace,CBFace_1155/1-2.jpg,CBFace_1155/2-7.jpg
CBFace_1156,CBFace,CBFace_1156/1-7.jpg,CBFace_1156/2-6.jpg
CBFace_1157,CBFace,CBFace_1157/1-10.jpg,CBFace_1157/2-7.jpg
CBFace_1158,CBFace,CBFace_1158/1-3.jpg,CBFace_1158/2-9.jpg
CBFace_1159,CBFace,CBFace_1159/1-8.jpg,CBFace_1159/2-1.jpg
CBFace_116,CBFace,CBFace_116/1-5.jpg,CBFace_116/2-11.jpg
CBFace_1160,CBFace,CBFace_1160/1-7.jpg,CBFace_1160/2-6.jpg
CBFace_1161,CBFace,CBFace_1161/1-4.jpg,CBFace_1161/2-3.jpg
CBFace_1162,CBFace,CBFace_1162/1-2.jpg,CBFace_1162/2-9.jpg
CBFace_1163,CBFace,CBFace_1163/1-3.jpg,CBFace_1163/2-6.jpg
CBFace_1164,CBFace,CBFace_1164/1-8.jpg,CBFace_1164/2-11.jpg
CBFace_1165,CBFace,CBFace_1165/1-3.jpg,CBFace_1165/2-5.jpg
CBFace_1167,CBFace,CBFace_1167/1-2.jpg,CBFace_1167/2-8.jpg
CBFace_1168,CBFace,CBFace_1168/1-3.jpg,CBFace_1168/2-4.jpg
CBFace_1169,CBFace,CBFace_1169/1-10.jpg,CBFace_1169/2-8.jpg
CBFace_117,CBFace,CBFace_117/1-4.jpg,CBFace_117/2-5.jpg
CBFace_1170,CBFace,CBFace_1170/1-4.jpg,CBFace_1170/2-7.jpg
CBFace_1171,CBFace,CBFace_1171/1-1.jpg,CBFace_1171/2-6.jpg
CBFace_1172,CBFace,CBFace_1172/1-7.jpg,CBFace_1172/2-0.jpg
CBFace_1176,CBFace,CBFace_1176/1-11.jpg,CBFace_1176/2-3.jpg
CBFace_1177,CBFace,CBFace_1177/1-3.jpg,CBFace_1177/2-6.jpg
CBFace_1178,CBFace,CBFace_1178/1-3.jpg,CBFace_1178/2-10.jpg
CBFace_118,CBFace,CBFace_118/1-2.jpg,CBFace_118/2-6.jpg
CBFace_1180,CBFace,CBFace_1180/1-2.jpg,CBFace_1180/2-10.jpg
CBFace_1181,CBFace,CBFace_1181/1-1.jpg,CBFace_1181/2-8.jpg
CBFace_1182,CBFace,CBFace_1182/1-6.jpg,CBFace_1182/2-3.jpg
CBFace_1183,CBFace,CBFace_1183/1-10.jpg,CBFace_1183/2-9.jpg
CBFace_1184,CBFace,CBFace_1184/1-2.jpg,CBFace_1184/2-1.jpg
CBFace_1185,CBFace,CBFace_1185/1-4.jpg,CBFace_1185/2-2.jpg
CBFace_1187,CBFace,CBFace_1187/1-10.jpg,CBFace_1187/2-6.jpg
CBFace_1188,CBFace,CBFace_1188/1-8.jpg,CBFace_1188/2-6.jpg
CBFace_119,CBFace,CBFace_119/1-2.jpg,CBFace_119/2-8.jpg
CBFace_1190,CBFace,CBFace_1190/1-3.jpg,CBFace_1190/2-9.jpg
CBFace_1191,CBFace,CBFace_1191/1-1.jpg,CBFace_1191/2-4.jpg
CBFace_1192,CBFace,CBFace_1192/1-2.jpg,CBFace_1192/2-3.jpg
CBFace_1193,CBFace,CBFace_1193/1-4.jpg,CBFace_1193/2-0.jpg
CBFace_1194,CBFace,CBFace_1194/1-4.jpg,CBFace_1194/2-5.jpg
CBFace_1195,CBFace,CBFace_1195/1-6.jpg,CBFace_1195/2-9.jpg
CBFace_1196,CBFace,CBFace_1196/1-6.jpg,CBFace_1196/2-11.jpg
CBFace_1197,CBFace,CBFace_1197/1-7.jpg,CBFace_1197/2-1.jpg
CBFace_1198,CBFace,CBFace_1198/1-5.jpg,CBFace_1198/2-3.jpg
CBFace_12,CBFace,CBFace_12/1-5.jpg,CBFace_12/2-9.jpg
CBFace_1200,CBFace,CBFace_1200/1-0.jpg,CBFace_1200/2-5.jpg
CBFace_1202,CBFace,CBFace_1202/1-10.jpg,CBFace_1202/2-2.jpg
CBFace_1203,CBFace,CBFace_1203/1-2.jpg,CBFace_1203/2-3.jpg
CBFace_1204,CBFace,CBFace_1204/1-3.jpg,CBFace_1204/2-10.jpg
CBFace_1205,CBFace,CBFace_1205/1-4.jpg,CBFace_1205/2-5.jpg
CBFace_1206,CBFace,CBFace_1206/1-4.jpg,CBFace_1206/2-0.jpg
CBFace_1207,CBFace,CBFace_1207/1-7.jpg,CBFace_1207/2-0.jpg
CBFace_1208,CBFace,CBFace_1208/1-7.jpg,CBFace_1208/2-9.jpg
CBFace_121,CBFace,CBFace_121/1-2.jpg,CBFace_121/2-8.jpg
CBFace_1210,CBFace,CBFace_1210/1-8.jpg,CBFace_1210/2-9.jpg
CBFace_1211,CBFace,CBFace_1211/1-11.jpg,CBFace_1211/2-10.jpg
CBFace_1212,CBFace,CBFace_1212/1-0.jpg,CBFace_1212/2-4.jpg
CBFace_1213,CBFace,CBFace_1213/1-7.jpg,CBFace_1213/2-6.jpg
CBFace_1214,CBFace,CBFace_1214/1-3.jpg,CBFace_1214/2-5.jpg
CBFace_1215,CBFace,CBFace_1215/1-2.jpg,CBFace_1215/2-11.jpg
CBFace_1216,CBFace,CBFace_1216/1-1.jpg,CBFace_1216/2-0.jpg
CBFace_1217,CBFace,CBFace_1217/1-9.jpg,CBFace_1217/2-6.jpg
CBFace_1218,CBFace,CBFace_1218/1-10.jpg,CBFace_1218/2-8.jpg
CBFace_1219,CBFace,CBFace_1219/1-5.jpg,CBFace_1219/2-8.jpg
CBFace_122,CBFace,CBFace_122/1-2.jpg,CBFace_122/2-5.jpg
CBFace_1220,CBFace,CBFace_1220/1-0.jpg,CBFace_1220/2-11.jpg
CBFace_1222,CBFace,CBFace_1222/1-8.jpg,CBFace_1222/2-0.jpg
CBFace_1223,CBFace,CBFace_1223/1-8.jpg,CBFace_1223/2-6.jpg
CBFace_1224,CBFace,CBFace_1224/1-7.jpg,CBFace_1224/2-3.jpg
CBFace_1227,CBFace,CBFace_1227/1-6.jpg,CBFace_1227/2-11.jpg
CBFace_1229,CBFace,CBFace_1229/1-1.jpg,CBFace_1229/2-6.jpg
CBFace_123,CBFace,CBFace_123/1-8.jpg,CBFace_123/2-10.jpg
CBFace_1230,CBFace,CBFace_1230/1-0.jpg,CBFace_1230/2-9.jpg
CBFace_1231,CBFace,CBFace_1231/1-7.jpg,CBFace_1231/2-4.jpg
CBFace_1232,CBFace,CBFace_1232/1-3.jpg,CBFace_1232/2-6.jpg
CBFace_1234,CBFace,CBFace_1234/1-8.jpg,CBFace_1234/2-6.jpg
CBFace_1235,CBFace,CBFace_1235/1-9.jpg,CBFace_1235/2-10.jpg
CBFace_1236,CBFace,CBFace_1236/1-0.jpg,CBFace_1236/2-9.jpg
CBFace_1237,CBFace,CBFace_1237/1-4.jpg,CBFace_1237/2-5.jpg
CBFace_1238,CBFace,CBFace_1238/1-3.jpg,CBFace_1238/2-9.jpg
CBFace_124,CBFace,CBFace_124/1-2.jpg,CBFace_124/2-3.jpg
CBFace_1240,CBFace,CBFace_1240/1-4.jpg,CBFace_1240/2-8.jpg
CBFace_1241,CBFace,CBFace_1241/1-2.jpg,CBFace_1241/2-6.jpg
CBFace_1243,CBFace,CBFace_1243/1-2.jpg,CBFace_1243/2-3.jpg
CBFace_1244,CBFace,CBFace_1244/1-11.jpg,CBFace_1244/2-4.jpg
CBFace_1245,CBFace,CBFace_1245/1-6.jpg,CBFace_1245/2-2.jpg
CBFace_1246,CBFace,CBFace_1246/1-9.jpg,CBFace_1246/2-5.jpg
CBFace_1247,CBFace,CBFace_1247/1-3.jpg,CBFace_1247/2-11.jpg
CBFace_1248,CBFace,CBFace_1248/1-3.jpg,CBFace_1248/2-9.jpg
CBFace_1249,CBFace,CBFace_1249/1-11.jpg,CBFace_1249/2-5.jpg
CBFace_125,CBFace,CBFace_125/1-5.jpg,CBFace_125/2-7.jpg
CBFace_1250,CBFace,CBFace_1250/1-11.jpg,CBFace_1250/2-10.jpg
CBFace_1251,CBFace,CBFace_1251/1-10.jpg,CBFace_1251/2-9.jpg
CBFace_1253,CBFace,CBFace_1253/1-0.jpg,CBFace_1253/2-11.jpg
CBFace_1254,CBFace,CBFace_1254/1-1.jpg,CBFace_1254/2-4.jpg
CBFace_1257,CBFace,CBFace_1257/1-0.jpg,CBFace_1257/2-3.jpg
CBFace_1259,CBFace,CBFace_1259/1-4.jpg,CBFace_1259/2-9.jpg
CBFace_126,CBFace,CBFace_126/1-1.jpg,CBFace_126/2-6.jpg
CBFace_1260,CBFace,CBFace_1260/1-5.jpg,CBFace_1260/2-2.jpg
CBFace_1261,CBFace,CBFace_1261/1-5.jpg,CBFace_1261/2-11.jpg
CBFace_1262,CBFace,CBFace_1262/1-0.jpg,CBFace_1262/2-9.jpg
CBFace_1264,CBFace,CBFace_1264/1-8.jpg,CBFace_1264/2-10.jpg
CBFace_1265,CBFace,CBFace_1265/1-11.jpg,CBFace_1265/2-8.jpg
CBFace_1266,CBFace,CBFace_1266/1-10.jpg,CBFace_1266/2-11.jpg
CBFace_1267,CBFace,CBFace_1267/1-10.jpg,CBFace_1267/2-1.jpg
CBFace_1268,CBFace,CBFace_1268/1-6.jpg,CBFace_1268/2-0.jpg
CBFace_1269,CBFace,CBFace_1269/1-8.jpg,CBFace_1269/2-9.jpg
CBFace_127,CBFace,CBFace_127/1-4.jpg,CBFace_127/2-8.jpg
CBFace_1271,CBFace,CBFace_1271/1-3.jpg,CBFace_1271/2-4.jpg
CBFace_1272,CBFace,CBFace_1272/1-9.jpg,CBFace_1272/2-11.jpg
CBFace_1273,CBFace,CBFace_1273/1-11.jpg,CBFace_1273/2-1.jpg
CBFace_1274,CBFace,CBFace_1274/1-1.jpg,CBFace_1274/2-11.jpg
CBFace_1275,CBFace,CBFace_1275/1-2.jpg,CBFace_1275/2-1.jpg
CBFace_1276,CBFace,CBFace_1276/1-9.jpg,CBFace_1276/2-6.jpg
CBFace_1277,CBFace,CBFace_1277/1-10.jpg,CBFace_1277/2-4.jpg
CBFace_1278,CBFace,CBFace_1278/1-8.jpg,CBFace_1278/2-7.jpg
CBFace_1279,CBFace,CBFace_1279/1-1.jpg,CBFace_1279/2-9.jpg
CBFace_128,CBFace,CBFace_128/1-1.jpg,CBFace_128/2-7.jpg
CBFace_1280,CBFace,CBFace_1280/1-1.jpg,CBFace_1280/2-7.jpg
CBFace_1281,CBFace,CBFace_1281/1-9.jpg,CBFace_1281/2-5.jpg
CBFace_1282,CBFace,CBFace_1282/1-8.jpg,CBFace_1282/2-9.jpg
CBFace_1283,CBFace,CBFace_1283/1-2.jpg,CBFace_1283/2-5.jpg
CBFace_1284,CBFace,CBFace_1284/1-10.jpg,CBFace_1284/2-7.jpg
CBFace_1285,CBFace,CBFace_1285/1-6.jpg,CBFace_1285/2-10.jpg
CBFace_1286,CBFace,CBFace_1286/1-11.jpg,CBFace_1286/2-6.jpg
CBFace_1287,CBFace,CBFace_1287/1-7.jpg,CBFace_1287/2-8.jpg
CBFace_1288,CBFace,CBFace_1288/1-1.jpg,CBFace_1288/2-4.jpg
CBFace_1289,CBFace,CBFace_1289/1-7.jpg,CBFace_1289/2-6.jpg
CBFace_129,CBFace,CBFace_129/1-5.jpg,CBFace_129/2-10.jpg
CBFace_1290,CBFace,CBFace_1290/1-4.jpg,CBFace_1290/2-1.jpg
CBFace_1291,CBFace,CBFace_1291/1-11.jpg,CBFace_1291/2-5.jpg
CBFace_1295,CBFace,CBFace_1295/1-3.jpg,CBFace_1295/2-6.jpg
CBFace_1296,CBFace,CBFace_1296/1-8.jpg,CBFace_1296/2-6.jpg
CBFace_1297,CBFace,CBFace_1297/1-9.jpg,CBFace_1297/2-11.jpg
CBFace_1299,CBFace,CBFace_1299/1-7.jpg,CBFace_1299/2-6.jpg
CBFace_13,CBFace,CBFace_13/1-1.jpg,CBFace_13/2-5.jpg
CBFace_130,CBFace,CBFace_130/1-4.jpg,CBFace_130/2-3.jpg
CBFace_1300,CBFace,CBFace_1300/1-2.jpg,CBFace_1300/2-8.jpg
CBFace_1301,CBFace,CBFace_1301/1-10.jpg,CBFace_1301/2-7.jpg
CBFace_1302,CBFace,CBFace_1302/1-11.jpg,CBFace_1302/2-1.jpg
CBFace_1303,CBFace,CBFace_1303/1-9.jpg,CBFace_1303/2-7.jpg
CBFace_1304,CBFace,CBFace_1304/1-6.jpg,CBFace_1304/2-3.jpg
CBFace_1305,CBFace,CBFace_1305/1-10.jpg,CBFace_1305/2-3.jpg
CBFace_1306,CBFace,CBFace_1306/1-0.jpg,CBFace_1306/2-2.jpg
CBFace_1307,CBFace,CBFace_1307/1-0.jpg,CBFace_1307/2-6.jpg
CBFace_1308,CBFace,CBFace_1308/1-1.jpg,CBFace_1308/2-3.jpg
CBFace_1309,CBFace,CBFace_1309/1-5.jpg,CBFace_1309/2-2.jpg
CBFace_131,CBFace,CBFace_131/1-11.jpg,CBFace_131/2-9.jpg
CBFace_1310,CBFace,CBFace_1310/1-5.jpg,CBFace_1310/2-7.jpg
CBFace_1311,CBFace,CBFace_1311/1-3.jpg,CBFace_1311/2-6.jpg
CBFace_1312,CBFace,CBFace_1312/1-2.jpg,CBFace_1312/2-6.jpg
CBFace_1313,CBFace,CBFace_1313/1-6.jpg,CBFace_1313/2-7.jpg
CBFace_1314,CBFace,CBFace_1314/1-1.jpg,CBFace_1314/2-10.jpg
CBFace_1316,CBFace,CBFace_1316/1-2.jpg,CBFace_1316/2-1.jpg
CBFace_1317,CBFace,CBFace_1317/1-9.jpg,CBFace_1317/2-4.jpg
CBFace_1318,CBFace,CBFace_1318/1-7.jpg,CBFace_1318/2-3.jpg
CBFace_132,CBFace,CBFace_132/1-3.jpg,CBFace_132/2-11.jpg
CBFace_1320,CBFace,CBFace_1320/1-8.jpg,CBFace_1320/2-6.jpg
CBFace_1321,CBFace,CBFace_1321/1-10.jpg,CBFace_1321/2-5.jpg
CBFace_1322,CBFace,CBFace_1322/1-4.jpg,CBFace_1322/2-8.jpg
CBFace_1323,CBFace,CBFace_1323/1-7.jpg,CBFace_1323/2-0.jpg
CBFace_1325,CBFace,CBFace_1325/1-8.jpg,CBFace_1325/2-3.jpg
CBFace_1326,CBFace,CBFace_1326/1-7.jpg,CBFace_1326/2-10.jpg
CBFace_1328,CBFace,CBFace_1328/1-6.jpg,CBFace_1328/2-2.jpg
CBFace_1329,CBFace,CBFace_1329/1-8.jpg,CBFace_1329/2-0.jpg
CBFace_133,CBFace,CBFace_133/1-9.jpg,CBFace_133/2-4.jpg
CBFace_1330,CBFace,CBFace_1330/1-3.jpg,CBFace_1330/2-10.jpg
CBFace_1331,CBFace,CBFace_1331/1-0.jpg,CBFace_1331/2-11.jpg
CBFace_1332,CBFace,CBFace_1332/1-7.jpg,CBFace_1332/2-11.jpg
CBFace_1335,CBFace,CBFace_1335/1-0.jpg,CBFace_1335/2-5.jpg
CBFace_1336,CBFace,CBFace_1336/1-3.jpg,CBFace_1336/2-8.jpg
CBFace_134,CBFace,CBFace_134/1-2.jpg,CBFace_134/2-1.jpg
CBFace_1341,CBFace,CBFace_1341/1-2.jpg,CBFace_1341/2-11.jpg
CBFace_1342,CBFace,CBFace_1342/1-7.jpg,CBFace_1342/2-1.jpg
CBFace_1343,CBFace,CBFace_1343/1-6.jpg,CBFace_1343/2-10.jpg
CBFace_1346,CBFace,CBFace_1346/1-0.jpg,CBFace_1346/2-11.jpg
CBFace_1348,CBFace,CBFace_1348/1-11.jpg,CBFace_1348/2-9.jpg
CBFace_1349,CBFace,CBFace_1349/1-1.jpg,CBFace_1349/2-7.jpg
CBFace_135,CBFace,CBFace_135/1-11.jpg,CBFace_135/2-10.jpg
CBFace_1350,CBFace,CBFace_1350/1-10.jpg,CBFace_1350/2-0.jpg
CBFace_1351,CBFace,CBFace_1351/1-3.jpg,CBFace_1351/2-4.jpg
CBFace_1354,CBFace,CBFace_1354/1-4.jpg,CBFace_1354/2-5.jpg
CBFace_1357,CBFace,CBFace_1357/1-3.jpg,CBFace_1357/2-8.jpg
CBFace_1358,CBFace,CBFace_1358/1-6.jpg,CBFace_1358/2-8.jpg
CBFace_1359,CBFace,CBFace_1359/1-2.jpg,CBFace_1359/2-10.jpg
CBFace_136,CBFace,CBFace_136/1-1.jpg,CBFace_136/2-7.jpg
CBFace_1361,CBFace,CBFace_1361/1-1.jpg,CBFace_1361/2-7.jpg
CBFace_1362,CBFace,CBFace_1362/1-3.jpg,CBFace_1362/2-4.jpg
CBFace_1363,CBFace,CBFace_1363/1-0.jpg,CBFace_1363/2-8.jpg
CBFace_1364,CBFace,CBFace_1364/1-3.jpg,CBFace_1364/2-10.jpg
CBFace_1366,CBFace,CBFace_1366/1-8.jpg,CBFace_1366/2-10.jpg
CBFace_1367,CBFace,CBFace_1367/1-3.jpg,CBFace_1367/2-1.jpg
CBFace_1368,CBFace,CBFace_1368/1-2.jpg,CBFace_1368/2-11.jpg
CBFace_137,CBFace,CBFace_137/1-7.jpg,CBFace_137/2-11.jpg
CBFace_1370,CBFace,CBFace_1370/1-7.jpg,CBFace_1370/2-3.jpg
CBFace_1373,CBFace,CBFace_1373/1-5.jpg,CBFace_1373/2-8.jpg
CBFace_1374,CBFace,CBFace_1374/1-11.jpg,CBFace_1374/2-9.jpg
CBFace_1375,CBFace,CBFace_1375/1-2.jpg,CBFace_1375/2-3.jpg
CBFace_1376,CBFace,CBFace_1376/1-2.jpg,CBFace_1376/2-9.jpg
CBFace_1377,CBFace,CBFace_1377/1-8.jpg,CBFace_1377/2-7.jpg
CBFace_1378,CBFace,CBFace_1378/1-9.jpg,CBFace_1378/2-6.jpg
CBFace_1379,CBFace,CBFace_1379/1-11.jpg,CBFace_1379/2-10.jpg
CBFace_138,CBFace,CBFace_138/1-9.jpg,CBFace_138/2-2.jpg
CBFace_1380,CBFace,CBFace_1380/1-0.jpg,CBFace_1380/2-11.jpg
CBFace_1382,CBFace,CBFace_1382/1-7.jpg,CBFace_1382/2-8.jpg
CBFace_1383,CBFace,CBFace_1383/1-11.jpg,CBFace_1383/2-3.jpg
CBFace_1384,CBFace,CBFace_1384/1-11.jpg,CBFace_1384/2-4.jpg
CBFace_1386,CBFace,CBFace_1386/1-3.jpg,CBFace_1386/2-5.jpg
CBFace_1387,CBFace,CBFace_1387/1-8.jpg,CBFace_1387/2-11.jpg
CBFace_1389,CBFace,CBFace_1389/1-4.jpg,CBFace_1389/2-2.jpg
CBFace_139,CBFace,CBFace_139/1-3.jpg,CBFace_139/2-4.jpg
CBFace_1390,CBFace,CBFace_1390/1-2.jpg,CBFace_1390/2-0.jpg
CBFace_1392,CBFace,CBFace_1392/1-7.jpg,CBFace_1392/2-5.jpg
CBFace_1393,CBFace,CBFace_1393/1-7.jpg,CBFace_1393/2-9.jpg
CBFace_1394,CBFace,CBFace_1394/1-0.jpg,CBFace_1394/2-8.jpg
CBFace_1395,CBFace,CBFace_1395/1-8.jpg,CBFace_1395/2-3.jpg
CBFace_1396,CBFace,CBFace_1396/1-3.jpg,CBFace_1396/2-8.jpg
CBFace_1397,CBFace,CBFace_1397/1-6.jpg,CBFace_1397/2-11.jpg
CBFace_1398,CBFace,CBFace_1398/1-10.jpg,CBFace_1398/2-6.jpg
CBFace_1399,CBFace,CBFace_1399/1-1.jpg,CBFace_1399/2-3.jpg
CBFace_14,CBFace,CBFace_14/1-5.jpg,CBFace_14/2-0.jpg
CBFace_140,CBFace,CBFace_140/1-3.jpg,CBFace_140/2-8.jpg
CBFace_1401,CBFace,CBFace_1401/1-9.jpg,CBFace_1401/2-7.jpg
CBFace_1402,CBFace,CBFace_1402/1-0.jpg,CBFace_1402/2-3.jpg
CBFace_1403,CBFace,CBFace_1403/1-1.jpg,CBFace_1403/2-5.jpg
CBFace_1404,CBFace,CBFace_1404/1-0.jpg,CBFace_1404/2-2.jpg
CBFace_1405,CBFace,CBFace_1405/1-7.jpg,CBFace_1405/2-4.jpg
CBFace_1406,CBFace,CBFace_1406/1-5.jpg,CBFace_1406/2-1.jpg
CBFace_1407,CBFace,CBFace_1407/1-2.jpg,CBFace_1407/2-10.jpg
CBFace_1408,CBFace,CBFace_1408/1-11.jpg,CBFace_1408/2-3.jpg
CBFace_1409,CBFace,CBFace_1409/1-2.jpg,CBFace_1409/2-3.jpg
CBFace_141,CBFace,CBFace_141/1-8.jpg,CBFace_141/2-6.jpg
CBFace_1410,CBFace,CBFace_1410/1-3.jpg,CBFace_1410/2-8.jpg
CBFace_1411,CBFace,CBFace_1411/1-6.jpg,CBFace_1411/2-1.jpg
CBFace_1413,CBFace,CBFace_1413/1-8.jpg,CBFace_1413/2-10.jpg
CBFace_1414,CBFace,CBFace_1414/1-0.jpg,CBFace_1414/2-2.jpg
CBFace_1415,CBFace,CBFace_1415/1-2.jpg,CBFace_1415/2-3.jpg
CBFace_1416,CBFace,CBFace_1416/1-5.jpg,CBFace_1416/2-8.jpg
CBFace_1417,CBFace,CBFace_1417/1-9.jpg,CBFace_1417/2-1.jpg
CBFace_142,CBFace,CBFace_142/1-1.jpg,CBFace_142/2-2.jpg
CBFace_1420,CBFace,CBFace_1420/1-0.jpg,CBFace_1420/2-10.jpg
CBFace_1421,CBFace,CBFace_1421/1-3.jpg,CBFace_1421/2-9.jpg
CBFace_1422,CBFace,CBFace_1422/1-8.jpg,CBFace_1422/2-1.jpg
CBFace_1423,CBFace,CBFace_1423/1-5.jpg,CBFace_1423/2-7.jpg
CBFace_1426,CBFace,CBFace_1426/1-4.jpg,CBFace_1426/2-9.jpg
CBFace_1427,CBFace,CBFace_1427/1-6.jpg,CBFace_1427/2-9.jpg
CBFace_1428,CBFace,CBFace_1428/1-8.jpg,CBFace_1428/2-9.jpg
CBFace_1429,CBFace,CBFace_1429/1-5.jpg,CBFace_1429/2-1.jpg
CBFace_143,CBFace,CBFace_143/1-11.jpg,CBFace_143/2-5.jpg
CBFace_1430,CBFace,CBFace_1430/1-3.jpg,CBFace_1430/2-7.jpg
CBFace_1431,CBFace,CBFace_1431/1-11.jpg,CBFace_1431/2-6.jpg
CBFace_1432,CBFace,CBFace_1432/1-3.jpg,CBFace_1432/2-9.jpg
CBFace_1433,CBFace,CBFace_1433/1-1.jpg,CBFace_1433/2-2.jpg
CBFace_1434,CBFace,CBFace_1434/1-10.jpg,CBFace_1434/2-3.jpg
CBFace_1435,CBFace,CBFace_1435/1-1.jpg,CBFace_1435/2-11.jpg
CBFace_1436,CBFace,CBFace_1436/1-7.jpg,CBFace_1436/2-5.jpg
CBFace_1439,CBFace,CBFace_1439/1-11.jpg,CBFace_1439/2-10.jpg
CBFace_144,CBFace,CBFace_144/1-7.jpg,CBFace_144/2-6.jpg
CBFace_1440,CBFace,CBFace_1440/1-10.jpg,CBFace_1440/2-9.jpg
CBFace_1441,CBFace,CBFace_1441/1-5.jpg,CBFace_1441/2-9.jpg
CBFace_1442,CBFace,CBFace_1442/1-8.jpg,CBFace_1442/2-5.jpg
CBFace_1444,CBFace,CBFace_1444/1-8.jpg,CBFace_1444/2-0.jpg
CBFace_1445,CBFace,CBFace_1445/1-2.jpg,CBFace_1445/2-9.jpg
CBFace_1446,CBFace,CBFace_1446/1-2.jpg,CBFace_1446/2-4.jpg
CBFace_1447,CBFace,CBFace_1447/1-1.jpg,CBFace_1447/2-3.jpg
CBFace_1448,CBFace,CBFace_1448/1-4.jpg,CBFace_1448/2-1.jpg
CBFace_1449,CBFace,CBFace_1449/1-10.jpg,CBFace_1449/2-7.jpg
CBFace_145,CBFace,CBFace_145/1-6.jpg,CBFace_145/2-5.jpg
CBFace_1451,CBFace,CBFace_1451/1-0.jpg,CBFace_1451/2-7.jpg
CBFace_1452,CBFace,CBFace_1452/1-6.jpg,CBFace_1452/2-9.jpg
CBFace_1453,CBFace,CBFace_1453/1-5.jpg,CBFace_1453/2-9.jpg
CBFace_1454,CBFace,CBFace_1454/1-3.jpg,CBFace_1454/2-8.jpg
CBFace_1455,CBFace,CBFace_1455/1-0.jpg,CBFace_1455/2-2.jpg
CBFace_1456,CBFace,CBFace_1456/1-3.jpg,CBFace_1456/2-6.jpg
CBFace_1457,CBFace,CBFace_1457/1-0.jpg,CBFace_1457/2-9.jpg
CBFace_1459,CBFace,CBFace_1459/1-6.jpg,CBFace_1459/2-9.jpg
CBFace_146,CBFace,CBFace_146/1-4.jpg,CBFace_146/2-5.jpg
CBFace_1460,CBFace,CBFace_1460/1-2.jpg,CBFace_1460/2-0.jpg
CBFace_1461,CBFace,CBFace_1461/1-2.jpg,CBFace_1461/2-3.jpg
CBFace_1462,CBFace,CBFace_1462/1-8.jpg,CBFace_1462/2-1.jpg
CBFace_1463,CBFace,CBFace_1463/1-10.jpg,CBFace_1463/2-11.jpg
CBFace_1464,CBFace,CBFace_1464/1-10.jpg,CBFace_1464/2-0.jpg
CBFace_1465,CBFace,CBFace_1465/1-10.jpg,CBFace_1465/2-9.jpg
CBFace_1466,CBFace,CBFace_1466/1-5.jpg,CBFace_1466/2-4.jpg
CBFace_1467,CBFace,CBFace_1467/1-3.jpg,CBFace_1467/2-4.jpg
CBFace_1468,CBFace,CBFace_1468/1-6.jpg,CBFace_1468/2-8.jpg
CBFace_1469,CBFace,CBFace_1469/1-0.jpg,CBFace_1469/2-11.jpg
CBFace_147,CBFace,CBFace_147/1-3.jpg,CBFace_147/2-4.jpg
CBFace_1471,CBFace,CBFace_1471/1-8.jpg,CBFace_1471/2-2.jpg
CBFace_1473,CBFace,CBFace_1473/1-1.jpg,CBFace_1473/2-4.jpg
CBFace_1474,CBFace,CBFace_1474/1-0.jpg,CBFace_1474/2-5.jpg
CBFace_1475,CBFace,CBFace_1475/1-5.jpg,CBFace_1475/2-9.jpg
CBFace_1476,CBFace,CBFace_1476/1-0.jpg,CBFace_1476/2-6.jpg
CBFace_1477,CBFace,CBFace_1477/1-1.jpg,CBFace_1477/2-5.jpg
CBFace_1478,CBFace,CBFace_1478/1-1.jpg,CBFace_1478/2-3.jpg
CBFace_148,CBFace,CBFace_148/1-3.jpg,CBFace_148/2-11.jpg
CBFace_1480,CBFace,CBFace_1480/1-0.jpg,CBFace_1480/2-10.jpg
CBFace_1481,CBFace,CBFace_1481/1-3.jpg,CBFace_1481/2-8.jpg
CBFace_1483,CBFace,CBFace_1483/1-10.jpg,CBFace_1483/2-11.jpg
CBFace_1484,CBFace,CBFace_1484/1-1.jpg,CBFace_1484/2-10.jpg
CBFace_1485,CBFace,CBFace_1485/1-11.jpg,CBFace_1485/2-7.jpg
CBFace_1486,CBFace,CBFace_1486/1-11.jpg,CBFace_1486/2-10.jpg
CBFace_1487,CBFace,CBFace_1487/1-8.jpg,CBFace_1487/2-2.jpg
CBFace_1488,CBFace,CBFace_1488/1-0.jpg,CBFace_1488/2-10.jpg
CBFace_1489,CBFace,CBFace_1489/1-7.jpg,CBFace_1489/2-5.jpg
CBFace_149,CBFace,CBFace_149/1-0.jpg,CBFace_149/2-1.jpg
CBFace_1490,CBFace,CBFace_1490/1-3.jpg,CBFace_1490/2-1.jpg
CBFace_1493,CBFace,CBFace_1493/1-3.jpg,CBFace_1493/2-11.jpg
CBFace_1494,CBFace,CBFace_1494/1-11.jpg,CBFace_1494/2-4.jpg
CBFace_1495,CBFace,CBFace_1495/1-5.jpg,CBFace_1495/2-0.jpg
CBFace_1497,CBFace,CBFace_1497/1-5.jpg,CBFace_1497/2-9.jpg
CBFace_1498,CBFace,CBFace_1498/1-2.jpg,CBFace_1498/2-11.jpg
CBFace_1499,CBFace,CBFace_1499/1-6.jpg,CBFace_1499/2-9.jpg
CBFace_15,CBFace,CBFace_15/1-9.jpg,CBFace_15/2-1.jpg
CBFace_150,CBFace,CBFace_150/1-10.jpg,CBFace_150/2-11.jpg
CBFace_1500,CBFace,CBFace_1500/1-6.jpg,CBFace_1500/2-0.jpg
CBFace_1501,CBFace,CBFace_1501/1-3.jpg,CBFace_1501/2-8.jpg
CBFace_1504,CBFace,CBFace_1504/1-8.jpg,CBFace_1504/2-9.jpg
CBFace_1506,CBFace,CBFace_1506/1-3.jpg,CBFace_1506/2-1.jpg
CBFace_1508,CBFace,CBFace_1508/1-7.jpg,CBFace_1508/2-4.jpg
CBFace_1509,CBFace,CBFace_1509/1-8.jpg,CBFace_1509/2-11.jpg
CBFace_151,CBFace,CBFace_151/1-8.jpg,CBFace_151/2-11.jpg
CBFace_1510,CBFace,CBFace_1510/1-4.jpg,CBFace_1510/2-0.jpg
CBFace_1511,CBFace,CBFace_1511/1-7.jpg,CBFace_1511/2-6.jpg
CBFace_1513,CBFace,CBFace_1513/1-2.jpg,CBFace_1513/2-1.jpg
CBFace_1514,CBFace,CBFace_1514/1-1.jpg,CBFace_1514/2-2.jpg
CBFace_1515,CBFace,CBFace_1515/1-1.jpg,CBFace_1515/2-5.jpg
CBFace_1517,CBFace,CBFace_1517/1-3.jpg,CBFace_1517/2-2.jpg
CBFace_1518,CBFace,CBFace_1518/1-11.jpg,CBFace_1518/2-9.jpg
CBFace_152,CBFace,CBFace_152/1-1.jpg,CBFace_152/2-10.jpg
CBFace_1520,CBFace,CBFace_1520/1-7.jpg,CBFace_1520/2-9.jpg
CBFace_1521,CBFace,CBFace_1521/1-4.jpg,CBFace_1521/2-8.jpg
CBFace_1522,CBFace,CBFace_1522/1-8.jpg,CBFace_1522/2-7.jpg
CBFace_1523,CBFace,CBFace_1523/1-8.jpg,CBFace_1523/2-3.jpg
CBFace_1524,CBFace,CBFace_1524/1-3.jpg,CBFace_1524/2-0.jpg
CBFace_1525,CBFace,CBFace_1525/1-3.jpg,CBFace_1525/2-7.jpg
CBFace_1526,CBFace,CBFace_1526/1-3.jpg,CBFace_1526/2-6.jpg
CBFace_1527,CBFace,CBFace_1527/1-7.jpg,CBFace_1527/2-8.jpg
CBFace_1528,CBFace,CBFace_1528/1-4.jpg,CBFace_1528/2-7.jpg
CBFace_1529,CBFace,CBFace_1529/1-11.jpg,CBFace_1529/2-8.jpg
CBFace_153,CBFace,CBFace_153/1-3.jpg,CBFace_153/2-8.jpg
CBFace_1530,CBFace,CBFace_1530/1-0.jpg,CBFace_1530/2-11.jpg
CBFace_1531,CBFace,CBFace_1531/1-2.jpg,CBFace_1531/2-3.jpg
CBFace_1532,CBFace,CBFace_1532/1-5.jpg,CBFace_1532/2-9.jpg
CBFace_1533,CBFace,CBFace_1533/1-2.jpg,CBFace_1533/2-9.jpg
CBFace_1534,CBFace,CBFace_1534/1-10.jpg,CBFace_1534/2-11.jpg
CBFace_1535,CBFace,CBFace_1535/1-4.jpg,CBFace_1535/2-9.jpg
CBFace_1536,CBFace,CBFace_1536/1-1.jpg,CBFace_1536/2-4.jpg
CBFace_1537,CBFace,CBFace_1537/1-11.jpg,CBFace_1537/2-1.jpg
CBFace_1538,CBFace,CBFace_1538/1-11.jpg,CBFace_1538/2-0.jpg
CBFace_154,CBFace,CBFace_154/1-4.jpg,CBFace_154/2-2.jpg
CBFace_1540,CBFace,CBFace_1540/1-3.jpg,CBFace_1540/2-6.jpg
CBFace_1541,CBFace,CBFace_1541/1-5.jpg,CBFace_1541/2-4.jpg
CBFace_1542,CBFace,CBFace_1542/1-7.jpg,CBFace_1542/2-5.jpg
CBFace_1543,CBFace,CBFace_1543/1-0.jpg,CBFace_1543/2-10.jpg
CBFace_1544,CBFace,CBFace_1544/1-8.jpg,CBFace_1544/2-7.jpg
CBFace_1545,CBFace,CBFace_1545/1-2.jpg,CBFace_1545/2-10.jpg
CBFace_1548,CBFace,CBFace_1548/1-4.jpg,CBFace_1548/2-5.jpg
CBFace_1549,CBFace,CBFace_1549/1-9.jpg,CBFace_1549/2-4.jpg
CBFace_155,CBFace,CBFace_155/1-11.jpg,CBFace_155/2-2.jpg
CBFace_1550,CBFace,CBFace_1550/1-3.jpg,CBFace_1550/2-9.jpg
CBFace_1551,CBFace,CBFace_1551/1-5.jpg,CBFace_1551/2-7.jpg
CBFace_1552,CBFace,CBFace_1552/1-9.jpg,CBFace_1552/2-3.jpg
CBFace_1553,CBFace,CBFace_1553/1-0.jpg,CBFace_1553/2-5.jpg
CBFace_1555,CBFace,CBFace_1555/1-5.jpg,CBFace_1555/2-9.jpg
CBFace_1557,CBFace,CBFace_1557/1-1.jpg,CBFace_1557/2-6.jpg
CBFace_1559,CBFace,CBFace_1559/1-11.jpg,CBFace_1559/2-4.jpg
CBFace_156,CBFace,CBFace_156/1-2.jpg,CBFace_156/2-7.jpg
CBFace_1560,CBFace,CBFace_1560/1-5.jpg,CBFace_1560/2-1.jpg
CBFace_1561,CBFace,CBFace_1561/1-1.jpg,CBFace_1561/2-8.jpg
CBFace_1562,CBFace,CBFace_1562/1-11.jpg,CBFace_1562/2-7.jpg
CBFace_1563,CBFace,CBFace_1563/1-6.jpg,CBFace_1563/2-10.jpg
CBFace_1564,CBFace,CBFace_1564/1-10.jpg,CBFace_1564/2-6.jpg
CBFace_1565,CBFace,CBFace_1565/1-0.jpg,CBFace_1565/2-4.jpg
CBFace_1567,CBFace,CBFace_1567/1-7.jpg,CBFace_1567/2-8.jpg
CBFace_1569,CBFace,CBFace_1569/1-5.jpg,CBFace_1569/2-1.jpg
CBFace_157,CBFace,CBFace_157/1-10.jpg,CBFace_157/2-8.jpg
CBFace_1570,CBFace,CBFace_1570/1-2.jpg,CBFace_1570/2-10.jpg
CBFace_1571,CBFace,CBFace_1571/1-0.jpg,CBFace_1571/2-2.jpg
CBFace_1572,CBFace,CBFace_1572/1-6.jpg,CBFace_1572/2-7.jpg
CBFace_1573,CBFace,CBFace_1573/1-6.jpg,CBFace_1573/2-4.jpg
CBFace_1574,CBFace,CBFace_1574/1-2.jpg,CBFace_1574/2-3.jpg
CBFace_1575,CBFace,CBFace_1575/1-8.jpg,CBFace_1575/2-11.jpg
CBFace_1576,CBFace,CBFace_1576/1-10.jpg,CBFace_1576/2-9.jpg
CBFace_1577,CBFace,CBFace_1577/1-7.jpg,CBFace_1577/2-9.jpg
CBFace_1578,CBFace,CBFace_1578/1-5.jpg,CBFace_1578/2-7.jpg
CBFace_1579,CBFace,CBFace_1579/1-5.jpg,CBFace_1579/2-0.jpg
CBFace_158,CBFace,CBFace_158/1-6.jpg,CBFace_158/2-10.jpg
CBFace_1581,CBFace,CBFace_1581/1-3.jpg,CBFace_1581/2-10.jpg
CBFace_1582,CBFace,CBFace_1582/1-5.jpg,CBFace_1582/2-1.jpg
CBFace_1583,CBFace,CBFace_1583/1-0.jpg,CBFace_1583/2-2.jpg
CBFace_1584,CBFace,CBFace_1584/1-1.jpg,CBFace_1584/2-4.jpg
CBFace_1586,CBFace,CBFace_1586/1-9.jpg,CBFace_1586/2-7.jpg
CBFace_1587,CBFace,CBFace_1587/1-4.jpg,CBFace_1587/2-2.jpg
CBFace_1588,CBFace,CBFace_1588/1-1.jpg,CBFace_1588/2-10.jpg
CBFace_1589,CBFace,CBFace_1589/1-7.jpg,CBFace_1589/2-4.jpg
CBFace_159,CBFace,CBFace_159/1-5.jpg,CBFace_159/2-11.jpg
CBFace_1591,CBFace,CBFace_1591/1-1.jpg,CBFace_1591/2-6.jpg
CBFace_1593,CBFace,CBFace_1593/1-7.jpg,CBFace_1593/2-4.jpg
CBFace_1596,CBFace,CBFace_1596/1-0.jpg,CBFace_1596/2-6.jpg
CBFace_1597,CBFace,CBFace_1597/1-9.jpg,CBFace_1597/2-5.jpg
CBFace_1599,CBFace,CBFace_1599/1-9.jpg,CBFace_1599/2-0.jpg
CBFace_16,CBFace,CBFace_16/1-4.jpg,CBFace_16/2-5.jpg
CBFace_160,CBFace,CBFace_160/1-2.jpg,CBFace_160/2-10.jpg
CBFace_1600,CBFace,CBFace_1600/1-5.jpg,CBFace_1600/2-6.jpg
CBFace_1601,CBFace,CBFace_1601/1-6.jpg,CBFace_1601/2-9.jpg
CBFace_1606,CBFace,CBFace_1606/1-5.jpg,CBFace_1606/2-11.jpg
CBFace_1607,CBFace,CBFace_1607/1-11.jpg,CBFace_1607/2-2.jpg
CBFace_1608,CBFace,CBFace_1608/1-3.jpg,CBFace_1608/2-11.jpg
CBFace_1609,CBFace,CBFace_1609/1-11.jpg,CBFace_1609/2-10.jpg
CBFace_161,CBFace,CBFace_161/1-2.jpg,CBFace_161/2-11.jpg
CBFace_1610,CBFace,CBFace_1610/1-9.jpg,CBFace_1610/2-10.jpg
CBFace_1612,CBFace,CBFace_1612/1-7.jpg,CBFace_1612/2-4.jpg
CBFace_1616,CBFace,CBFace_1616/1-10.jpg,CBFace_1616/2-6.jpg
CBFace_1617,CBFace,CBFace_1617/1-7.jpg,CBFace_1617/2-3.jpg
CBFace_1618,CBFace,CBFace_1618/1-11.jpg,CBFace_1618/2-4.jpg
CBFace_1619,CBFace,CBFace_1619/1-1.jpg,CBFace_1619/2-2.jpg
CBFace_162,CBFace,CBFace_162/1-8.jpg,CBFace_162/2-9.jpg
CBFace_1620,CBFace,CBFace_1620/1-7.jpg,CBFace_1620/2-6.jpg
CBFace_1621,CBFace,CBFace_1621/1-6.jpg,CBFace_1621/2-11.jpg
CBFace_1622,CBFace,CBFace_1622/1-7.jpg,CBFace_1622/2-8.jpg
CBFace_1623,CBFace,CBFace_1623/1-7.jpg,CBFace_1623/2-1.jpg
CBFace_1624,CBFace,CBFace_1624/1-2.jpg,CBFace_1624/2-11.jpg
CBFace_1625,CBFace,CBFace_1625/1-3.jpg,CBFace_1625/2-11.jpg
CBFace_1628,CBFace,CBFace_1628/1-2.jpg,CBFace_1628/2-4.jpg
CBFace_1629,CBFace,CBFace_1629/1-5.jpg,CBFace_1629/2-10.jpg
CBFace_163,CBFace,CBFace_163/1-6.jpg,CBFace_163/2-10.jpg
CBFace_1630,CBFace,CBFace_1630/1-2.jpg,CBFace_1630/2-9.jpg
CBFace_1631,CBFace,CBFace_1631/1-4.jpg,CBFace_1631/2-9.jpg
CBFace_1632,CBFace,CBFace_1632/1-0.jpg,CBFace_1632/2-6.jpg
CBFace_1633,CBFace,CBFace_1633/1-3.jpg,CBFace_1633/2-9.jpg
CBFace_1636,CBFace,CBFace_1636/1-6.jpg,CBFace_1636/2-8.jpg
CBFace_1638,CBFace,CBFace_1638/1-11.jpg,CBFace_1638/2-9.jpg
CBFace_1639,CBFace,CBFace_1639/1-7.jpg,CBFace_1639/2-9.jpg
CBFace_164,CBFace,CBFace_164/1-9.jpg,CBFace_164/2-3.jpg
CBFace_1641,CBFace,CBFace_1641/1-10.jpg,CBFace_1641/2-6.jpg
CBFace_1643,CBFace,CBFace_1643/1-3.jpg,CBFace_1643/2-2.jpg
CBFace_1645,CBFace,CBFace_1645/1-7.jpg,CBFace_1645/2-8.jpg
CBFace_1646,CBFace,CBFace_1646/1-1.jpg,CBFace_1646/2-2.jpg
CBFace_1647,CBFace,CBFace_1647/1-8.jpg,CBFace_1647/2-1.jpg
CBFace_1648,CBFace,CBFace_1648/1-1.jpg,CBFace_1648/2-4.jpg
CBFace_1649,CBFace,CBFace_1649/1-5.jpg,CBFace_1649/2-9.jpg
CBFace_165,CBFace,CBFace_165/1-10.jpg,CBFace_165/2-7.jpg
CBFace_1651,CBFace,CBFace_1651/1-9.jpg,CBFace_1651/2-0.jpg
CBFace_1653,CBFace,CBFace_1653/1-10.jpg,CBFace_1653/2-11.jpg
CBFace_1654,CBFace,CBFace_1654/1-2.jpg,CBFace_1654/2-4.jpg
CBFace_1655,CBFace,CBFace_1655/1-2.jpg,CBFace_1655/2-3.jpg
CBFace_1658,CBFace,CBFace_1658/1-2.jpg,CBFace_1658/2-6.jpg
CBFace_1659,CBFace,CBFace_1659/1-6.jpg,CBFace_1659/2-3.jpg
CBFace_166,CBFace,CBFace_166/1-8.jpg,CBFace_166/2-4.jpg
CBFace_1660,CBFace,CBFace_1660/1-0.jpg,CBFace_1660/2-7.jpg
CBFace_1661,CBFace,CBFace_1661/1-2.jpg,CBFace_1661/2-5.jpg
CBFace_1663,CBFace,CBFace_1663/1-2.jpg,CBFace_1663/2-6.jpg
CBFace_1664,CBFace,CBFace_1664/1-5.jpg,CBFace_1664/2-6.jpg
CBFace_1665,CBFace,CBFace_1665/1-11.jpg,CBFace_1665/2-8.jpg
CBFace_1666,CBFace,CBFace_1666/1-9.jpg,CBFace_1666/2-1.jpg
CBFace_1667,CBFace,CBFace_1667/1-11.jpg,CBFace_1667/2-7.jpg
CBFace_1669,CBFace,CBFace_1669/1-10.jpg,CBFace_1669/2-8.jpg
CBFace_167,CBFace,CBFace_167/1-3.jpg,CBFace_167/2-2.jpg
CBFace_1670,CBFace,CBFace_1670/1-9.jpg,CBFace_1670/2-6.jpg
CBFace_1671,CBFace,CBFace_1671/1-4.jpg,CBFace_1671/2-10.jpg
CBFace_1672,CBFace,CBFace_1672/1-10.jpg,CBFace_1672/2-5.jpg
CBFace_1676,CBFace,CBFace_1676/1-6.jpg,CBFace_1676/2-3.jpg
CBFace_168,CBFace,CBFace_168/1-8.jpg,CBFace_168/2-4.jpg
CBFace_1680,CBFace,CBFace_1680/1-9.jpg,CBFace_1680/2-10.jpg
CBFace_1681,CBFace,CBFace_1681/1-11.jpg,CBFace_1681/2-5.jpg
CBFace_1682,CBFace,CBFace_1682/1-0.jpg,CBFace_1682/2-7.jpg
CBFace_1683,CBFace,CBFace_1683/1-10.jpg,CBFace_1683/2-7.jpg
CBFace_1684,CBFace,CBFace_1684/1-11.jpg,CBFace_1684/2-7.jpg
CBFace_1685,CBFace,CBFace_1685/1-9.jpg,CBFace_1685/2-7.jpg
CBFace_1686,CBFace,CBFace_1686/1-7.jpg,CBFace_1686/2-6.jpg
CBFace_1688,CBFace,CBFace_1688/1-0.jpg,CBFace_1688/2-10.jpg
CBFace_169,CBFace,CBFace_169/1-1.jpg,CBFace_169/2-9.jpg
CBFace_1690,CBFace,CBFace_1690/1-7.jpg,CBFace_1690/2-11.jpg
CBFace_1691,CBFace,CBFace_1691/1-2.jpg,CBFace_1691/2-1.jpg
CBFace_1692,CBFace,CBFace_1692/1-3.jpg,CBFace_1692/2-10.jpg
CBFace_1693,CBFace,CBFace_1693/1-10.jpg,CBFace_1693/2-7.jpg
CBFace_1695,CBFace,CBFace_1695/1-0.jpg,CBFace_1695/2-7.jpg
CBFace_1696,CBFace,CBFace_1696/1-0.jpg,CBFace_1696/2-1.jpg
CBFace_1698,CBFace,CBFace_1698/1-1.jpg,CBFace_1698/2-2.jpg
CBFace_1699,CBFace,CBFace_1699/1-4.jpg,CBFace_1699/2-8.jpg
CBFace_17,CBFace,CBFace_17/1-9.jpg,CBFace_17/2-0.jpg
CBFace_170,CBFace,CBFace_170/1-9.jpg,CBFace_170/2-10.jpg
CBFace_1700,CBFace,CBFace_1700/1-4.jpg,CBFace_1700/2-6.jpg
CBFace_1701,CBFace,CBFace_1701/1-1.jpg,CBFace_1701/2-7.jpg
CBFace_1702,CBFace,CBFace_1702/1-3.jpg,CBFace_1702/2-8.jpg
CBFace_1703,CBFace,CBFace_1703/1-1.jpg,CBFace_1703/2-7.jpg
CBFace_1704,CBFace,CBFace_1704/1-5.jpg,CBFace_1704/2-9.jpg
CBFace_1705,CBFace,CBFace_1705/1-1.jpg,CBFace_1705/2-4.jpg
CBFace_1706,CBFace,CBFace_1706/1-3.jpg,CBFace_1706/2-8.jpg
CBFace_1707,CBFace,CBFace_1707/1-10.jpg,CBFace_1707/2-11.jpg
CBFace_1709,CBFace,CBFace_1709/1-5.jpg,CBFace_1709/2-8.jpg
CBFace_171,CBFace,CBFace_171/1-5.jpg,CBFace_171/2-6.jpg
CBFace_1710,CBFace,CBFace_1710/1-8.jpg,CBFace_1710/2-10.jpg
CBFace_1711,CBFace,CBFace_1711/1-7.jpg,CBFace_1711/2-1.jpg
CBFace_1714,CBFace,CBFace_1714/1-0.jpg,CBFace_1714/2-4.jpg
CBFace_1716,CBFace,CBFace_1716/1-0.jpg,CBFace_1716/2-10.jpg
CBFace_1717,CBFace,CBFace_1717/1-0.jpg,CBFace_1717/2-6.jpg
CBFace_1718,CBFace,CBFace_1718/1-5.jpg,CBFace_1718/2-10.jpg
CBFace_1719,CBFace,CBFace_1719/1-0.jpg,CBFace_1719/2-6.jpg
CBFace_172,CBFace,CBFace_172/1-2.jpg,CBFace_172/2-11.jpg
CBFace_1720,CBFace,CBFace_1720/1-6.jpg,CBFace_1720/2-10.jpg
CBFace_1722,CBFace,CBFace_1722/1-5.jpg,CBFace_1722/2-8.jpg
CBFace_1723,CBFace,CBFace_1723/1-0.jpg,CBFace_1723/2-11.jpg
CBFace_1727,CBFace,CBFace_1727/1-6.jpg,CBFace_1727/2-9.jpg
CBFace_1728,CBFace,CBFace_1728/1-6.jpg,CBFace_1728/2-8.jpg
CBFace_173,CBFace,CBFace_173/1-6.jpg,CBFace_173/2-9.jpg
CBFace_1730,CBFace,CBFace_1730/1-1.jpg,CBFace_1730/2-6.jpg
CBFace_1731,CBFace,CBFace_1731/1-1.jpg,CBFace_1731/2-7.jpg
CBFace_1733,CBFace,CBFace_1733/1-6.jpg,CBFace_1733/2-7.jpg
CBFace_1736,CBFace,CBFace_1736/1-3.jpg,CBFace_1736/2-6.jpg
CBFace_1738,CBFace,CBFace_1738/1-10.jpg,CBFace_1738/2-11.jpg
CBFace_1739,CBFace,CBFace_1739/1-2.jpg,CBFace_1739/2-5.jpg
CBFace_174,CBFace,CBFace_174/1-11.jpg,CBFace_174/2-9.jpg
CBFace_1740,CBFace,CBFace_1740/1-8.jpg,CBFace_1740/2-11.jpg
CBFace_1741,CBFace,CBFace_1741/1-2.jpg,CBFace_1741/2-9.jpg
CBFace_1742,CBFace,CBFace_1742/1-10.jpg,CBFace_1742/2-7.jpg
CBFace_1743,CBFace,CBFace_1743/1-2.jpg,CBFace_1743/2-7.jpg
CBFace_1744,CBFace,CBFace_1744/1-0.jpg,CBFace_1744/2-5.jpg
CBFace_1745,CBFace,CBFace_1745/1-5.jpg,CBFace_1745/2-6.jpg
CBFace_1746,CBFace,CBFace_1746/1-8.jpg,CBFace_1746/2-11.jpg
CBFace_1747,CBFace,CBFace_1747/1-8.jpg,CBFace_1747/2-10.jpg
CBFace_175,CBFace,CBFace_175/1-6.jpg,CBFace_175/2-8.jpg
CBFace_1750,CBFace,CBFace_1750/1-10.jpg,CBFace_1750/2-6.jpg
CBFace_1751,CBFace,CBFace_1751/1-1.jpg,CBFace_1751/2-11.jpg
CBFace_1752,CBFace,CBFace_1752/1-0.jpg,CBFace_1752/2-3.jpg
CBFace_1754,CBFace,CBFace_1754/1-2.jpg,CBFace_1754/2-6.jpg
CBFace_1755,CBFace,CBFace_1755/1-0.jpg,CBFace_1755/2-1.jpg
CBFace_1757,CBFace,CBFace_1757/1-0.jpg,CBFace_1757/2-2.jpg
CBFace_1759,CBFace,CBFace_1759/1-2.jpg,CBFace_1759/2-10.jpg
CBFace_176,CBFace,CBFace_176/1-3.jpg,CBFace_176/2-4.jpg
CBFace_1760,CBFace,CBFace_1760/1-2.jpg,CBFace_1760/2-3.jpg
CBFace_1761,CBFace,CBFace_1761/1-2.jpg,CBFace_1761/2-9.jpg
CBFace_1762,CBFace,CBFace_1762/1-0.jpg,CBFace_1762/2-8.jpg
CBFace_1764,CBFace,CBFace_1764/1-0.jpg,CBFace_1764/2-8.jpg
CBFace_1765,CBFace,CBFace_1765/1-9.jpg,CBFace_1765/2-4.jpg
CBFace_1766,CBFace,CBFace_1766/1-11.jpg,CBFace_1766/2-8.jpg
CBFace_1767,CBFace,CBFace_1767/1-7.jpg,CBFace_1767/2-9.jpg
CBFace_1769,CBFace,CBFace_1769/1-5.jpg,CBFace_1769/2-10.jpg
CBFace_177,CBFace,CBFace_177/1-5.jpg,CBFace_177/2-9.jpg
CBFace_1770,CBFace,CBFace_1770/1-4.jpg,CBFace_1770/2-1.jpg
CBFace_1771,CBFace,CBFace_1771/1-5.jpg,CBFace_1771/2-10.jpg
CBFace_1773,CBFace,CBFace_1773/1-7.jpg,CBFace_1773/2-1.jpg
CBFace_1774,CBFace,CBFace_1774/1-5.jpg,CBFace_1774/2-7.jpg
CBFace_1775,CBFace,CBFace_1775/1-0.jpg,CBFace_1775/2-11.jpg
CBFace_1776,CBFace,CBFace_1776/1-5.jpg,CBFace_1776/2-8.jpg
CBFace_1777,CBFace,CBFace_1777/1-10.jpg,CBFace_1777/2-7.jpg
CBFace_1778,CBFace,CBFace_1778/1-11.jpg,CBFace_1778/2-8.jpg
CBFace_1779,CBFace,CBFace_1779/1-11.jpg,CBFace_1779/2-5.jpg
CBFace_178,CBFace,CBFace_178/1-5.jpg,CBFace_178/2-1.jpg
CBFace_1780,CBFace,CBFace_1780/1-11.jpg,CBFace_1780/2-8.jpg
CBFace_1781,CBFace,CBFace_1781/1-1.jpg,CBFace_1781/2-7.jpg
CBFace_1782,CBFace,CBFace_1782/1-4.jpg,CBFace_1782/2-11.jpg
CBFace_1783,CBFace,CBFace_1783/1-8.jpg,CBFace_1783/2-5.jpg
CBFace_1784,CBFace,CBFace_1784/1-2.jpg,CBFace_1784/2-3.jpg
CBFace_1787,CBFace,CBFace_1787/1-1.jpg,CBFace_1787/2-3.jpg
CBFace_1789,CBFace,CBFace_1789/1-1.jpg,CBFace_1789/2-5.jpg
CBFace_179,CBFace,CBFace_179/1-10.jpg,CBFace_179/2-0.jpg
CBFace_1790,CBFace,CBFace_1790/1-3.jpg,CBFace_1790/2-5.jpg
CBFace_1791,CBFace,CBFace_1791/1-8.jpg,CBFace_1791/2-6.jpg
CBFace_1792,CBFace,CBFace_1792/1-0.jpg,CBFace_1792/2-2.jpg
CBFace_1793,CBFace,CBFace_1793/1-0.jpg,CBFace_1793/2-10.jpg
CBFace_1795,CBFace,CBFace_1795/1-1.jpg,CBFace_1795/2-6.jpg
CBFace_1797,CBFace,CBFace_1797/1-8.jpg,CBFace_1797/2-4.jpg
CBFace_18,CBFace,CBFace_18/1-0.jpg,CBFace_18/2-6.jpg
CBFace_180,CBFace,CBFace_180/1-6.jpg,CBFace_180/2-11.jpg
CBFace_1800,CBFace,CBFace_1800/1-3.jpg,CBFace_1800/2-5.jpg
CBFace_1801,CBFace,CBFace_1801/1-5.jpg,CBFace_1801/2-11.jpg
CBFace_1802,CBFace,CBFace_1802/1-1.jpg,CBFace_1802/2-9.jpg
CBFace_1803,CBFace,CBFace_1803/1-0.jpg,CBFace_1803/2-3.jpg
CBFace_1805,CBFace,CBFace_1805/1-11.jpg,CBFace_1805/2-7.jpg
CBFace_1806,CBFace,CBFace_1806/1-0.jpg,CBFace_1806/2-8.jpg
CBFace_181,CBFace,CBFace_181/1-2.jpg,CBFace_181/2-0.jpg
CBFace_1810,CBFace,CBFace_1810/1-1.jpg,CBFace_1810/2-7.jpg
CBFace_1811,CBFace,CBFace_1811/1-1.jpg,CBFace_1811/2-7.jpg
CBFace_1812,CBFace,CBFace_1812/1-5.jpg,CBFace_1812/2-1.jpg
CBFace_1813,CBFace,CBFace_1813/1-11.jpg,CBFace_1813/2-5.jpg
CBFace_1814,CBFace,CBFace_1814/1-5.jpg,CBFace_1814/2-2.jpg
CBFace_1816,CBFace,CBFace_1816/1-11.jpg,CBFace_1816/2-1.jpg
CBFace_1817,CBFace,CBFace_1817/1-10.jpg,CBFace_1817/2-9.jpg
CBFace_1818,CBFace,CBFace_1818/1-0.jpg,CBFace_1818/2-9.jpg
CBFace_1819,CBFace,CBFace_1819/1-4.jpg,CBFace_1819/2-2.jpg
CBFace_182,CBFace,CBFace_182/1-9.jpg,CBFace_182/2-3.jpg
CBFace_1820,CBFace,CBFace_1820/1-11.jpg,CBFace_1820/2-10.jpg
CBFace_1821,CBFace,CBFace_1821/1-0.jpg,CBFace_1821/2-1.jpg
CBFace_1822,CBFace,CBFace_1822/1-6.jpg,CBFace_1822/2-1.jpg
CBFace_1823,CBFace,CBFace_1823/1-2.jpg,CBFace_1823/2-3.jpg
CBFace_1825,CBFace,CBFace_1825/1-0.jpg,CBFace_1825/2-1.jpg
CBFace_1829,CBFace,CBFace_1829/1-6.jpg,CBFace_1829/2-8.jpg
CBFace_183,CBFace,CBFace_183/1-10.jpg,CBFace_183/2-0.jpg
CBFace_1830,CBFace,CBFace_1830/1-4.jpg,CBFace_1830/2-7.jpg
CBFace_1832,CBFace,CBFace_1832/1-9.jpg,CBFace_1832/2-11.jpg
CBFace_1833,CBFace,CBFace_1833/1-0.jpg,CBFace_1833/2-7.jpg
CBFace_1836,CBFace,CBFace_1836/1-0.jpg,CBFace_1836/2-8.jpg
CBFace_1838,CBFace,CBFace_1838/1-7.jpg,CBFace_1838/2-9.jpg
CBFace_184,CBFace,CBFace_184/1-11.jpg,CBFace_184/2-0.jpg
CBFace_1841,CBFace,CBFace_1841/1-10.jpg,CBFace_1841/2-3.jpg
CBFace_1842,CBFace,CBFace_1842/1-0.jpg,CBFace_1842/2-4.jpg
CBFace_1843,CBFace,CBFace_1843/1-0.jpg,CBFace_1843/2-11.jpg
CBFace_1844,CBFace,CBFace_1844/1-3.jpg,CBFace_1844/2-8.jpg
CBFace_1845,CBFace,CBFace_1845/1-1.jpg,CBFace_1845/2-8.jpg
CBFace_1848,CBFace,CBFace_1848/1-0.jpg,CBFace_1848/2-7.jpg
CBFace_1849,CBFace,CBFace_1849/1-4.jpg,CBFace_1849/2-10.jpg
CBFace_185,CBFace,CBFace_185/1-1.jpg,CBFace_185/2-6.jpg
CBFace_1852,CBFace,CBFace_1852/1-0.jpg,CBFace_1852/2-7.jpg
CBFace_1853,CBFace,CBFace_1853/1-2.jpg,CBFace_1853/2-4.jpg
CBFace_1856,CBFace,CBFace_1856/1-3.jpg,CBFace_1856/2-11.jpg
CBFace_1859,CBFace,CBFace_1859/1-0.jpg,CBFace_1859/2-1.jpg
CBFace_186,CBFace,CBFace_186/1-4.jpg,CBFace_186/2-0.jpg
CBFace_1861,CBFace,CBFace_1861/1-1.jpg,CBFace_1861/2-5.jpg
CBFace_1862,CBFace,CBFace_1862/1-5.jpg,CBFace_1862/2-7.jpg
CBFace_1863,CBFace,CBFace_1863/1-0.jpg,CBFace_1863/2-7.jpg
CBFace_1866,CBFace,CBFace_1866/1-11.jpg,CBFace_1866/2-3.jpg
CBFace_1868,CBFace,CBFace_1868/1-8.jpg,CBFace_1868/2-10.jpg
CBFace_1869,CBFace,CBFace_1869/1-4.jpg,CBFace_1869/2-11.jpg
CBFace_187,CBFace,CBFace_187/1-0.jpg,CBFace_187/2-2.jpg
CBFace_1871,CBFace,CBFace_1871/1-4.jpg,CBFace_1871/2-11.jpg
CBFace_1872,CBFace,CBFace_1872/1-9.jpg,CBFace_1872/2-6.jpg
CBFace_1873,CBFace,CBFace_1873/1-2.jpg,CBFace_1873/2-4.jpg
CBFace_1874,CBFace,CBFace_1874/1-2.jpg,CBFace_1874/2-5.jpg
CBFace_1875,CBFace,CBFace_1875/1-3.jpg,CBFace_1875/2-6.jpg
CBFace_1876,CBFace,CBFace_1876/1-7.jpg,CBFace_1876/2-11.jpg
CBFace_1877,CBFace,CBFace_1877/1-3.jpg,CBFace_1877/2-9.jpg
CBFace_188,CBFace,CBFace_188/1-1.jpg,CBFace_188/2-6.jpg
CBFace_1881,CBFace,CBFace_1881/1-0.jpg,CBFace_1881/2-2.jpg
CBFace_1883,CBFace,CBFace_1883/1-4.jpg,CBFace_1883/2-9.jpg
CBFace_1884,CBFace,CBFace_1884/1-5.jpg,CBFace_1884/2-4.jpg
CBFace_1885,CBFace,CBFace_1885/1-9.jpg,CBFace_1885/2-3.jpg
CBFace_1886,CBFace,CBFace_1886/1-1.jpg,CBFace_1886/2-10.jpg
CBFace_1887,CBFace,CBFace_1887/1-5.jpg,CBFace_1887/2-10.jpg
CBFace_1888,CBFace,CBFace_1888/1-6.jpg,CBFace_1888/2-10.jpg
CBFace_189,CBFace,CBFace_189/1-3.jpg,CBFace_189/2-11.jpg
CBFace_1892,CBFace,CBFace_1892/1-9.jpg,CBFace_1892/2-11.jpg
CBFace_1895,CBFace,CBFace_1895/1-6.jpg,CBFace_1895/2-9.jpg
CBFace_1896,CBFace,CBFace_1896/1-10.jpg,CBFace_1896/2-11.jpg
CBFace_1897,CBFace,CBFace_1897/1-6.jpg,CBFace_1897/2-10.jpg
CBFace_1899,CBFace,CBFace_1899/1-2.jpg,CBFace_1899/2-3.jpg
CBFace_19,CBFace,CBFace_19/1-3.jpg,CBFace_19/2-5.jpg
CBFace_190,CBFace,CBFace_190/1-11.jpg,CBFace_190/2-0.jpg
CBFace_1900,CBFace,CBFace_1900/1-1.jpg,CBFace_1900/2-10.jpg
CBFace_1903,CBFace,CBFace_1903/1-11.jpg,CBFace_1903/2-10.jpg
CBFace_1905,CBFace,CBFace_1905/1-4.jpg,CBFace_1905/2-5.jpg
CBFace_1906,CBFace,CBFace_1906/1-1.jpg,CBFace_1906/2-4.jpg
CBFace_1907,CBFace,CBFace_1907/1-4.jpg,CBFace_1907/2-5.jpg
CBFace_1908,CBFace,CBFace_1908/1-11.jpg,CBFace_1908/2-4.jpg
CBFace_1909,CBFace,CBFace_1909/1-4.jpg,CBFace_1909/2-3.jpg
CBFace_191,CBFace,CBFace_191/1-10.jpg,CBFace_191/2-4.jpg
CBFace_1910,CBFace,CBFace_1910/1-10.jpg,CBFace_1910/2-5.jpg
CBFace_1913,CBFace,CBFace_1913/1-10.jpg,CBFace_1913/2-1.jpg
CBFace_1914,CBFace,CBFace_1914/1-11.jpg,CBFace_1914/2-1.jpg
CBFace_1918,CBFace,CBFace_1918/1-8.jpg,CBFace_1918/2-2.jpg
CBFace_1919,CBFace,CBFace_1919/1-2.jpg,CBFace_1919/2-9.jpg
CBFace_192,CBFace,CBFace_192/1-8.jpg,CBFace_192/2-7.jpg
CBFace_1921,CBFace,CBFace_1921/1-3.jpg,CBFace_1921/2-2.jpg
CBFace_1923,CBFace,CBFace_1923/1-0.jpg,CBFace_1923/2-11.jpg
CBFace_1924,CBFace,CBFace_1924/1-1.jpg,CBFace_1924/2-2.jpg
CBFace_1928,CBFace,CBFace_1928/1-0.jpg,CBFace_1928/2-10.jpg
CBFace_193,CBFace,CBFace_193/1-3.jpg,CBFace_193/2-8.jpg
CBFace_1930,CBFace,CBFace_1930/1-7.jpg,CBFace_1930/2-4.jpg
CBFace_1931,CBFace,CBFace_1931/1-1.jpg,CBFace_1931/2-9.jpg
CBFace_1932,CBFace,CBFace_1932/1-11.jpg,CBFace_1932/2-7.jpg
CBFace_1933,CBFace,CBFace_1933/1-7.jpg,CBFace_1933/2-11.jpg
CBFace_1934,CBFace,CBFace_1934/1-7.jpg,CBFace_1934/2-8.jpg
CBFace_1935,CBFace,CBFace_1935/1-8.jpg,CBFace_1935/2-9.jpg
CBFace_1936,CBFace,CBFace_1936/1-2.jpg,CBFace_1936/2-4.jpg
CBFace_1938,CBFace,CBFace_1938/1-9.jpg,CBFace_1938/2-11.jpg
CBFace_1939,CBFace,CBFace_1939/1-4.jpg,CBFace_1939/2-8.jpg
CBFace_194,CBFace,CBFace_194/1-11.jpg,CBFace_194/2-0.jpg
CBFace_1940,CBFace,CBFace_1940/1-2.jpg,CBFace_1940/2-11.jpg
CBFace_1941,CBFace,CBFace_1941/1-5.jpg,CBFace_1941/2-6.jpg
CBFace_1942,CBFace,CBFace_1942/1-0.jpg,CBFace_1942/2-8.jpg
CBFace_1944,CBFace,CBFace_1944/1-1.jpg,CBFace_1944/2-10.jpg
CBFace_1945,CBFace,CBFace_1945/1-8.jpg,CBFace_1945/2-10.jpg
CBFace_1946,CBFace,CBFace_1946/1-3.jpg,CBFace_1946/2-6.jpg
CBFace_1948,CBFace,CBFace_1948/1-0.jpg,CBFace_1948/2-8.jpg
CBFace_1949,CBFace,CBFace_1949/1-4.jpg,CBFace_1949/2-11.jpg
CBFace_195,CBFace,CBFace_195/1-7.jpg,CBFace_195/2-1.jpg
CBFace_1950,CBFace,CBFace_1950/1-7.jpg,CBFace_1950/2-8.jpg
CBFace_1951,CBFace,CBFace_1951/1-8.jpg,CBFace_1951/2-9.jpg
CBFace_1952,CBFace,CBFace_1952/1-3.jpg,CBFace_1952/2-11.jpg
CBFace_1954,CBFace,CBFace_1954/1-2.jpg,CBFace_1954/2-6.jpg
CBFace_1955,CBFace,CBFace_1955/1-10.jpg,CBFace_1955/2-11.jpg
CBFace_1956,CBFace,CBFace_1956/1-8.jpg,CBFace_1956/2-11.jpg
CBFace_1958,CBFace,CBFace_1958/1-6.jpg,CBFace_1958/2-10.jpg
CBFace_1959,CBFace,CBFace_1959/1-0.jpg,CBFace_1959/2-5.jpg
CBFace_196,CBFace,CBFace_196/1-6.jpg,CBFace_196/2-4.jpg
CBFace_1960,CBFace,CBFace_1960/1-1.jpg,CBFace_1960/2-10.jpg
CBFace_1961,CBFace,CBFace_1961/1-4.jpg,CBFace_1961/2-0.jpg
CBFace_1962,CBFace,CBFace_1962/1-1.jpg,CBFace_1962/2-2.jpg
CBFace_1963,CBFace,CBFace_1963/1-4.jpg,CBFace_1963/2-3.jpg
CBFace_1964,CBFace,CBFace_1964/1-3.jpg,CBFace_1964/2-4.jpg
CBFace_1968,CBFace,CBFace_1968/1-11.jpg,CBFace_1968/2-2.jpg
CBFace_197,CBFace,CBFace_197/1-4.jpg,CBFace_197/2-8.jpg
CBFace_1970,CBFace,CBFace_1970/1-3.jpg,CBFace_1970/2-7.jpg
CBFace_1971,CBFace,CBFace_1971/1-2.jpg,CBFace_1971/2-6.jpg
CBFace_1972,CBFace,CBFace_1972/1-1.jpg,CBFace_1972/2-3.jpg
CBFace_1973,CBFace,CBFace_1973/1-2.jpg,CBFace_1973/2-6.jpg
CBFace_1974,CBFace,CBFace_1974/1-8.jpg,CBFace_1974/2-11.jpg
CBFace_1975,CBFace,CBFace_1975/1-5.jpg,CBFace_1975/2-8.jpg
CBFace_1976,CBFace,CBFace_1976/1-1.jpg,CBFace_1976/2-2.jpg
CBFace_198,CBFace,CBFace_198/1-9.jpg,CBFace_198/2-10.jpg
CBFace_1980,CBFace,CBFace_1980/1-0.jpg,CBFace_1980/2-10.jpg
CBFace_1981,CBFace,CBFace_1981/1-1.jpg,CBFace_1981/2-3.jpg
CBFace_199,CBFace,CBFace_199/1-7.jpg,CBFace_199/2-8.jpg
CBFace_2,CBFace,CBFace_2/1-7.jpg,CBFace_2/2-4.jpg
CBFace_20,CBFace,CBFace_20/1-10.jpg,CBFace_20/2-8.jpg
CBFace_200,CBFace,CBFace_200/1-0.jpg,CBFace_200/2-7.jpg
CBFace_201,CBFace,CBFace_201/1-4.jpg,CBFace_201/2-5.jpg
CBFace_202,CBFace,CBFace_202/1-3.jpg,CBFace_202/2-8.jpg
CBFace_203,CBFace,CBFace_203/1-8.jpg,CBFace_203/2-3.jpg
CBFace_204,CBFace,CBFace_204/1-4.jpg,CBFace_204/2-8.jpg
CBFace_205,CBFace,CBFace_205/1-1.jpg,CBFace_205/2-3.jpg
CBFace_206,CBFace,CBFace_206/1-4.jpg,CBFace_206/2-11.jpg
CBFace_207,CBFace,CBFace_207/1-11.jpg,CBFace_207/2-10.jpg
CBFace_208,CBFace,CBFace_208/1-9.jpg,CBFace_208/2-3.jpg
CBFace_21,CBFace,CBFace_21/1-8.jpg,CBFace_21/2-9.jpg
CBFace_210,CBFace,CBFace_210/1-3.jpg,CBFace_210/2-8.jpg
CBFace_211,CBFace,CBFace_211/1-0.jpg,CBFace_211/2-9.jpg
CBFace_212,CBFace,CBFace_212/1-8.jpg,CBFace_212/2-9.jpg
CBFace_213,CBFace,CBFace_213/1-5.jpg,CBFace_213/2-7.jpg
CBFace_214,CBFace,CBFace_214/1-8.jpg,CBFace_214/2-4.jpg
CBFace_215,CBFace,CBFace_215/1-1.jpg,CBFace_215/2-8.jpg
CBFace_216,CBFace,CBFace_216/1-2.jpg,CBFace_216/2-5.jpg
CBFace_217,CBFace,CBFace_217/1-3.jpg,CBFace_217/2-5.jpg
CBFace_218,CBFace,CBFace_218/1-4.jpg,CBFace_218/2-7.jpg
CBFace_219,CBFace,CBFace_219/1-7.jpg,CBFace_219/2-8.jpg
CBFace_22,CBFace,CBFace_22/1-0.jpg,CBFace_22/2-10.jpg
CBFace_220,CBFace,CBFace_220/1-10.jpg,CBFace_220/2-1.jpg
CBFace_221,CBFace,CBFace_221/1-2.jpg,CBFace_221/2-5.jpg
CBFace_222,CBFace,CBFace_222/1-0.jpg,CBFace_222/2-2.jpg
CBFace_223,CBFace,CBFace_223/1-1.jpg,CBFace_223/2-9.jpg
CBFace_224,CBFace,CBFace_224/1-0.jpg,CBFace_224/2-10.jpg
CBFace_225,CBFace,CBFace_225/1-0.jpg,CBFace_225/2-8.jpg
CBFace_226,CBFace,CBFace_226/1-9.jpg,CBFace_226/2-7.jpg
CBFace_227,CBFace,CBFace_227/1-5.jpg,CBFace_227/2-2.jpg
CBFace_228,CBFace,CBFace_228/1-2.jpg,CBFace_228/2-6.jpg
CBFace_229,CBFace,CBFace_229/1-0.jpg,CBFace_229/2-4.jpg
CBFace_23,CBFace,CBFace_23/1-11.jpg,CBFace_23/2-1.jpg
CBFace_230,CBFace,CBFace_230/1-3.jpg,CBFace_230/2-10.jpg
CBFace_231,CBFace,CBFace_231/1-6.jpg,CBFace_231/2-3.jpg
CBFace_232,CBFace,CBFace_232/1-4.jpg,CBFace_232/2-7.jpg
CBFace_233,CBFace,CBFace_233/1-3.jpg,CBFace_233/2-7.jpg
CBFace_234,CBFace,CBFace_234/1-5.jpg,CBFace_234/2-10.jpg
CBFace_235,CBFace,CBFace_235/1-5.jpg,CBFace_235/2-6.jpg
CBFace_236,CBFace,CBFace_236/1-11.jpg,CBFace_236/2-9.jpg
CBFace_237,CBFace,CBFace_237/1-5.jpg,CBFace_237/2-7.jpg
CBFace_238,CBFace,CBFace_238/1-6.jpg,CBFace_238/2-8.jpg
CBFace_239,CBFace,CBFace_239/1-2.jpg,CBFace_239/2-9.jpg
CBFace_24,CBFace,CBFace_24/1-0.jpg,CBFace_24/2-2.jpg
CBFace_240,CBFace,CBFace_240/1-7.jpg,CBFace_240/2-0.jpg
CBFace_241,CBFace,CBFace_241/1-5.jpg,CBFace_241/2-9.jpg
CBFace_242,CBFace,CBFace_242/1-1.jpg,CBFace_242/2-8.jpg
CBFace_243,CBFace,CBFace_243/1-4.jpg,CBFace_243/2-11.jpg
CBFace_244,CBFace,CBFace_244/1-10.jpg,CBFace_244/2-6.jpg
CBFace_245,CBFace,CBFace_245/1-0.jpg,CBFace_245/2-5.jpg
CBFace_246,CBFace,CBFace_246/1-6.jpg,CBFace_246/2-11.jpg
CBFace_247,CBFace,CBFace_247/1-10.jpg,CBFace_247/2-9.jpg
CBFace_248,CBFace,CBFace_248/1-3.jpg,CBFace_248/2-9.jpg
CBFace_249,CBFace,CBFace_249/1-5.jpg,CBFace_249/2-7.jpg
CBFace_25,CBFace,CBFace_25/1-8.jpg,CBFace_25/2-11.jpg
CBFace_250,CBFace,CBFace_250/1-10.jpg,CBFace_250/2-8.jpg
CBFace_251,CBFace,CBFace_251/1-5.jpg,CBFace_251/2-3.jpg
CBFace_253,CBFace,CBFace_253/1-3.jpg,CBFace_253/2-11.jpg
CBFace_254,CBFace,CBFace_254/1-4.jpg,CBFace_254/2-1.jpg
CBFace_255,CBFace,CBFace_255/1-0.jpg,CBFace_255/2-7.jpg
CBFace_256,CBFace,CBFace_256/1-1.jpg,CBFace_256/2-3.jpg
CBFace_257,CBFace,CBFace_257/1-1.jpg,CBFace_257/2-5.jpg
CBFace_258,CBFace,CBFace_258/1-4.jpg,CBFace_258/2-5.jpg
CBFace_259,CBFace,CBFace_259/1-7.jpg,CBFace_259/2-5.jpg
CBFace_26,CBFace,CBFace_26/1-3.jpg,CBFace_26/2-11.jpg
CBFace_260,CBFace,CBFace_260/1-4.jpg,CBFace_260/2-1.jpg
CBFace_261,CBFace,CBFace_261/1-10.jpg,CBFace_261/2-3.jpg
CBFace_262,CBFace,CBFace_262/1-1.jpg,CBFace_262/2-9.jpg
CBFace_263,CBFace,CBFace_263/1-11.jpg,CBFace_263/2-10.jpg
CBFace_264,CBFace,CBFace_264/1-0.jpg,CBFace_264/2-5.jpg
CBFace_265,CBFace,CBFace_265/1-10.jpg,CBFace_265/2-9.jpg
CBFace_266,CBFace,CBFace_266/1-2.jpg,CBFace_266/2-10.jpg
CBFace_267,CBFace,CBFace_267/1-1.jpg,CBFace_267/2-6.jpg
CBFace_268,CBFace,CBFace_268/1-8.jpg,CBFace_268/2-6.jpg
CBFace_269,CBFace,CBFace_269/1-11.jpg,CBFace_269/2-1.jpg
CBFace_27,CBFace,CBFace_27/1-2.jpg,CBFace_27/2-7.jpg
CBFace_270,CBFace,CBFace_270/1-4.jpg,CBFace_270/2-8.jpg
CBFace_271,CBFace,CBFace_271/1-0.jpg,CBFace_271/2-10.jpg
CBFace_272,CBFace,CBFace_272/1-2.jpg,CBFace_272/2-11.jpg
CBFace_273,CBFace,CBFace_273/1-2.jpg,CBFace_273/2-8.jpg
CBFace_274,CBFace,CBFace_274/1-2.jpg,CBFace_274/2-9.jpg
CBFace_275,CBFace,CBFace_275/1-2.jpg,CBFace_275/2-11.jpg
CBFace_276,CBFace,CBFace_276/1-8.jpg,CBFace_276/2-3.jpg
CBFace_277,CBFace,CBFace_277/1-10.jpg,CBFace_277/2-8.jpg
CBFace_278,CBFace,CBFace_278/1-0.jpg,CBFace_278/2-4.jpg
CBFace_279,CBFace,CBFace_279/1-0.jpg,CBFace_279/2-11.jpg
CBFace_28,CBFace,CBFace_28/1-7.jpg,CBFace_28/2-2.jpg
CBFace_280,CBFace,CBFace_280/1-4.jpg,CBFace_280/2-5.jpg
CBFace_281,CBFace,CBFace_281/1-4.jpg,CBFace_281/2-10.jpg
CBFace_282,CBFace,CBFace_282/1-5.jpg,CBFace_282/2-3.jpg
CBFace_283,CBFace,CBFace_283/1-0.jpg,CBFace_283/2-6.jpg
CBFace_284,CBFace,CBFace_284/1-1.jpg,CBFace_284/2-6.jpg
CBFace_285,CBFace,CBFace_285/1-6.jpg,CBFace_285/2-10.jpg
CBFace_286,CBFace,CBFace_286/1-1.jpg,CBFace_286/2-9.jpg
CBFace_287,CBFace,CBFace_287/1-6.jpg,CBFace_287/2-0.jpg
CBFace_288,CBFace,CBFace_288/1-9.jpg,CBFace_288/2-3.jpg
CBFace_289,CBFace,CBFace_289/1-1.jpg,CBFace_289/2-0.jpg
CBFace_29,CBFace,CBFace_29/1-9.jpg,CBFace_29/2-2.jpg
CBFace_290,CBFace,CBFace_290/1-5.jpg,CBFace_290/2-0.jpg
CBFace_291,CBFace,CBFace_291/1-0.jpg,CBFace_291/2-4.jpg
CBFace_292,CBFace,CBFace_292/1-1.jpg,CBFace_292/2-9.jpg
CBFace_293,CBFace,CBFace_293/1-10.jpg,CBFace_293/2-3.jpg
CBFace_294,CBFace,CBFace_294/1-1.jpg,CBFace_294/2-4.jpg
CBFace_295,CBFace,CBFace_295/1-1.jpg,CBFace_295/2-4.jpg
CBFace_296,CBFace,CBFace_296/1-0.jpg,CBFace_296/2-2.jpg
CBFace_297,CBFace,CBFace_297/1-2.jpg,CBFace_297/2-11.jpg
CBFace_298,CBFace,CBFace_298/1-0.jpg,CBFace_298/2-8.jpg
CBFace_299,CBFace,CBFace_299/1-6.jpg,CBFace_299/2-10.jpg
CBFace_3,CBFace,CBFace_3/1-11.jpg,CBFace_3/2-2.jpg
CBFace_30,CBFace,CBFace_30/1-8.jpg,CBFace_30/2-5.jpg
CBFace_300,CBFace,CBFace_300/1-0.jpg,CBFace_300/2-8.jpg
CBFace_301,CBFace,CBFace_301/1-2.jpg,CBFace_301/2-5.jpg
CBFace_302,CBFace,CBFace_302/1-5.jpg,CBFace_302/2-1.jpg
CBFace_303,CBFace,CBFace_303/1-9.jpg,CBFace_303/2-3.jpg
CBFace_304,CBFace,CBFace_304/1-0.jpg,CBFace_304/2-11.jpg
CBFace_305,CBFace,CBFace_305/1-6.jpg,CBFace_305/2-8.jpg
CBFace_306,CBFace,CBFace_306/1-8.jpg,CBFace_306/2-3.jpg
CBFace_307,CBFace,CBFace_307/1-10.jpg,CBFace_307/2-4.jpg
CBFace_308,CBFace,CBFace_308/1-2.jpg,CBFace_308/2-3.jpg
CBFace_309,CBFace,CBFace_309/1-2.jpg,CBFace_309/2-6.jpg
CBFace_31,CBFace,CBFace_31/1-8.jpg,CBFace_31/2-3.jpg
CBFace_310,CBFace,CBFace_310/1-6.jpg,CBFace_310/2-5.jpg
CBFace_311,CBFace,CBFace_311/1-4.jpg,CBFace_311/2-10.jpg
CBFace_312,CBFace,CBFace_312/1-3.jpg,CBFace_312/2-6.jpg
CBFace_313,CBFace,CBFace_313/1-5.jpg,CBFace_313/2-10.jpg
CBFace_314,CBFace,CBFace_314/1-10.jpg,CBFace_314/2-8.jpg
CBFace_315,CBFace,CBFace_315/1-1.jpg,CBFace_315/2-7.jpg
CBFace_316,CBFace,CBFace_316/1-11.jpg,CBFace_316/2-7.jpg
CBFace_317,CBFace,CBFace_317/1-6.jpg,CBFace_317/2-5.jpg
CBFace_318,CBFace,CBFace_318/1-9.jpg,CBFace_318/2-4.jpg
CBFace_319,CBFace,CBFace_319/1-6.jpg,CBFace_319/2-3.jpg
CBFace_32,CBFace,CBFace_32/1-10.jpg,CBFace_32/2-6.jpg
CBFace_320,CBFace,CBFace_320/1-10.jpg,CBFace_320/2-7.jpg
CBFace_321,CBFace,CBFace_321/1-9.jpg,CBFace_321/2-0.jpg
CBFace_322,CBFace,CBFace_322/1-11.jpg,CBFace_322/2-6.jpg
CBFace_323,CBFace,CBFace_323/1-0.jpg,CBFace_323/2-4.jpg
CBFace_324,CBFace,CBFace_324/1-5.jpg,CBFace_324/2-6.jpg
CBFace_325,CBFace,CBFace_325/1-1.jpg,CBFace_325/2-6.jpg
CBFace_326,CBFace,CBFace_326/1-0.jpg,CBFace_326/2-11.jpg
CBFace_327,CBFace,CBFace_327/1-11.jpg,CBFace_327/2-4.jpg
CBFace_328,CBFace,CBFace_328/1-7.jpg,CBFace_328/2-1.jpg
CBFace_329,CBFace,CBFace_329/1-4.jpg,CBFace_329/2-3.jpg
CBFace_33,CBFace,CBFace_33/1-8.jpg,CBFace_33/2-9.jpg
CBFace_330,CBFace,CBFace_330/1-0.jpg,CBFace_330/2-7.jpg
CBFace_331,CBFace,CBFace_331/1-10.jpg,CBFace_331/2-11.jpg
CBFace_332,CBFace,CBFace_332/1-0.jpg,CBFace_332/2-11.jpg
CBFace_333,CBFace,CBFace_333/1-0.jpg,CBFace_333/2-2.jpg
CBFace_334,CBFace,CBFace_334/1-11.jpg,CBFace_334/2-6.jpg
CBFace_335,CBFace,CBFace_335/1-10.jpg,CBFace_335/2-2.jpg
CBFace_336,CBFace,CBFace_336/1-7.jpg,CBFace_336/2-4.jpg
CBFace_337,CBFace,CBFace_337/1-6.jpg,CBFace_337/2-5.jpg
CBFace_338,CBFace,CBFace_338/1-6.jpg,CBFace_338/2-1.jpg
CBFace_339,CBFace,CBFace_339/1-9.jpg,CBFace_339/2-8.jpg
CBFace_34,CBFace,CBFace_34/1-5.jpg,CBFace_34/2-1.jpg
CBFace_340,CBFace,CBFace_340/1-10.jpg,CBFace_340/2-1.jpg
CBFace_341,CBFace,CBFace_341/1-7.jpg,CBFace_341/2-9.jpg
CBFace_342,CBFace,CBFace_342/1-9.jpg,CBFace_342/2-7.jpg
CBFace_343,CBFace,CBFace_343/1-10.jpg,CBFace_343/2-3.jpg
CBFace_344,CBFace,CBFace_344/1-6.jpg,CBFace_344/2-0.jpg
CBFace_345,CBFace,CBFace_345/1-1.jpg,CBFace_345/2-9.jpg
CBFace_346,CBFace,CBFace_346/1-4.jpg,CBFace_346/2-7.jpg
CBFace_347,CBFace,CBFace_347/1-5.jpg,CBFace_347/2-4.jpg
CBFace_348,CBFace,CBFace_348/1-4.jpg,CBFace_348/2-11.jpg
CBFace_349,CBFace,CBFace_349/1-10.jpg,CBFace_349/2-0.jpg
CBFace_35,CBFace,CBFace_35/1-4.jpg,CBFace_35/2-2.jpg
CBFace_350,CBFace,CBFace_350/1-0.jpg,CBFace_350/2-1.jpg
CBFace_351,CBFace,CBFace_351/1-5.jpg,CBFace_351/2-7.jpg
CBFace_352,CBFace,CBFace_352/1-1.jpg,CBFace_352/2-5.jpg
CBFace_353,CBFace,CBFace_353/1-5.jpg,CBFace_353/2-6.jpg
CBFace_354,CBFace,CBFace_354/1-11.jpg,CBFace_354/2-4.jpg
CBFace_356,CBFace,CBFace_356/1-6.jpg,CBFace_356/2-5.jpg
CBFace_357,CBFace,CBFace_357/1-10.jpg,CBFace_357/2-4.jpg
CBFace_358,CBFace,CBFace_358/1-0.jpg,CBFace_358/2-7.jpg
CBFace_359,CBFace,CBFace_359/1-5.jpg,CBFace_359/2-2.jpg
CBFace_36,CBFace,CBFace_36/1-5.jpg,CBFace_36/2-3.jpg
CBFace_360,CBFace,CBFace_360/1-4.jpg,CBFace_360/2-2.jpg
CBFace_361,CBFace,CBFace_361/1-7.jpg,CBFace_361/2-3.jpg
CBFace_362,CBFace,CBFace_362/1-3.jpg,CBFace_362/2-10.jpg
CBFace_363,CBFace,CBFace_363/1-2.jpg,CBFace_363/2-3.jpg
CBFace_364,CBFace,CBFace_364/1-5.jpg,CBFace_364/2-9.jpg
CBFace_365,CBFace,CBFace_365/1-8.jpg,CBFace_365/2-5.jpg
CBFace_366,CBFace,CBFace_366/1-4.jpg,CBFace_366/2-3.jpg
CBFace_367,CBFace,CBFace_367/1-11.jpg,CBFace_367/2-7.jpg
CBFace_368,CBFace,CBFace_368/1-0.jpg,CBFace_368/2-6.jpg
CBFace_369,CBFace,CBFace_369/1-0.jpg,CBFace_369/2-10.jpg
CBFace_37,CBFace,CBFace_37/1-3.jpg,CBFace_37/2-8.jpg
CBFace_370,CBFace,CBFace_370/1-0.jpg,CBFace_370/2-4.jpg
CBFace_371,CBFace,CBFace_371/1-10.jpg,CBFace_371/2-4.jpg
CBFace_372,CBFace,CBFace_372/1-7.jpg,CBFace_372/2-2.jpg
CBFace_373,CBFace,CBFace_373/1-5.jpg,CBFace_373/2-10.jpg
CBFace_374,CBFace,CBFace_374/1-11.jpg,CBFace_374/2-8.jpg
CBFace_375,CBFace,CBFace_375/1-2.jpg,CBFace_375/2-10.jpg
CBFace_376,CBFace,CBFace_376/1-8.jpg,CBFace_376/2-2.jpg
CBFace_377,CBFace,CBFace_377/1-6.jpg,CBFace_377/2-9.jpg
CBFace_378,CBFace,CBFace_378/1-1.jpg,CBFace_378/2-9.jpg
CBFace_379,CBFace,CBFace_379/1-8.jpg,CBFace_379/2-11.jpg
CBFace_38,CBFace,CBFace_38/1-6.jpg,CBFace_38/2-11.jpg
CBFace_380,CBFace,CBFace_380/1-3.jpg,CBFace_380/2-7.jpg
CBFace_381,CBFace,CBFace_381/1-4.jpg,CBFace_381/2-5.jpg
CBFace_382,CBFace,CBFace_382/1-5.jpg,CBFace_382/2-11.jpg
CBFace_383,CBFace,CBFace_383/1-5.jpg,CBFace_383/2-7.jpg
CBFace_384,CBFace,CBFace_384/1-7.jpg,CBFace_384/2-11.jpg
CBFace_385,CBFace,CBFace_385/1-0.jpg,CBFace_385/2-3.jpg
CBFace_386,CBFace,CBFace_386/1-5.jpg,CBFace_386/2-11.jpg
CBFace_387,CBFace,CBFace_387/1-10.jpg,CBFace_387/2-6.jpg
CBFace_388,CBFace,CBFace_388/1-4.jpg,CBFace_388/2-9.jpg
CBFace_389,CBFace,CBFace_389/1-8.jpg,CBFace_389/2-1.jpg
CBFace_39,CBFace,CBFace_39/1-6.jpg,CBFace_39/2-0.jpg
CBFace_390,CBFace,CBFace_390/1-0.jpg,CBFace_390/2-1.jpg
CBFace_391,CBFace,CBFace_391/1-0.jpg,CBFace_391/2-1.jpg
CBFace_392,CBFace,CBFace_392/1-8.jpg,CBFace_392/2-0.jpg
CBFace_393,CBFace,CBFace_393/1-4.jpg,CBFace_393/2-0.jpg
CBFace_394,CBFace,CBFace_394/1-7.jpg,CBFace_394/2-2.jpg
CBFace_395,CBFace,CBFace_395/1-3.jpg,CBFace_395/2-11.jpg
CBFace_396,CBFace,CBFace_396/1-7.jpg,CBFace_396/2-11.jpg
CBFace_397,CBFace,CBFace_397/1-11.jpg,CBFace_397/2-7.jpg
CBFace_398,CBFace,CBFace_398/1-3.jpg,CBFace_398/2-4.jpg
CBFace_399,CBFace,CBFace_399/1-11.jpg,CBFace_399/2-2.jpg
CBFace_4,CBFace,CBFace_4/1-1.jpg,CBFace_4/2-7.jpg
CBFace_40,CBFace,CBFace_40/1-2.jpg,CBFace_40/2-5.jpg
CBFace_400,CBFace,CBFace_400/1-5.jpg,CBFace_400/2-0.jpg
CBFace_401,CBFace,CBFace_401/1-11.jpg,CBFace_401/2-6.jpg
CBFace_402,CBFace,CBFace_402/1-0.jpg,CBFace_402/2-6.jpg
CBFace_403,CBFace,CBFace_403/1-11.jpg,CBFace_403/2-9.jpg
CBFace_404,CBFace,CBFace_404/1-2.jpg,CBFace_404/2-1.jpg
CBFace_405,CBFace,CBFace_405/1-1.jpg,CBFace_405/2-9.jpg
CBFace_407,CBFace,CBFace_407/1-0.jpg,CBFace_407/2-7.jpg
CBFace_408,CBFace,CBFace_408/1-1.jpg,CBFace_408/2-2.jpg
CBFace_41,CBFace,CBFace_41/1-0.jpg,CBFace_41/2-2.jpg
CBFace_410,CBFace,CBFace_410/1-2.jpg,CBFace_410/2-3.jpg
CBFace_411,CBFace,CBFace_411/1-9.jpg,CBFace_411/2-10.jpg
CBFace_412,CBFace,CBFace_412/1-11.jpg,CBFace_412/2-8.jpg
CBFace_413,CBFace,CBFace_413/1-5.jpg,CBFace_413/2-9.jpg
CBFace_414,CBFace,CBFace_414/1-6.jpg,CBFace_414/2-8.jpg
CBFace_415,CBFace,CBFace_415/1-5.jpg,CBFace_415/2-1.jpg
CBFace_416,CBFace,CBFace_416/1-10.jpg,CBFace_416/2-9.jpg
CBFace_417,CBFace,CBFace_417/1-11.jpg,CBFace_417/2-3.jpg
CBFace_418,CBFace,CBFace_418/1-2.jpg,CBFace_418/2-7.jpg
CBFace_419,CBFace,CBFace_419/1-3.jpg,CBFace_419/2-8.jpg
CBFace_42,CBFace,CBFace_42/1-9.jpg,CBFace_42/2-2.jpg
CBFace_420,CBFace,CBFace_420/1-0.jpg,CBFace_420/2-8.jpg
CBFace_421,CBFace,CBFace_421/1-10.jpg,CBFace_421/2-6.jpg
CBFace_422,CBFace,CBFace_422/1-10.jpg,CBFace_422/2-7.jpg
CBFace_423,CBFace,CBFace_423/1-2.jpg,CBFace_423/2-5.jpg
CBFace_424,CBFace,CBFace_424/1-10.jpg,CBFace_424/2-7.jpg
CBFace_425,CBFace,CBFace_425/1-0.jpg,CBFace_425/2-7.jpg
CBFace_426,CBFace,CBFace_426/1-11.jpg,CBFace_426/2-5.jpg
CBFace_427,CBFace,CBFace_427/1-7.jpg,CBFace_427/2-3.jpg
CBFace_428,CBFace,CBFace_428/1-11.jpg,CBFace_428/2-5.jpg
CBFace_429,CBFace,CBFace_429/1-3.jpg,CBFace_429/2-4.jpg
CBFace_43,CBFace,CBFace_43/1-8.jpg,CBFace_43/2-7.jpg
CBFace_430,CBFace,CBFace_430/1-7.jpg,CBFace_430/2-3.jpg
CBFace_431,CBFace,CBFace_431/1-3.jpg,CBFace_431/2-8.jpg
CBFace_432,CBFace,CBFace_432/1-5.jpg,CBFace_432/2-11.jpg
CBFace_433,CBFace,CBFace_433/1-10.jpg,CBFace_433/2-8.jpg
CBFace_434,CBFace,CBFace_434/1-4.jpg,CBFace_434/2-8.jpg
CBFace_435,CBFace,CBFace_435/1-3.jpg,CBFace_435/2-9.jpg
CBFace_436,CBFace,CBFace_436/1-2.jpg,CBFace_436/2-10.jpg
CBFace_437,CBFace,CBFace_437/1-2.jpg,CBFace_437/2-10.jpg
CBFace_438,CBFace,CBFace_438/1-3.jpg,CBFace_438/2-6.jpg
CBFace_439,CBFace,CBFace_439/1-2.jpg,CBFace_439/2-3.jpg
CBFace_44,CBFace,CBFace_44/1-4.jpg,CBFace_44/2-3.jpg
CBFace_440,CBFace,CBFace_440/1-3.jpg,CBFace_440/2-5.jpg
CBFace_441,CBFace,CBFace_441/1-11.jpg,CBFace_441/2-8.jpg
CBFace_442,CBFace,CBFace_442/1-6.jpg,CBFace_442/2-10.jpg
CBFace_443,CBFace,CBFace_443/1-7.jpg,CBFace_443/2-9.jpg
CBFace_444,CBFace,CBFace_444/1-7.jpg,CBFace_444/2-5.jpg
CBFace_445,CBFace,CBFace_445/1-8.jpg,CBFace_445/2-10.jpg
CBFace_446,CBFace,CBFace_446/1-6.jpg,CBFace_446/2-11.jpg
CBFace_447,CBFace,CBFace_447/1-1.jpg,CBFace_447/2-5.jpg
CBFace_448,CBFace,CBFace_448/1-4.jpg,CBFace_448/2-10.jpg
CBFace_449,CBFace,CBFace_449/1-3.jpg,CBFace_449/2-11.jpg
CBFace_45,CBFace,CBFace_45/1-8.jpg,CBFace_45/2-5.jpg
CBFace_450,CBFace,CBFace_450/1-0.jpg,CBFace_450/2-11.jpg
CBFace_452,CBFace,CBFace_452/1-5.jpg,CBFace_452/2-8.jpg
CBFace_453,CBFace,CBFace_453/1-2.jpg,CBFace_453/2-4.jpg
CBFace_454,CBFace,CBFace_454/1-3.jpg,CBFace_454/2-7.jpg
CBFace_456,CBFace,CBFace_456/1-6.jpg,CBFace_456/2-8.jpg
CBFace_457,CBFace,CBFace_457/1-7.jpg,CBFace_457/2-10.jpg
CBFace_458,CBFace,CBFace_458/1-2.jpg,CBFace_458/2-11.jpg
CBFace_459,CBFace,CBFace_459/1-4.jpg,CBFace_459/2-11.jpg
CBFace_46,CBFace,CBFace_46/1-8.jpg,CBFace_46/2-4.jpg
CBFace_460,CBFace,CBFace_460/1-4.jpg,CBFace_460/2-7.jpg
CBFace_461,CBFace,CBFace_461/1-4.jpg,CBFace_461/2-6.jpg
CBFace_462,CBFace,CBFace_462/1-6.jpg,CBFace_462/2-9.jpg
CBFace_463,CBFace,CBFace_463/1-7.jpg,CBFace_463/2-8.jpg
CBFace_465,CBFace,CBFace_465/1-0.jpg,CBFace_465/2-10.jpg
CBFace_466,CBFace,CBFace_466/1-11.jpg,CBFace_466/2-5.jpg
CBFace_467,CBFace,CBFace_467/1-6.jpg,CBFace_467/2-10.jpg
CBFace_468,CBFace,CBFace_468/1-0.jpg,CBFace_468/2-4.jpg
CBFace_47,CBFace,CBFace_47/1-7.jpg,CBFace_47/2-3.jpg
CBFace_470,CBFace,CBFace_470/1-4.jpg,CBFace_470/2-5.jpg
CBFace_471,CBFace,CBFace_471/1-8.jpg,CBFace_471/2-3.jpg
CBFace_472,CBFace,CBFace_472/1-1.jpg,CBFace_472/2-5.jpg
CBFace_473,CBFace,CBFace_473/1-1.jpg,CBFace_473/2-3.jpg
CBFace_474,CBFace,CBFace_474/1-2.jpg,CBFace_474/2-8.jpg
CBFace_475,CBFace,CBFace_475/1-2.jpg,CBFace_475/2-1.jpg
CBFace_476,CBFace,CBFace_476/1-10.jpg,CBFace_476/2-7.jpg
CBFace_477,CBFace,CBFace_477/1-10.jpg,CBFace_477/2-1.jpg
CBFace_478,CBFace,CBFace_478/1-3.jpg,CBFace_478/2-6.jpg
CBFace_479,CBFace,CBFace_479/1-3.jpg,CBFace_479/2-6.jpg
CBFace_48,CBFace,CBFace_48/1-3.jpg,CBFace_48/2-2.jpg
CBFace_480,CBFace,CBFace_480/1-1.jpg,CBFace_480/2-9.jpg
CBFace_481,CBFace,CBFace_481/1-7.jpg,CBFace_481/2-10.jpg
CBFace_482,CBFace,CBFace_482/1-2.jpg,CBFace_482/2-10.jpg
CBFace_483,CBFace,CBFace_483/1-1.jpg,CBFace_483/2-6.jpg
CBFace_485,CBFace,CBFace_485/1-1.jpg,CBFace_485/2-7.jpg
CBFace_486,CBFace,CBFace_486/1-11.jpg,CBFace_486/2-10.jpg
CBFace_487,CBFace,CBFace_487/1-0.jpg,CBFace_487/2-9.jpg
CBFace_488,CBFace,CBFace_488/1-3.jpg,CBFace_488/2-11.jpg
CBFace_489,CBFace,CBFace_489/1-9.jpg,CBFace_489/2-4.jpg
CBFace_49,CBFace,CBFace_49/1-2.jpg,CBFace_49/2-11.jpg
CBFace_491,CBFace,CBFace_491/1-4.jpg,CBFace_491/2-8.jpg
CBFace_492,CBFace,CBFace_492/1-2.jpg,CBFace_492/2-10.jpg
CBFace_494,CBFace,CBFace_494/1-10.jpg,CBFace_494/2-9.jpg
CBFace_496,CBFace,CBFace_496/1-6.jpg,CBFace_496/2-10.jpg
CBFace_497,CBFace,CBFace_497/1-3.jpg,CBFace_497/2-7.jpg
CBFace_498,CBFace,CBFace_498/1-5.jpg,CBFace_498/2-1.jpg
CBFace_499,CBFace,CBFace_499/1-11.jpg,CBFace_499/2-2.jpg
CBFace_5,CBFace,CBFace_5/1-2.jpg,CBFace_5/2-8.jpg
CBFace_50,CBFace,CBFace_50/1-11.jpg,CBFace_50/2-8.jpg
CBFace_500,CBFace,CBFace_500/1-1.jpg,CBFace_500/2-5.jpg
CBFace_501,CBFace,CBFace_501/1-4.jpg,CBFace_501/2-9.jpg
CBFace_502,CBFace,CBFace_502/1-2.jpg,CBFace_502/2-1.jpg
CBFace_503,CBFace,CBFace_503/1-3.jpg,CBFace_503/2-6.jpg
CBFace_504,CBFace,CBFace_504/1-7.jpg,CBFace_504/2-6.jpg
CBFace_505,CBFace,CBFace_505/1-7.jpg,CBFace_505/2-10.jpg
CBFace_506,CBFace,CBFace_506/1-4.jpg,CBFace_506/2-5.jpg
CBFace_507,CBFace,CBFace_507/1-3.jpg,CBFace_507/2-2.jpg
CBFace_508,CBFace,CBFace_508/1-0.jpg,CBFace_508/2-5.jpg
CBFace_509,CBFace,CBFace_509/1-6.jpg,CBFace_509/2-4.jpg
CBFace_51,CBFace,CBFace_51/1-5.jpg,CBFace_51/2-6.jpg
CBFace_510,CBFace,CBFace_510/1-0.jpg,CBFace_510/2-7.jpg
CBFace_511,CBFace,CBFace_511/1-6.jpg,CBFace_511/2-10.jpg
CBFace_512,CBFace,CBFace_512/1-3.jpg,CBFace_512/2-6.jpg
CBFace_513,CBFace,CBFace_513/1-5.jpg,CBFace_513/2-3.jpg
CBFace_514,CBFace,CBFace_514/1-7.jpg,CBFace_514/2-8.jpg
CBFace_515,CBFace,CBFace_515/1-0.jpg,CBFace_515/2-10.jpg
CBFace_516,CBFace,CBFace_516/1-6.jpg,CBFace_516/2-8.jpg
CBFace_517,CBFace,CBFace_517/1-9.jpg,CBFace_517/2-3.jpg
CBFace_518,CBFace,CBFace_518/1-1.jpg,CBFace_518/2-5.jpg
CBFace_519,CBFace,CBFace_519/1-5.jpg,CBFace_519/2-6.jpg
CBFace_52,CBFace,CBFace_52/1-1.jpg,CBFace_52/2-6.jpg
CBFace_520,CBFace,CBFace_520/1-2.jpg,CBFace_520/2-3.jpg
CBFace_521,CBFace,CBFace_521/1-5.jpg,CBFace_521/2-3.jpg
CBFace_523,CBFace,CBFace_523/1-7.jpg,CBFace_523/2-9.jpg
CBFace_524,CBFace,CBFace_524/1-1.jpg,CBFace_524/2-8.jpg
CBFace_526,CBFace,CBFace_526/1-8.jpg,CBFace_526/2-6.jpg
CBFace_527,CBFace,CBFace_527/1-0.jpg,CBFace_527/2-5.jpg
CBFace_528,CBFace,CBFace_528/1-4.jpg,CBFace_528/2-0.jpg
CBFace_529,CBFace,CBFace_529/1-3.jpg,CBFace_529/2-9.jpg
CBFace_53,CBFace,CBFace_53/1-5.jpg,CBFace_53/2-8.jpg
CBFace_530,CBFace,CBFace_530/1-6.jpg,CBFace_530/2-2.jpg
CBFace_531,CBFace,CBFace_531/1-0.jpg,CBFace_531/2-3.jpg
CBFace_532,CBFace,CBFace_532/1-0.jpg,CBFace_532/2-11.jpg
CBFace_533,CBFace,CBFace_533/1-7.jpg,CBFace_533/2-1.jpg
CBFace_534,CBFace,CBFace_534/1-1.jpg,CBFace_534/2-2.jpg
CBFace_536,CBFace,CBFace_536/1-3.jpg,CBFace_536/2-4.jpg
CBFace_537,CBFace,CBFace_537/1-4.jpg,CBFace_537/2-9.jpg
CBFace_538,CBFace,CBFace_538/1-0.jpg,CBFace_538/2-2.jpg
CBFace_54,CBFace,CBFace_54/1-9.jpg,CBFace_54/2-8.jpg
CBFace_540,CBFace,CBFace_540/1-2.jpg,CBFace_540/2-10.jpg
CBFace_541,CBFace,CBFace_541/1-10.jpg,CBFace_541/2-6.jpg
CBFace_542,CBFace,CBFace_542/1-7.jpg,CBFace_542/2-5.jpg
CBFace_543,CBFace,CBFace_543/1-11.jpg,CBFace_543/2-5.jpg
CBFace_544,CBFace,CBFace_544/1-1.jpg,CBFace_544/2-11.jpg
CBFace_545,CBFace,CBFace_545/1-6.jpg,CBFace_545/2-7.jpg
CBFace_547,CBFace,CBFace_547/1-5.jpg,CBFace_547/2-6.jpg
CBFace_549,CBFace,CBFace_549/1-3.jpg,CBFace_549/2-8.jpg
CBFace_55,CBFace,CBFace_55/1-5.jpg,CBFace_55/2-2.jpg
CBFace_550,CBFace,CBFace_550/1-10.jpg,CBFace_550/2-6.jpg
CBFace_551,CBFace,CBFace_551/1-6.jpg,CBFace_551/2-7.jpg
CBFace_552,CBFace,CBFace_552/1-2.jpg,CBFace_552/2-11.jpg
CBFace_553,CBFace,CBFace_553/1-4.jpg,CBFace_553/2-1.jpg
CBFace_554,CBFace,CBFace_554/1-10.jpg,CBFace_554/2-1.jpg
CBFace_555,CBFace,CBFace_555/1-5.jpg,CBFace_555/2-9.jpg
CBFace_556,CBFace,CBFace_556/1-10.jpg,CBFace_556/2-9.jpg
CBFace_557,CBFace,CBFace_557/1-7.jpg,CBFace_557/2-5.jpg
CBFace_558,CBFace,CBFace_558/1-9.jpg,CBFace_558/2-7.jpg
CBFace_559,CBFace,CBFace_559/1-3.jpg,CBFace_559/2-6.jpg
CBFace_56,CBFace,CBFace_56/1-0.jpg,CBFace_56/2-1.jpg
CBFace_561,CBFace,CBFace_561/1-1.jpg,CBFace_561/2-9.jpg
CBFace_562,CBFace,CBFace_562/1-6.jpg,CBFace_562/2-8.jpg
CBFace_563,CBFace,CBFace_563/1-1.jpg,CBFace_563/2-11.jpg
CBFace_564,CBFace,CBFace_564/1-11.jpg,CBFace_564/2-3.jpg
CBFace_566,CBFace,CBFace_566/1-8.jpg,CBFace_566/2-7.jpg
CBFace_567,CBFace,CBFace_567/1-1.jpg,CBFace_567/2-0.jpg
CBFace_568,CBFace,CBFace_568/1-11.jpg,CBFace_568/2-7.jpg
CBFace_569,CBFace,CBFace_569/1-11.jpg,CBFace_569/2-6.jpg
CBFace_57,CBFace,CBFace_57/1-4.jpg,CBFace_57/2-8.jpg
CBFace_570,CBFace,CBFace_570/1-0.jpg,CBFace_570/2-2.jpg
CBFace_571,CBFace,CBFace_571/1-6.jpg,CBFace_571/2-11.jpg
CBFace_572,CBFace,CBFace_572/1-3.jpg,CBFace_572/2-9.jpg
CBFace_573,CBFace,CBFace_573/1-11.jpg,CBFace_573/2-6.jpg
CBFace_574,CBFace,CBFace_574/1-4.jpg,CBFace_574/2-5.jpg
CBFace_575,CBFace,CBFace_575/1-9.jpg,CBFace_575/2-4.jpg
CBFace_576,CBFace,CBFace_576/1-8.jpg,CBFace_576/2-6.jpg
CBFace_577,CBFace,CBFace_577/1-9.jpg,CBFace_577/2-7.jpg
CBFace_578,CBFace,CBFace_578/1-6.jpg,CBFace_578/2-0.jpg
CBFace_579,CBFace,CBFace_579/1-7.jpg,CBFace_579/2-0.jpg
CBFace_58,CBFace,CBFace_58/1-0.jpg,CBFace_58/2-5.jpg
CBFace_580,CBFace,CBFace_580/1-7.jpg,CBFace_580/2-2.jpg
CBFace_581,CBFace,CBFace_581/1-6.jpg,CBFace_581/2-3.jpg
CBFace_582,CBFace,CBFace_582/1-9.jpg,CBFace_582/2-5.jpg
CBFace_583,CBFace,CBFace_583/1-10.jpg,CBFace_583/2-2.jpg
CBFace_584,CBFace,CBFace_584/1-1.jpg,CBFace_584/2-5.jpg
CBFace_585,CBFace,CBFace_585/1-11.jpg,CBFace_585/2-5.jpg
CBFace_586,CBFace,CBFace_586/1-0.jpg,CBFace_586/2-3.jpg
CBFace_587,CBFace,CBFace_587/1-3.jpg,CBFace_587/2-5.jpg
CBFace_588,CBFace,CBFace_588/1-0.jpg,CBFace_588/2-9.jpg
CBFace_589,CBFace,CBFace_589/1-3.jpg,CBFace_589/2-7.jpg
CBFace_59,CBFace,CBFace_59/1-9.jpg,CBFace_59/2-3.jpg
CBFace_590,CBFace,CBFace_590/1-2.jpg,CBFace_590/2-7.jpg
CBFace_591,CBFace,CBFace_591/1-4.jpg,CBFace_591/2-5.jpg
CBFace_592,CBFace,CBFace_592/1-11.jpg,CBFace_592/2-10.jpg
CBFace_593,CBFace,CBFace_593/1-8.jpg,CBFace_593/2-4.jpg
CBFace_594,CBFace,CBFace_594/1-1.jpg,CBFace_594/2-6.jpg
CBFace_595,CBFace,CBFace_595/1-0.jpg,CBFace_595/2-10.jpg
CBFace_596,CBFace,CBFace_596/1-11.jpg,CBFace_596/2-5.jpg
CBFace_597,CBFace,CBFace_597/1-3.jpg,CBFace_597/2-4.jpg
CBFace_598,CBFace,CBFace_598/1-10.jpg,CBFace_598/2-5.jpg
CBFace_599,CBFace,CBFace_599/1-5.jpg,CBFace_599/2-8.jpg
CBFace_6,CBFace,CBFace_6/1-3.jpg,CBFace_6/2-9.jpg
CBFace_60,CBFace,CBFace_60/1-5.jpg,CBFace_60/2-3.jpg
CBFace_600,CBFace,CBFace_600/1-8.jpg,CBFace_600/2-5.jpg
CBFace_601,CBFace,CBFace_601/1-3.jpg,CBFace_601/2-2.jpg
CBFace_603,CBFace,CBFace_603/1-8.jpg,CBFace_603/2-3.jpg
CBFace_604,CBFace,CBFace_604/1-4.jpg,CBFace_604/2-11.jpg
CBFace_605,CBFace,CBFace_605/1-3.jpg,CBFace_605/2-5.jpg
CBFace_606,CBFace,CBFace_606/1-3.jpg,CBFace_606/2-8.jpg
CBFace_607,CBFace,CBFace_607/1-11.jpg,CBFace_607/2-1.jpg
CBFace_608,CBFace,CBFace_608/1-4.jpg,CBFace_608/2-9.jpg
CBFace_609,CBFace,CBFace_609/1-8.jpg,CBFace_609/2-0.jpg
CBFace_61,CBFace,CBFace_61/1-2.jpg,CBFace_61/2-6.jpg
CBFace_611,CBFace,CBFace_611/1-1.jpg,CBFace_611/2-11.jpg
CBFace_612,CBFace,CBFace_612/1-2.jpg,CBFace_612/2-4.jpg
CBFace_613,CBFace,CBFace_613/1-1.jpg,CBFace_613/2-10.jpg
CBFace_614,CBFace,CBFace_614/1-3.jpg,CBFace_614/2-10.jpg
CBFace_615,CBFace,CBFace_615/1-2.jpg,CBFace_615/2-11.jpg
CBFace_616,CBFace,CBFace_616/1-5.jpg,CBFace_616/2-4.jpg
CBFace_617,CBFace,CBFace_617/1-1.jpg,CBFace_617/2-6.jpg
CBFace_618,CBFace,CBFace_618/1-4.jpg,CBFace_618/2-6.jpg
CBFace_619,CBFace,CBFace_619/1-1.jpg,CBFace_619/2-9.jpg
CBFace_62,CBFace,CBFace_62/1-3.jpg,CBFace_62/2-4.jpg
CBFace_620,CBFace,CBFace_620/1-11.jpg,CBFace_620/2-5.jpg
CBFace_621,CBFace,CBFace_621/1-11.jpg,CBFace_621/2-6.jpg
CBFace_622,CBFace,CBFace_622/1-10.jpg,CBFace_622/2-11.jpg
CBFace_623,CBFace,CBFace_623/1-11.jpg,CBFace_623/2-8.jpg
CBFace_624,CBFace,CBFace_624/1-5.jpg,CBFace_624/2-9.jpg
CBFace_625,CBFace,CBFace_625/1-2.jpg,CBFace_625/2-6.jpg
CBFace_626,CBFace,CBFace_626/1-1.jpg,CBFace_626/2-10.jpg
CBFace_627,CBFace,CBFace_627/1-2.jpg,CBFace_627/2-11.jpg
CBFace_628,CBFace,CBFace_628/1-0.jpg,CBFace_628/2-1.jpg
CBFace_629,CBFace,CBFace_629/1-1.jpg,CBFace_629/2-7.jpg
CBFace_63,CBFace,CBFace_63/1-3.jpg,CBFace_63/2-5.jpg
CBFace_630,CBFace,CBFace_630/1-9.jpg,CBFace_630/2-11.jpg
CBFace_631,CBFace,CBFace_631/1-0.jpg,CBFace_631/2-2.jpg
CBFace_632,CBFace,CBFace_632/1-11.jpg,CBFace_632/2-10.jpg
CBFace_633,CBFace,CBFace_633/1-3.jpg,CBFace_633/2-10.jpg
CBFace_634,CBFace,CBFace_634/1-8.jpg,CBFace_634/2-3.jpg
CBFace_635,CBFace,CBFace_635/1-11.jpg,CBFace_635/2-6.jpg
CBFace_636,CBFace,CBFace_636/1-1.jpg,CBFace_636/2-0.jpg
CBFace_637,CBFace,CBFace_637/1-3.jpg,CBFace_637/2-5.jpg
CBFace_638,CBFace,CBFace_638/1-11.jpg,CBFace_638/2-3.jpg
CBFace_639,CBFace,CBFace_639/1-4.jpg,CBFace_639/2-11.jpg
CBFace_64,CBFace,CBFace_64/1-2.jpg,CBFace_64/2-7.jpg
CBFace_640,CBFace,CBFace_640/1-7.jpg,CBFace_640/2-9.jpg
CBFace_641,CBFace,CBFace_641/1-5.jpg,CBFace_641/2-4.jpg
CBFace_642,CBFace,CBFace_642/1-9.jpg,CBFace_642/2-1.jpg
CBFace_643,CBFace,CBFace_643/1-9.jpg,CBFace_643/2-1.jpg
CBFace_644,CBFace,CBFace_644/1-4.jpg,CBFace_644/2-10.jpg
CBFace_645,CBFace,CBFace_645/1-4.jpg,CBFace_645/2-5.jpg
CBFace_646,CBFace,CBFace_646/1-9.jpg,CBFace_646/2-11.jpg
CBFace_647,CBFace,CBFace_647/1-6.jpg,CBFace_647/2-11.jpg
CBFace_649,CBFace,CBFace_649/1-7.jpg,CBFace_649/2-11.jpg
CBFace_65,CBFace,CBFace_65/1-10.jpg,CBFace_65/2-5.jpg
CBFace_650,CBFace,CBFace_650/1-0.jpg,CBFace_650/2-8.jpg
CBFace_651,CBFace,CBFace_651/1-10.jpg,CBFace_651/2-2.jpg
CBFace_652,CBFace,CBFace_652/1-0.jpg,CBFace_652/2-2.jpg
CBFace_654,CBFace,CBFace_654/1-5.jpg,CBFace_654/2-10.jpg
CBFace_655,CBFace,CBFace_655/1-7.jpg,CBFace_655/2-8.jpg
CBFace_657,CBFace,CBFace_657/1-4.jpg,CBFace_657/2-8.jpg
CBFace_66,CBFace,CBFace_66/1-4.jpg,CBFace_66/2-8.jpg
CBFace_660,CBFace,CBFace_660/1-8.jpg,CBFace_660/2-10.jpg
CBFace_662,CBFace,CBFace_662/1-2.jpg,CBFace_662/2-6.jpg
CBFace_663,CBFace,CBFace_663/1-4.jpg,CBFace_663/2-10.jpg
CBFace_664,CBFace,CBFace_664/1-3.jpg,CBFace_664/2-9.jpg
CBFace_666,CBFace,CBFace_666/1-1.jpg,CBFace_666/2-2.jpg
CBFace_669,CBFace,CBFace_669/1-0.jpg,CBFace_669/2-3.jpg
CBFace_67,CBFace,CBFace_67/1-5.jpg,CBFace_67/2-2.jpg
CBFace_671,CBFace,CBFace_671/1-1.jpg,CBFace_671/2-11.jpg
CBFace_673,CBFace,CBFace_673/1-10.jpg,CBFace_673/2-5.jpg
CBFace_674,CBFace,CBFace_674/1-2.jpg,CBFace_674/2-11.jpg
CBFace_675,CBFace,CBFace_675/1-0.jpg,CBFace_675/2-6.jpg
CBFace_676,CBFace,CBFace_676/1-4.jpg,CBFace_676/2-10.jpg
CBFace_677,CBFace,CBFace_677/1-3.jpg,CBFace_677/2-8.jpg
CBFace_678,CBFace,CBFace_678/1-6.jpg,CBFace_678/2-11.jpg
CBFace_679,CBFace,CBFace_679/1-4.jpg,CBFace_679/2-9.jpg
CBFace_68,CBFace,CBFace_68/1-8.jpg,CBFace_68/2-2.jpg
CBFace_680,CBFace,CBFace_680/1-8.jpg,CBFace_680/2-11.jpg
CBFace_682,CBFace,CBFace_682/1-9.jpg,CBFace_682/2-8.jpg
CBFace_684,CBFace,CBFace_684/1-6.jpg,CBFace_684/2-9.jpg
CBFace_685,CBFace,CBFace_685/1-1.jpg,CBFace_685/2-3.jpg
CBFace_686,CBFace,CBFace_686/1-8.jpg,CBFace_686/2-4.jpg
CBFace_688,CBFace,CBFace_688/1-2.jpg,CBFace_688/2-9.jpg
CBFace_689,CBFace,CBFace_689/1-7.jpg,CBFace_689/2-4.jpg
CBFace_69,CBFace,CBFace_69/1-3.jpg,CBFace_69/2-10.jpg
CBFace_690,CBFace,CBFace_690/1-3.jpg,CBFace_690/2-5.jpg
CBFace_691,CBFace,CBFace_691/1-8.jpg,CBFace_691/2-9.jpg
CBFace_692,CBFace,CBFace_692/1-11.jpg,CBFace_692/2-10.jpg
CBFace_693,CBFace,CBFace_693/1-8.jpg,CBFace_693/2-5.jpg
CBFace_694,CBFace,CBFace_694/1-10.jpg,CBFace_694/2-8.jpg
CBFace_695,CBFace,CBFace_695/1-4.jpg,CBFace_695/2-2.jpg
CBFace_696,CBFace,CBFace_696/1-11.jpg,CBFace_696/2-7.jpg
CBFace_697,CBFace,CBFace_697/1-5.jpg,CBFace_697/2-0.jpg
CBFace_698,CBFace,CBFace_698/1-3.jpg,CBFace_698/2-8.jpg
CBFace_699,CBFace,CBFace_699/1-5.jpg,CBFace_699/2-9.jpg
CBFace_7,CBFace,CBFace_7/1-0.jpg,CBFace_7/2-3.jpg
CBFace_70,CBFace,CBFace_70/1-3.jpg,CBFace_70/2-1.jpg
CBFace_700,CBFace,CBFace_700/1-2.jpg,CBFace_700/2-9.jpg
CBFace_701,CBFace,CBFace_701/1-9.jpg,CBFace_701/2-7.jpg
CBFace_703,CBFace,CBFace_703/1-2.jpg,CBFace_703/2-0.jpg
CBFace_704,CBFace,CBFace_704/1-2.jpg,CBFace_704/2-9.jpg
CBFace_705,CBFace,CBFace_705/1-6.jpg,CBFace_705/2-10.jpg
CBFace_706,CBFace,CBFace_706/1-2.jpg,CBFace_706/2-0.jpg
CBFace_707,CBFace,CBFace_707/1-11.jpg,CBFace_707/2-8.jpg
CBFace_708,CBFace,CBFace_708/1-6.jpg,CBFace_708/2-2.jpg
CBFace_709,CBFace,CBFace_709/1-4.jpg,CBFace_709/2-3.jpg
CBFace_71,CBFace,CBFace_71/1-2.jpg,CBFace_71/2-1.jpg
CBFace_710,CBFace,CBFace_710/1-7.jpg,CBFace_710/2-6.jpg
CBFace_711,CBFace,CBFace_711/1-5.jpg,CBFace_711/2-11.jpg
CBFace_712,CBFace,CBFace_712/1-7.jpg,CBFace_712/2-5.jpg
CBFace_713,CBFace,CBFace_713/1-5.jpg,CBFace_713/2-0.jpg
CBFace_714,CBFace,CBFace_714/1-10.jpg,CBFace_714/2-11.jpg
CBFace_715,CBFace,CBFace_715/1-4.jpg,CBFace_715/2-0.jpg
CBFace_716,CBFace,CBFace_716/1-2.jpg,CBFace_716/2-6.jpg
CBFace_717,CBFace,CBFace_717/1-3.jpg,CBFace_717/2-1.jpg
CBFace_718,CBFace,CBFace_718/1-8.jpg,CBFace_718/2-4.jpg
CBFace_719,CBFace,CBFace_719/1-9.jpg,CBFace_719/2-5.jpg
CBFace_72,CBFace,CBFace_72/1-2.jpg,CBFace_72/2-7.jpg
CBFace_720,CBFace,CBFace_720/1-6.jpg,CBFace_720/2-9.jpg
CBFace_721,CBFace,CBFace_721/1-4.jpg,CBFace_721/2-8.jpg
CBFace_722,CBFace,CBFace_722/1-10.jpg,CBFace_722/2-6.jpg
CBFace_723,CBFace,CBFace_723/1-9.jpg,CBFace_723/2-0.jpg
CBFace_724,CBFace,CBFace_724/1-7.jpg,CBFace_724/2-11.jpg
CBFace_725,CBFace,CBFace_725/1-1.jpg,CBFace_725/2-11.jpg
CBFace_726,CBFace,CBFace_726/1-2.jpg,CBFace_726/2-10.jpg
CBFace_727,CBFace,CBFace_727/1-7.jpg,CBFace_727/2-11.jpg
CBFace_729,CBFace,CBFace_729/1-9.jpg,CBFace_729/2-11.jpg
CBFace_73,CBFace,CBFace_73/1-9.jpg,CBFace_73/2-4.jpg
CBFace_730,CBFace,CBFace_730/1-0.jpg,CBFace_730/2-11.jpg
CBFace_731,CBFace,CBFace_731/1-1.jpg,CBFace_731/2-5.jpg
CBFace_732,CBFace,CBFace_732/1-10.jpg,CBFace_732/2-11.jpg
CBFace_733,CBFace,CBFace_733/1-11.jpg,CBFace_733/2-0.jpg
CBFace_734,CBFace,CBFace_734/1-0.jpg,CBFace_734/2-10.jpg
CBFace_735,CBFace,CBFace_735/1-2.jpg,CBFace_735/2-8.jpg
CBFace_736,CBFace,CBFace_736/1-1.jpg,CBFace_736/2-7.jpg
CBFace_738,CBFace,CBFace_738/1-1.jpg,CBFace_738/2-10.jpg
CBFace_74,CBFace,CBFace_74/1-6.jpg,CBFace_74/2-8.jpg
CBFace_740,CBFace,CBFace_740/1-5.jpg,CBFace_740/2-6.jpg
CBFace_741,CBFace,CBFace_741/1-10.jpg,CBFace_741/2-6.jpg
CBFace_742,CBFace,CBFace_742/1-8.jpg,CBFace_742/2-2.jpg
CBFace_743,CBFace,CBFace_743/1-6.jpg,CBFace_743/2-0.jpg
CBFace_744,CBFace,CBFace_744/1-10.jpg,CBFace_744/2-2.jpg
CBFace_745,CBFace,CBFace_745/1-0.jpg,CBFace_745/2-9.jpg
CBFace_746,CBFace,CBFace_746/1-5.jpg,CBFace_746/2-3.jpg
CBFace_747,CBFace,CBFace_747/1-8.jpg,CBFace_747/2-0.jpg
CBFace_748,CBFace,CBFace_748/1-2.jpg,CBFace_748/2-7.jpg
CBFace_75,CBFace,CBFace_75/1-10.jpg,CBFace_75/2-8.jpg
CBFace_750,CBFace,CBFace_750/1-2.jpg,CBFace_750/2-7.jpg
CBFace_751,CBFace,CBFace_751/1-10.jpg,CBFace_751/2-7.jpg
CBFace_752,CBFace,CBFace_752/1-2.jpg,CBFace_752/2-4.jpg
CBFace_753,CBFace,CBFace_753/1-3.jpg,CBFace_753/2-8.jpg
CBFace_754,CBFace,CBFace_754/1-8.jpg,CBFace_754/2-6.jpg
CBFace_755,CBFace,CBFace_755/1-2.jpg,CBFace_755/2-6.jpg
CBFace_756,CBFace,CBFace_756/1-11.jpg,CBFace_756/2-2.jpg
CBFace_757,CBFace,CBFace_757/1-1.jpg,CBFace_757/2-6.jpg
CBFace_758,CBFace,CBFace_758/1-11.jpg,CBFace_758/2-1.jpg
CBFace_759,CBFace,CBFace_759/1-5.jpg,CBFace_759/2-10.jpg
CBFace_76,CBFace,CBFace_76/1-1.jpg,CBFace_76/2-4.jpg
CBFace_760,CBFace,CBFace_760/1-2.jpg,CBFace_760/2-7.jpg
CBFace_761,CBFace,CBFace_761/1-9.jpg,CBFace_761/2-3.jpg
CBFace_762,CBFace,CBFace_762/1-0.jpg,CBFace_762/2-7.jpg
CBFace_764,CBFace,CBFace_764/1-6.jpg,CBFace_764/2-4.jpg
CBFace_766,CBFace,CBFace_766/1-5.jpg,CBFace_766/2-1.jpg
CBFace_767,CBFace,CBFace_767/1-5.jpg,CBFace_767/2-6.jpg
CBFace_768,CBFace,CBFace_768/1-8.jpg,CBFace_768/2-4.jpg
CBFace_769,CBFace,CBFace_769/1-3.jpg,CBFace_769/2-7.jpg
CBFace_77,CBFace,CBFace_77/1-1.jpg,CBFace_77/2-4.jpg
CBFace_770,CBFace,CBFace_770/1-4.jpg,CBFace_770/2-7.jpg
CBFace_771,CBFace,CBFace_771/1-6.jpg,CBFace_771/2-1.jpg
CBFace_772,CBFace,CBFace_772/1-1.jpg,CBFace_772/2-11.jpg
CBFace_773,CBFace,CBFace_773/1-0.jpg,CBFace_773/2-11.jpg
CBFace_774,CBFace,CBFace_774/1-3.jpg,CBFace_774/2-10.jpg
CBFace_775,CBFace,CBFace_775/1-1.jpg,CBFace_775/2-2.jpg
CBFace_776,CBFace,CBFace_776/1-5.jpg,CBFace_776/2-8.jpg
CBFace_777,CBFace,CBFace_777/1-10.jpg,CBFace_777/2-4.jpg
CBFace_778,CBFace,CBFace_778/1-6.jpg,CBFace_778/2-3.jpg
CBFace_779,CBFace,CBFace_779/1-9.jpg,CBFace_779/2-7.jpg
CBFace_78,CBFace,CBFace_78/1-4.jpg,CBFace_78/2-0.jpg
CBFace_781,CBFace,CBFace_781/1-8.jpg,CBFace_781/2-7.jpg
CBFace_782,CBFace,CBFace_782/1-0.jpg,CBFace_782/2-11.jpg
CBFace_783,CBFace,CBFace_783/1-3.jpg,CBFace_783/2-8.jpg
CBFace_784,CBFace,CBFace_784/1-3.jpg,CBFace_784/2-8.jpg
CBFace_785,CBFace,CBFace_785/1-9.jpg,CBFace_785/2-4.jpg
CBFace_786,CBFace,CBFace_786/1-3.jpg,CBFace_786/2-8.jpg
CBFace_787,CBFace,CBFace_787/1-10.jpg,CBFace_787/2-6.jpg
CBFace_789,CBFace,CBFace_789/1-6.jpg,CBFace_789/2-5.jpg
CBFace_79,CBFace,CBFace_79/1-3.jpg,CBFace_79/2-9.jpg
CBFace_790,CBFace,CBFace_790/1-0.jpg,CBFace_790/2-9.jpg
CBFace_793,CBFace,CBFace_793/1-1.jpg,CBFace_793/2-11.jpg
CBFace_794,CBFace,CBFace_794/1-6.jpg,CBFace_794/2-5.jpg
CBFace_795,CBFace,CBFace_795/1-7.jpg,CBFace_795/2-5.jpg
CBFace_796,CBFace,CBFace_796/1-6.jpg,CBFace_796/2-3.jpg
CBFace_797,CBFace,CBFace_797/1-7.jpg,CBFace_797/2-11.jpg
CBFace_798,CBFace,CBFace_798/1-2.jpg,CBFace_798/2-6.jpg
CBFace_799,CBFace,CBFace_799/1-3.jpg,CBFace_799/2-6.jpg
CBFace_8,CBFace,CBFace_8/1-9.jpg,CBFace_8/2-2.jpg
CBFace_80,CBFace,CBFace_80/1-6.jpg,CBFace_80/2-3.jpg
CBFace_800,CBFace,CBFace_800/1-10.jpg,CBFace_800/2-6.jpg
CBFace_801,CBFace,CBFace_801/1-6.jpg,CBFace_801/2-10.jpg
CBFace_802,CBFace,CBFace_802/1-3.jpg,CBFace_802/2-7.jpg
CBFace_803,CBFace,CBFace_803/1-8.jpg,CBFace_803/2-6.jpg
CBFace_804,CBFace,CBFace_804/1-5.jpg,CBFace_804/2-10.jpg
CBFace_805,CBFace,CBFace_805/1-5.jpg,CBFace_805/2-7.jpg
CBFace_806,CBFace,CBFace_806/1-8.jpg,CBFace_806/2-1.jpg
CBFace_807,CBFace,CBFace_807/1-6.jpg,CBFace_807/2-9.jpg
CBFace_808,CBFace,CBFace_808/1-11.jpg,CBFace_808/2-5.jpg
CBFace_809,CBFace,CBFace_809/1-8.jpg,CBFace_809/2-9.jpg
CBFace_81,CBFace,CBFace_81/1-8.jpg,CBFace_81/2-4.jpg
CBFace_810,CBFace,CBFace_810/1-11.jpg,CBFace_810/2-1.jpg
CBFace_811,CBFace,CBFace_811/1-0.jpg,CBFace_811/2-1.jpg
CBFace_812,CBFace,CBFace_812/1-10.jpg,CBFace_812/2-8.jpg
CBFace_814,CBFace,CBFace_814/1-10.jpg,CBFace_814/2-6.jpg
CBFace_815,CBFace,CBFace_815/1-5.jpg,CBFace_815/2-2.jpg
CBFace_816,CBFace,CBFace_816/1-2.jpg,CBFace_816/2-9.jpg
CBFace_817,CBFace,CBFace_817/1-1.jpg,CBFace_817/2-11.jpg
CBFace_82,CBFace,CBFace_82/1-4.jpg,CBFace_82/2-9.jpg
CBFace_820,CBFace,CBFace_820/1-10.jpg,CBFace_820/2-6.jpg
CBFace_821,CBFace,CBFace_821/1-10.jpg,CBFace_821/2-7.jpg
CBFace_822,CBFace,CBFace_822/1-9.jpg,CBFace_822/2-8.jpg
CBFace_824,CBFace,CBFace_824/1-3.jpg,CBFace_824/2-8.jpg
CBFace_825,CBFace,CBFace_825/1-0.jpg,CBFace_825/2-9.jpg
CBFace_826,CBFace,CBFace_826/1-6.jpg,CBFace_826/2-5.jpg
CBFace_828,CBFace,CBFace_828/1-4.jpg,CBFace_828/2-3.jpg
CBFace_829,CBFace,CBFace_829/1-10.jpg,CBFace_829/2-7.jpg
CBFace_83,CBFace,CBFace_83/1-10.jpg,CBFace_83/2-3.jpg
CBFace_831,CBFace,CBFace_831/1-1.jpg,CBFace_831/2-0.jpg
CBFace_832,CBFace,CBFace_832/1-3.jpg,CBFace_832/2-10.jpg
CBFace_833,CBFace,CBFace_833/1-6.jpg,CBFace_833/2-1.jpg
CBFace_834,CBFace,CBFace_834/1-4.jpg,CBFace_834/2-2.jpg
CBFace_835,CBFace,CBFace_835/1-3.jpg,CBFace_835/2-6.jpg
CBFace_836,CBFace,CBFace_836/1-2.jpg,CBFace_836/2-9.jpg
CBFace_837,CBFace,CBFace_837/1-0.jpg,CBFace_837/2-10.jpg
CBFace_838,CBFace,CBFace_838/1-7.jpg,CBFace_838/2-8.jpg
CBFace_839,CBFace,CBFace_839/1-7.jpg,CBFace_839/2-3.jpg
CBFace_84,CBFace,CBFace_84/1-6.jpg,CBFace_84/2-4.jpg
CBFace_840,CBFace,CBFace_840/1-7.jpg,CBFace_840/2-3.jpg
CBFace_841,CBFace,CBFace_841/1-0.jpg,CBFace_841/2-4.jpg
CBFace_842,CBFace,CBFace_842/1-6.jpg,CBFace_842/2-2.jpg
CBFace_843,CBFace,CBFace_843/1-8.jpg,CBFace_843/2-11.jpg
CBFace_844,CBFace,CBFace_844/1-10.jpg,CBFace_844/2-8.jpg
CBFace_845,CBFace,CBFace_845/1-4.jpg,CBFace_845/2-5.jpg
CBFace_846,CBFace,CBFace_846/1-5.jpg,CBFace_846/2-6.jpg
CBFace_847,CBFace,CBFace_847/1-3.jpg,CBFace_847/2-5.jpg
CBFace_848,CBFace,CBFace_848/1-9.jpg,CBFace_848/2-8.jpg
CBFace_85,CBFace,CBFace_85/1-6.jpg,CBFace_85/2-5.jpg
CBFace_850,CBFace,CBFace_850/1-1.jpg,CBFace_850/2-4.jpg
CBFace_851,CBFace,CBFace_851/1-5.jpg,CBFace_851/2-8.jpg
CBFace_852,CBFace,CBFace_852/1-7.jpg,CBFace_852/2-1.jpg
CBFace_853,CBFace,CBFace_853/1-10.jpg,CBFace_853/2-7.jpg
CBFace_854,CBFace,CBFace_854/1-0.jpg,CBFace_854/2-3.jpg
CBFace_855,CBFace,CBFace_855/1-11.jpg,CBFace_855/2-4.jpg
CBFace_856,CBFace,CBFace_856/1-2.jpg,CBFace_856/2-3.jpg
CBFace_857,CBFace,CBFace_857/1-3.jpg,CBFace_857/2-0.jpg
CBFace_858,CBFace,CBFace_858/1-7.jpg,CBFace_858/2-3.jpg
CBFace_859,CBFace,CBFace_859/1-5.jpg,CBFace_859/2-2.jpg
CBFace_86,CBFace,CBFace_86/1-2.jpg,CBFace_86/2-1.jpg
CBFace_860,CBFace,CBFace_860/1-8.jpg,CBFace_860/2-11.jpg
CBFace_861,CBFace,CBFace_861/1-1.jpg,CBFace_861/2-5.jpg
CBFace_862,CBFace,CBFace_862/1-1.jpg,CBFace_862/2-7.jpg
CBFace_863,CBFace,CBFace_863/1-0.jpg,CBFace_863/2-2.jpg
CBFace_864,CBFace,CBFace_864/1-5.jpg,CBFace_864/2-1.jpg
CBFace_865,CBFace,CBFace_865/1-9.jpg,CBFace_865/2-11.jpg
CBFace_866,CBFace,CBFace_866/1-9.jpg,CBFace_866/2-10.jpg
CBFace_867,CBFace,CBFace_867/1-3.jpg,CBFace_867/2-11.jpg
CBFace_868,CBFace,CBFace_868/1-6.jpg,CBFace_868/2-2.jpg
CBFace_869,CBFace,CBFace_869/1-6.jpg,CBFace_869/2-7.jpg
CBFace_87,CBFace,CBFace_87/1-5.jpg,CBFace_87/2-7.jpg
CBFace_870,CBFace,CBFace_870/1-10.jpg,CBFace_870/2-4.jpg
CBFace_871,CBFace,CBFace_871/1-8.jpg,CBFace_871/2-9.jpg
CBFace_872,CBFace,CBFace_872/1-2.jpg,CBFace_872/2-3.jpg
CBFace_873,CBFace,CBFace_873/1-1.jpg,CBFace_873/2-6.jpg
CBFace_874,CBFace,CBFace_874/1-8.jpg,CBFace_874/2-11.jpg
CBFace_875,CBFace,CBFace_875/1-4.jpg,CBFace_875/2-0.jpg
CBFace_876,CBFace,CBFace_876/1-7.jpg,CBFace_876/2-8.jpg
CBFace_877,CBFace,CBFace_877/1-0.jpg,CBFace_877/2-1.jpg
CBFace_878,CBFace,CBFace_878/1-2.jpg,CBFace_878/2-10.jpg
CBFace_879,CBFace,CBFace_879/1-1.jpg,CBFace_879/2-0.jpg
CBFace_88,CBFace,CBFace_88/1-0.jpg,CBFace_88/2-9.jpg
CBFace_880,CBFace,CBFace_880/1-10.jpg,CBFace_880/2-9.jpg
CBFace_881,CBFace,CBFace_881/1-2.jpg,CBFace_881/2-0.jpg
CBFace_882,CBFace,CBFace_882/1-8.jpg,CBFace_882/2-4.jpg
CBFace_883,CBFace,CBFace_883/1-2.jpg,CBFace_883/2-5.jpg
CBFace_884,CBFace,CBFace_884/1-7.jpg,CBFace_884/2-4.jpg
CBFace_885,CBFace,CBFace_885/1-11.jpg,CBFace_885/2-3.jpg
CBFace_886,CBFace,CBFace_886/1-11.jpg,CBFace_886/2-1.jpg
CBFace_887,CBFace,CBFace_887/1-10.jpg,CBFace_887/2-7.jpg
CBFace_889,CBFace,CBFace_889/1-5.jpg,CBFace_889/2-1.jpg
CBFace_89,CBFace,CBFace_89/1-1.jpg,CBFace_89/2-10.jpg
CBFace_890,CBFace,CBFace_890/1-9.jpg,CBFace_890/2-6.jpg
CBFace_891,CBFace,CBFace_891/1-10.jpg,CBFace_891/2-8.jpg
CBFace_892,CBFace,CBFace_892/1-5.jpg,CBFace_892/2-4.jpg
CBFace_893,CBFace,CBFace_893/1-2.jpg,CBFace_893/2-7.jpg
CBFace_894,CBFace,CBFace_894/1-1.jpg,CBFace_894/2-3.jpg
CBFace_895,CBFace,CBFace_895/1-10.jpg,CBFace_895/2-0.jpg
CBFace_897,CBFace,CBFace_897/1-9.jpg,CBFace_897/2-11.jpg
CBFace_898,CBFace,CBFace_898/1-0.jpg,CBFace_898/2-8.jpg
CBFace_899,CBFace,CBFace_899/1-2.jpg,CBFace_899/2-4.jpg
CBFace_9,CBFace,CBFace_9/1-4.jpg,CBFace_9/2-7.jpg
CBFace_90,CBFace,CBFace_90/1-3.jpg,CBFace_90/2-4.jpg
CBFace_900,CBFace,CBFace_900/1-5.jpg,CBFace_900/2-10.jpg
CBFace_901,CBFace,CBFace_901/1-9.jpg,CBFace_901/2-1.jpg
CBFace_902,CBFace,CBFace_902/1-8.jpg,CBFace_902/2-3.jpg
CBFace_903,CBFace,CBFace_903/1-4.jpg,CBFace_903/2-8.jpg
CBFace_904,CBFace,CBFace_904/1-7.jpg,CBFace_904/2-5.jpg
CBFace_906,CBFace,CBFace_906/1-11.jpg,CBFace_906/2-1.jpg
CBFace_907,CBFace,CBFace_907/1-8.jpg,CBFace_907/2-7.jpg
CBFace_909,CBFace,CBFace_909/1-10.jpg,CBFace_909/2-3.jpg
CBFace_91,CBFace,CBFace_91/1-1.jpg,CBFace_91/2-7.jpg
CBFace_910,CBFace,CBFace_910/1-1.jpg,CBFace_910/2-7.jpg
CBFace_911,CBFace,CBFace_911/1-0.jpg,CBFace_911/2-6.jpg
CBFace_912,CBFace,CBFace_912/1-10.jpg,CBFace_912/2-5.jpg
CBFace_914,CBFace,CBFace_914/1-3.jpg,CBFace_914/2-4.jpg
CBFace_915,CBFace,CBFace_915/1-9.jpg,CBFace_915/2-0.jpg
CBFace_916,CBFace,CBFace_916/1-0.jpg,CBFace_916/2-9.jpg
CBFace_917,CBFace,CBFace_917/1-1.jpg,CBFace_917/2-9.jpg
CBFace_918,CBFace,CBFace_918/1-8.jpg,CBFace_918/2-9.jpg
CBFace_919,CBFace,CBFace_919/1-7.jpg,CBFace_919/2-5.jpg
CBFace_92,CBFace,CBFace_92/1-6.jpg,CBFace_92/2-9.jpg
CBFace_920,CBFace,CBFace_920/1-8.jpg,CBFace_920/2-11.jpg
CBFace_921,CBFace,CBFace_921/1-0.jpg,CBFace_921/2-4.jpg
CBFace_922,CBFace,CBFace_922/1-0.jpg,CBFace_922/2-5.jpg
CBFace_923,CBFace,CBFace_923/1-8.jpg,CBFace_923/2-1.jpg
CBFace_924,CBFace,CBFace_924/1-7.jpg,CBFace_924/2-2.jpg
CBFace_925,CBFace,CBFace_925/1-3.jpg,CBFace_925/2-5.jpg
CBFace_926,CBFace,CBFace_926/1-11.jpg,CBFace_926/2-6.jpg
CBFace_927,CBFace,CBFace_927/1-2.jpg,CBFace_927/2-1.jpg
CBFace_928,CBFace,CBFace_928/1-0.jpg,CBFace_928/2-7.jpg
CBFace_929,CBFace,CBFace_929/1-9.jpg,CBFace_929/2-6.jpg
CBFace_93,CBFace,CBFace_93/1-5.jpg,CBFace_93/2-4.jpg
CBFace_930,CBFace,CBFace_930/1-5.jpg,CBFace_930/2-8.jpg
CBFace_931,CBFace,CBFace_931/1-0.jpg,CBFace_931/2-11.jpg
CBFace_933,CBFace,CBFace_933/1-0.jpg,CBFace_933/2-2.jpg
CBFace_934,CBFace,CBFace_934/1-8.jpg,CBFace_934/2-10.jpg
CBFace_935,CBFace,CBFace_935/1-9.jpg,CBFace_935/2-10.jpg
CBFace_936,CBFace,CBFace_936/1-1.jpg,CBFace_936/2-7.jpg
CBFace_937,CBFace,CBFace_937/1-3.jpg,CBFace_937/2-7.jpg
CBFace_938,CBFace,CBFace_938/1-11.jpg,CBFace_938/2-7.jpg
CBFace_939,CBFace,CBFace_939/1-2.jpg,CBFace_939/2-4.jpg
CBFace_94,CBFace,CBFace_94/1-8.jpg,CBFace_94/2-7.jpg
CBFace_940,CBFace,CBFace_940/1-7.jpg,CBFace_940/2-11.jpg
CBFace_941,CBFace,CBFace_941/1-8.jpg,CBFace_941/2-7.jpg
CBFace_942,CBFace,CBFace_942/1-10.jpg,CBFace_942/2-0.jpg
CBFace_945,CBFace,CBFace_945/1-5.jpg,CBFace_945/2-7.jpg
CBFace_946,CBFace,CBFace_946/1-9.jpg,CBFace_946/2-0.jpg
CBFace_947,CBFace,CBFace_947/1-10.jpg,CBFace_947/2-6.jpg
CBFace_948,CBFace,CBFace_948/1-3.jpg,CBFace_948/2-9.jpg
CBFace_95,CBFace,CBFace_95/1-7.jpg,CBFace_95/2-2.jpg
CBFace_950,CBFace,CBFace_950/1-0.jpg,CBFace_950/2-10.jpg
CBFace_951,CBFace,CBFace_951/1-0.jpg,CBFace_951/2-4.jpg
CBFace_952,CBFace,CBFace_952/1-4.jpg,CBFace_952/2-10.jpg
CBFace_953,CBFace,CBFace_953/1-1.jpg,CBFace_953/2-11.jpg
CBFace_954,CBFace,CBFace_954/1-9.jpg,CBFace_954/2-5.jpg
CBFace_955,CBFace,CBFace_955/1-1.jpg,CBFace_955/2-4.jpg
CBFace_956,CBFace,CBFace_956/1-0.jpg,CBFace_956/2-1.jpg
CBFace_957,CBFace,CBFace_957/1-1.jpg,CBFace_957/2-5.jpg
CBFace_958,CBFace,CBFace_958/1-1.jpg,CBFace_958/2-4.jpg
CBFace_959,CBFace,CBFace_959/1-5.jpg,CBFace_959/2-6.jpg
CBFace_96,CBFace,CBFace_96/1-0.jpg,CBFace_96/2-4.jpg
CBFace_960,CBFace,CBFace_960/1-9.jpg,CBFace_960/2-5.jpg
CBFace_961,CBFace,CBFace_961/1-11.jpg,CBFace_961/2-5.jpg
CBFace_962,CBFace,CBFace_962/1-6.jpg,CBFace_962/2-4.jpg
CBFace_963,CBFace,CBFace_963/1-11.jpg,CBFace_963/2-8.jpg
CBFace_964,CBFace,CBFace_964/1-10.jpg,CBFace_964/2-6.jpg
CBFace_965,CBFace,CBFace_965/1-10.jpg,CBFace_965/2-3.jpg
CBFace_967,CBFace,CBFace_967/1-1.jpg,CBFace_967/2-9.jpg
CBFace_968,CBFace,CBFace_968/1-2.jpg,CBFace_968/2-3.jpg
CBFace_969,CBFace,CBFace_969/1-2.jpg,CBFace_969/2-11.jpg
CBFace_97,CBFace,CBFace_97/1-5.jpg,CBFace_97/2-9.jpg
CBFace_971,CBFace,CBFace_971/1-2.jpg,CBFace_971/2-11.jpg
CBFace_972,CBFace,CBFace_972/1-0.jpg,CBFace_972/2-10.jpg
CBFace_973,CBFace,CBFace_973/1-4.jpg,CBFace_973/2-1.jpg
CBFace_974,CBFace,CBFace_974/1-7.jpg,CBFace_974/2-11.jpg
CBFace_976,CBFace,CBFace_976/1-2.jpg,CBFace_976/2-3.jpg
CBFace_977,CBFace,CBFace_977/1-6.jpg,CBFace_977/2-9.jpg
CBFace_978,CBFace,CBFace_978/1-3.jpg,CBFace_978/2-1.jpg
CBFace_979,CBFace,CBFace_979/1-8.jpg,CBFace_979/2-3.jpg
CBFace_98,CBFace,CBFace_98/1-7.jpg,CBFace_98/2-10.jpg
CBFace_980,CBFace,CBFace_980/1-0.jpg,CBFace_980/2-3.jpg
CBFace_981,CBFace,CBFace_981/1-3.jpg,CBFace_981/2-0.jpg
CBFace_982,CBFace,CBFace_982/1-10.jpg,CBFace_982/2-0.jpg
CBFace_983,CBFace,CBFace_983/1-5.jpg,CBFace_983/2-1.jpg
CBFace_985,CBFace,CBFace_985/1-11.jpg,CBFace_985/2-10.jpg
CBFace_986,CBFace,CBFace_986/1-8.jpg,CBFace_986/2-0.jpg
CBFace_988,CBFace,CBFace_988/1-2.jpg,CBFace_988/2-8.jpg
CBFace_989,CBFace,CBFace_989/1-2.jpg,CBFace_989/2-11.jpg
CBFace_99,CBFace,CBFace_99/1-9.jpg,CBFace_99/2-3.jpg
CBFace_990,CBFace,CBFace_990/1-6.jpg,CBFace_990/2-0.jpg
CBFace_991,CBFace,CBFace_991/1-6.jpg,CBFace_991/2-8.jpg
CBFace_992,CBFace,CBFace_992/1-5.jpg,CBFace_992/2-6.jpg
CBFace_993,CBFace,CBFace_993/1-7.jpg,CBFace_993/2-8.jpg
CBFace_994,CBFace,CBFace_994/1-4.jpg,CBFace_994/2-2.jpg
CBFace_995,CBFace,CBFace_995/1-9.jpg,CBFace_995/2-4.jpg
CBFace_996,CBFace,CBFace_996/1-5.jpg,CBFace_996/2-2.jpg
CBFace_997,CBFace,CBFace_997/1-2.jpg,CBFace_997/2-5.jpg
CBFace_998,CBFace,CBFace_998/1-1.jpg,CBFace_998/2-6.jpg
CBFace_999,CBFace,CBFace_999/1-7.jpg,CBFace_999/2-2.jpg
facescrub_0,facescrub,facescrub_0/1-Aaron_Eckhart_20_20.jpeg,facescrub_0/2-Aaron_Eckhart_136_102.jpeg
facescrub_1,facescrub,facescrub_1/1-Adam_Brody_409_267.jpeg,facescrub_1/2-Adam_Brody_422_277.jpeg
facescrub_10,facescrub,facescrub_10/1-Alfred_Molina_3952_2372.jpeg,facescrub_10/2-Alfred_Molina_4094_2475.jpeg
facescrub_100,facescrub,facescrub_100/1-George_Clooney_40195_21583.jpeg,facescrub_100/2-George_Clooney_40255_21631.jpeg
facescrub_101,facescrub,facescrub_101/1-George_Lopez_40263_21635.jpeg,facescrub_101/2-George_Lopez_40533_21830.jpeg
facescrub_102,facescrub,facescrub_102/1-Gerard_Butler_40678_21919.jpeg,facescrub_102/2-Gerard_Butler_40926_22078.jpeg
facescrub_103,facescrub,facescrub_103/1-Giovanni_Ribisi_41334_22125.jpeg,facescrub_103/2-Giovanni_Ribisi_41428_22200.jpeg
facescrub_104,facescrub,facescrub_104/1-Hal_Holbrook_41670_22239.jpeg,facescrub_104/2-Hal_Holbrook_41703_22263.jpeg
facescrub_105,facescrub,facescrub_105/1-Hank_Azaria_42011_22431.jpeg,facescrub_105/2-Hank_Azaria_42220_22563.jpeg
facescrub_106,facescrub,facescrub_106/1-Harrison_Ford_42345_22632.jpeg,facescrub_106/2-Harrison_Ford_42422_22685.jpeg
facescrub_107,facescrub,facescrub_107/1-Harry_Connick_Jr._42550_22769.jpeg,facescrub_107/2-Harry_Connick_Jr._42843_22939.jpeg
facescrub_108,facescrub,facescrub_108/1-Hayden_Christensen_42923_22990.jpeg,facescrub_108/2-Hayden_Christensen_43154_23116.jpeg
facescrub_109,facescrub,facescrub_109/1-Heath_Ledger_43283_23195.jpeg,facescrub_109/2-Heath_Ledger_43632_23376.jpeg
facescrub_11,facescrub,facescrub_11/1-Al_Pacino_1798_962.jpeg,facescrub_11/2-Al_Pacino_1856_1009.jpeg
facescrub_110,facescrub,facescrub_110/1-Hector_Elizondo_43671_23404.jpeg,facescrub_110/2-Hector_Elizondo_43849_23530.jpeg
facescrub_111,facescrub,facescrub_111/1-Hugh_Grant_43926_23579.jpeg,facescrub_111/2-Hugh_Grant_43970_23622.jpeg
facescrub_112,facescrub,facescrub_112/1-Hugh_Jackman_44276_23843.jpeg,facescrub_112/2-Hugh_Jackman_44554_23997.jpeg
facescrub_113,facescrub,facescrub_113/1-Hugo_Weaving_44702_24085.jpeg,facescrub_113/2-Hugo_Weaving_44648_24057.jpeg
facescrub_114,facescrub,facescrub_114/1-Ian_Holm_45245_24186.jpeg,facescrub_114/2-Ian_Holm_45172_24136.jpeg
facescrub_115,facescrub,facescrub_115/1-Ian_McKellen_45420_24276.jpeg,facescrub_115/2-Ian_McKellen_45453_24304.jpeg
facescrub_116,facescrub,facescrub_116/1-Ioan_Gruffudd_46136_24491.jpeg,facescrub_116/2-Ioan_Gruffudd_46476_24675.jpeg
facescrub_117,facescrub,facescrub_117/1-J.K._Simmons_46497_24685.jpeg,facescrub_117/2-J.K._Simmons_46679_24807.jpeg
facescrub_118,facescrub,facescrub_118/1-Jackie_Chan_47187_25041.jpeg,facescrub_118/2-Jackie_Chan_47229_25073.jpeg
facescrub_119,facescrub,facescrub_119/1-Jack_Nicholson_46905_24930.jpeg,facescrub_119/2-Jack_Nicholson_46900_24927.jpeg
facescrub_12,facescrub,facescrub_12/1-Amaury_Nolasco_4674_2628.jpeg,facescrub_12/2-Amaury_Nolasco_4875_2742.jpeg
facescrub_120,facescrub,facescrub_120/1-Jackson_Rathbone_47694_25355.jpeg,facescrub_120/2-Jackson_Rathbone_47875_25443.jpeg
facescrub_121,facescrub,facescrub_121/1-Jaden_Smith_47953_25486.jpeg,facescrub_121/2-Jaden_Smith_47970_25494.jpeg
facescrub_122,facescrub,facescrub_122/1-Jake_Gyllenhaal_48536_25800.jpeg,facescrub_122/2-Jake_Gyllenhaal_48324_25671.jpeg
facescrub_123,facescrub,facescrub_123/1-Jake_Weber_48678_25875.jpeg,facescrub_123/2-Jake_Weber_48788_25943.jpeg
facescrub_124,facescrub,facescrub_124/1-James_Brolin_49043_26043.jpeg,facescrub_124/2-James_Brolin_49047_26046.jpeg
facescrub_125,facescrub,facescrub_125/1-James_Frain_49376_26237.jpeg,facescrub_125/2-James_Frain_49309_26187.jpeg
facescrub_126,facescrub,facescrub_126/1-James_Franco_49632_26411.jpeg,facescrub_126/2-James_Franco_49631_26410.jpeg
facescrub_127,facescrub,facescrub_127/1-James_Marsden_49979_26640.jpeg,facescrub_127/2-James_Marsden_50051_26698.jpeg
facescrub_128,facescrub,facescrub_128/1-James_McAvoy_50343_26900.jpeg,facescrub_128/2-James_McAvoy_50478_26989.jpeg
facescrub_129,facescrub,facescrub_129/1-James_Remar_50764_27162.jpeg,facescrub_129/2-James_Remar_50754_27155.jpeg
facescrub_13,facescrub,facescrub_13/1-Andy_Garcia_4961_2791.jpeg,facescrub_13/2-Andy_Garcia_5274_3037.jpeg
facescrub_130,facescrub,facescrub_130/1-Jamie_Foxx_51135_27358.jpeg,facescrub_130/2-Jamie_Foxx_51330_27448.jpeg
facescrub_131,facescrub,facescrub_131/1-Jared_Padalecki_51426_27499.jpeg,facescrub_131/2-Jared_Padalecki_51433_27504.jpeg
facescrub_132,facescrub,facescrub_132/1-Jason_Bateman_51914_27780.jpeg,facescrub_132/2-Jason_Bateman_51785_27688.jpeg
facescrub_133,facescrub,facescrub_133/1-Jason_Behr_52175_27949.jpeg,facescrub_133/2-Jason_Behr_52227_27994.jpeg
facescrub_134,facescrub,facescrub_134/1-Jason_Biggs_52514_28181.jpeg,facescrub_134/2-Jason_Biggs_52735_28348.jpeg
facescrub_135,facescrub,facescrub_135/1-Jason_Lee_118928_55675.jpeg,facescrub_135/2-Jason_Lee_119030_55725.jpeg
facescrub_136,facescrub,facescrub_136/1-Jason_Statham_52930_28450.jpeg,facescrub_136/2-Jason_Statham_52987_28474.jpeg
facescrub_137,facescrub,facescrub_137/1-Jason_Sudeikis_53119_28519.jpeg,facescrub_137/2-Jason_Sudeikis_53399_28696.jpeg
facescrub_138,facescrub,facescrub_138/1-Jay_Baruchel_53830_28738.jpeg,facescrub_138/2-Jay_Baruchel_53856_28754.jpeg
facescrub_139,facescrub,facescrub_139/1-Jean-Claude_Van_Damme_54510_29112.jpeg,facescrub_139/2-Jean-Claude_Van_Damme_54722_29220.jpeg
facescrub_14,facescrub,facescrub_14/1-Andy_Richter_5300_3055.jpeg,facescrub_14/2-Andy_Richter_5561_3242.jpeg
facescrub_140,facescrub,facescrub_140/1-Jean_Reno_54187_28964.jpeg,facescrub_140/2-Jean_Reno_54376_29057.jpeg
facescrub_141,facescrub,facescrub_141/1-Jeffrey_Tambor_55312_29360.jpeg,facescrub_141/2-Jeffrey_Tambor_55201_29273.jpeg
facescrub_142,facescrub,facescrub_142/1-Jensen_Ackles_55717_29608.jpeg,facescrub_142/2-Jensen_Ackles_55549_29507.jpeg
facescrub_143,facescrub,facescrub_143/1-Jeremy_Irons_55836_29653.jpeg,facescrub_143/2-Jeremy_Irons_55887_29693.jpeg
facescrub_144,facescrub,facescrub_144/1-Jeremy_Sisto_56313_29966.jpeg,facescrub_144/2-Jeremy_Sisto_56512_30077.jpeg
facescrub_145,facescrub,facescrub_145/1-Jerry_Seinfeld_56540_30097.jpeg,facescrub_145/2-Jerry_Seinfeld_56784_30268.jpeg
facescrub_146,facescrub,facescrub_146/1-Jesse_Eisenberg_56898_30344.jpeg,facescrub_146/2-Jesse_Eisenberg_57033_30432.jpeg
facescrub_147,facescrub,facescrub_147/1-Jet_Li_57356_30641.jpeg,facescrub_147/2-Jet_Li_57549_30748.jpeg
facescrub_148,facescrub,facescrub_148/1-Jim_Beaver_57613_30780.jpeg,facescrub_148/2-Jim_Beaver_57775_30882.jpeg
facescrub_149,facescrub,facescrub_149/1-Jim_Carrey_57944_30946.jpeg,facescrub_149/2-Jim_Carrey_58139_31077.jpeg
facescrub_15,facescrub,facescrub_15/1-Andy_Serkis_5720_3327.jpeg,facescrub_15/2-Andy_Serkis_5814_3375.jpeg
facescrub_150,facescrub,facescrub_150/1-Jim_Caviezel_58422_31256.jpeg,facescrub_150/2-Jim_Caviezel_58493_31295.jpeg
facescrub_151,facescrub,facescrub_151/1-Jimmy_Fallon_58775_31466.jpeg,facescrub_151/2-Jimmy_Fallon_58791_31477.jpeg
facescrub_152,facescrub,facescrub_152/1-Joaquin_Phoenix_59045_31599.jpeg,facescrub_152/2-Joaquin_Phoenix_59067_31611.jpeg
facescrub_153,facescrub,facescrub_153/1-Joe_Manganiello_59400_31772.jpeg,facescrub_153/2-Joe_Manganiello_59729_31965.jpeg
facescrub_154,facescrub,facescrub_154/1-Joe_Pantoliano_59863_32046.jpeg,facescrub_154/2-Joe_Pantoliano_59795_32005.jpeg
facescrub_155,facescrub,facescrub_155/1-John_Cleese_60096_32172.jpeg,facescrub_155/2-John_Cleese_60223_32262.jpeg
facescrub_156,facescrub,facescrub_156/1-John_Cusack_60348_32338.jpeg,facescrub_156/2-John_Cusack_60373_32361.jpeg
facescrub_157,facescrub,facescrub_157/1-John_Krasinski_60744_32604.jpeg,facescrub_157/2-John_Krasinski_60899_32699.jpeg
facescrub_158,facescrub,facescrub_158/1-John_Malkovich_61438_32790.png,facescrub_158/2-John_Malkovich_61611_32890.jpeg
facescrub_159,facescrub,facescrub_159/1-John_Noble_61785_32986.jpeg,facescrub_159/2-John_Noble_62007_33116.jpeg
facescrub_16,facescrub,facescrub_16/1-Anthony_Hopkins_6022_3497.jpeg,facescrub_16/2-Anthony_Hopkins_5993_3475.jpeg
facescrub_160,facescrub,facescrub_160/1-Johnny_Depp_62831_33411.jpeg,facescrub_160/2-Johnny_Depp_63138_33595.jpeg
facescrub_161,facescrub,facescrub_161/1-John_Travolta_62203_33230.jpeg,facescrub_161/2-John_Travolta_62400_33362.jpeg
facescrub_162,facescrub,facescrub_162/1-Jonah_Hill_64279_34139.jpeg,facescrub_162/2-Jonah_Hill_64337_34187.jpeg
facescrub_163,facescrub,facescrub_163/1-Jonathan_Rhys_Meyers_64747_34485.jpeg,facescrub_163/2-Jonathan_Rhys_Meyers_64973_34617.jpeg
facescrub_164,facescrub,facescrub_164/1-Jonathan_Sadowski_118094_55177.jpeg,facescrub_164/2-Jonathan_Sadowski_118312_55337.jpeg
facescrub_165,facescrub,facescrub_165/1-Jon_Hamm_63543_33635.jpeg,facescrub_165/2-Jon_Hamm_63633_33693.jpeg
facescrub_166,facescrub,facescrub_166/1-Jon_Voight_64100_34008.jpeg,facescrub_166/2-Jon_Voight_64099_34007.jpeg
facescrub_167,facescrub,facescrub_167/1-Josh_Brolin_65056_34676.jpeg,facescrub_167/2-Josh_Brolin_65048_34669.jpeg
facescrub_168,facescrub,facescrub_168/1-Josh_Duhamel_65357_34901.jpeg,facescrub_168/2-Josh_Duhamel_65516_34999.jpeg
facescrub_169,facescrub,facescrub_169/1-Josh_Hartnett_65840_35210.jpeg,facescrub_169/2-Josh_Hartnett_65931_35256.jpeg
facescrub_17,facescrub,facescrub_17/1-Anthony_Stewart_Head_6382_3735.jpeg,facescrub_17/2-Anthony_Stewart_Head_6455_3781.jpeg
facescrub_170,facescrub,facescrub_170/1-Joshua_Jackson_66089_35333.jpeg,facescrub_170/2-Joshua_Jackson_66109_35349.jpeg
facescrub_171,facescrub,facescrub_171/1-Jude_Law_66485_35593.jpeg,facescrub_171/2-Jude_Law_66670_35722.jpeg
facescrub_172,facescrub,facescrub_172/1-Justin_Long_67193_35818.jpeg,facescrub_172/2-Justin_Long_67407_35949.jpeg
facescrub_173,facescrub,facescrub_173/1-Justin_Timberlake_67554_36019.jpeg,facescrub_173/2-Justin_Timberlake_67561_36023.jpeg
facescrub_174,facescrub,facescrub_174/1-Kal_Penn_68078_36371.jpeg,facescrub_174/2-Kal_Penn_68112_36392.png
facescrub_175,facescrub,facescrub_175/1-Karl_Urban_68275_36494.jpeg,facescrub_175/2-Karl_Urban_68340_36535.jpeg
facescrub_176,facescrub,facescrub_176/1-Keanu_Reeves_68613_36696.jpeg,facescrub_176/2-Keanu_Reeves_68664_36733.jpeg
facescrub_177,facescrub,facescrub_177/1-Kellan_Lutz_68819_36825.jpeg,facescrub_177/2-Kellan_Lutz_68950_36914.jpeg
facescrub_178,facescrub,facescrub_178/1-Ken_Watanabe_69191_37039.jpeg,facescrub_178/2-Ken_Watanabe_69279_37083.jpeg
facescrub_179,facescrub,facescrub_179/1-Kerr_Smith_69522_37189.jpeg,facescrub_179/2-Kerr_Smith_69596_37249.jpeg
facescrub_18,facescrub,facescrub_18/1-Antonio_Banderas_6923_4019.jpeg,facescrub_18/2-Antonio_Banderas_7034_4079.jpeg
facescrub_180,facescrub,facescrub_180/1-Kevin_Bacon_69862_37430.jpeg,facescrub_180/2-Kevin_Bacon_69959_37504.jpeg
facescrub_181,facescrub,facescrub_181/1-Kevin_Connolly_70224_37677.jpeg,facescrub_181/2-Kevin_Connolly_70285_37721.jpeg
facescrub_182,facescrub,facescrub_182/1-Kevin_Costner_70587_37871.jpeg,facescrub_182/2-Kevin_Costner_70586_37870.jpeg
facescrub_183,facescrub,facescrub_183/1-Kevin_McKidd_71277_38125.jpeg,facescrub_183/2-Kevin_McKidd_71362_38194.jpeg
facescrub_184,facescrub,facescrub_184/1-Kiefer_Sutherland_71627_38378.jpeg,facescrub_184/2-Kiefer_Sutherland_71613_38366.jpeg
facescrub_185,facescrub,facescrub_185/1-Kit_Harington_71988_38619.jpeg,facescrub_185/2-Kit_Harington_71962_38597.png
facescrub_186,facescrub,facescrub_186/1-Kris_Kristofferson_72325_38826.jpeg,facescrub_186/2-Kris_Kristofferson_72349_38841.jpeg
facescrub_187,facescrub,facescrub_187/1-Laurence_Fishburne_72657_39011.jpeg,facescrub_187/2-Laurence_Fishburne_72890_39153.jpeg
facescrub_188,facescrub,facescrub_188/1-Leonardo_DiCaprio_72963_39207.jpeg,facescrub_188/2-Leonardo_DiCaprio_73072_39278.jpeg
facescrub_189,facescrub,facescrub_189/1-Leslie_Neilsen_73218_39377.jpeg,facescrub_189/2-Leslie_Neilsen_73266_39408.jpeg
facescrub_19,facescrub,facescrub_19/1-Arnold_Schwarzenegger_7172_4152.jpeg,facescrub_19/2-Arnold_Schwarzenegger_7077_4104.jpeg
facescrub_190,facescrub,facescrub_190/1-Liev_Schreiber_73581_39547.jpeg,facescrub_190/2-Liev_Schreiber_73661_39602.jpeg
facescrub_191,facescrub,facescrub_191/1-Luke_Wilson_73951_39767.jpeg,facescrub_191/2-Luke_Wilson_74267_39952.jpeg
facescrub_192,facescrub,facescrub_192/1-Mark_Ruffalo_74546_39961.jpeg,facescrub_192/2-Mark_Ruffalo_74614_40016.jpeg
facescrub_193,facescrub,facescrub_193/1-Mark_Wahlberg_74903_40218.jpeg,facescrub_193/2-Mark_Wahlberg_75260_40444.jpeg
facescrub_194,facescrub,facescrub_194/1-Martin_Henderson_75669_40483.jpeg,facescrub_194/2-Martin_Henderson_75630_40456.jpeg
facescrub_195,facescrub,facescrub_195/1-Martin_Lawrence_75895_40628.jpeg,facescrub_195/2-Martin_Lawrence_75981_40665.jpeg
facescrub_196,facescrub,facescrub_196/1-Martin_Sheen_76189_40742.jpeg,facescrub_196/2-Martin_Sheen_76201_40752.jpeg
facescrub_197,facescrub,facescrub_197/1-Matt_Czuchry_76885_40939.jpeg,facescrub_197/2-Matt_Czuchry_77044_41044.jpeg
facescrub_198,facescrub,facescrub_198/1-Matt_Damon_77216_41156.jpeg,facescrub_198/2-Matt_Damon_77336_41255.jpeg
facescrub_199,facescrub,facescrub_199/1-Matt_Dillon_77612_41444.jpeg,facescrub_199/2-Matt_Dillon_77861_41612.jpeg
facescrub_2,facescrub,facescrub_2/1-Adam_McKay_1025_539.jpeg,facescrub_2/2-Adam_McKay_1035_540.jpeg
facescrub_20,facescrub,facescrub_20/1-Arnold_Vosloo_7434_4257.jpeg,facescrub_20/2-Arnold_Vosloo_7661_4393.jpeg
facescrub_200,facescrub,facescrub_200/1-Matthew_Broderick_78621_42012.jpeg,facescrub_200/2-Matthew_Broderick_78624_42015.jpeg
facescrub_201,facescrub,facescrub_201/1-Matthew_Gray_Gubler_78973_42204.jpeg,facescrub_201/2-Matthew_Gray_Gubler_79070_42274.png
facescrub_202,facescrub,facescrub_202/1-Matthew_Lillard_79358_42454.jpeg,facescrub_202/2-Matthew_Lillard_79658_42669.png
facescrub_203,facescrub,facescrub_203/1-Matthew_McConaughey_79725_42705.jpeg,facescrub_203/2-Matthew_McConaughey_79844_42760.jpeg
facescrub_204,facescrub,facescrub_204/1-Matthew_Perry_80061_42867.jpeg,facescrub_204/2-Matthew_Perry_80123_42918.jpeg
facescrub_205,facescrub,facescrub_205/1-Matt_LeBlanc_77938_41656.jpeg,facescrub_205/2-Matt_LeBlanc_77942_41658.jpeg
facescrub_206,facescrub,facescrub_206/1-Matt_Long_78312_41873.jpeg,facescrub_206/2-Matt_Long_78567_41983.jpeg
facescrub_207,facescrub,facescrub_207/1-Mel_Gibson_80452_43138.jpeg,facescrub_207/2-Mel_Gibson_80737_43336.jpeg
facescrub_208,facescrub,facescrub_208/1-Michael_Douglas_81182_43389.jpeg,facescrub_208/2-Michael_Douglas_81510_43604.jpeg
facescrub_209,facescrub,facescrub_209/1-Michael_Landes_82228_43644.jpeg,facescrub_209/2-Michael_Landes_82268_43671.jpeg
facescrub_21,facescrub,facescrub_21/1-Ashton_Kutcher_7750_4438.jpeg,facescrub_21/2-Ashton_Kutcher_7986_4589.jpeg
facescrub_210,facescrub,facescrub_210/1-Michael_Vartan_83119_43754.jpeg,facescrub_210/2-Michael_Vartan_83337_43902.jpeg
facescrub_211,facescrub,facescrub_211/1-Michael_Weatherly_83460_43978.jpeg,facescrub_211/2-Michael_Weatherly_83575_44068.jpeg
facescrub_212,facescrub,facescrub_212/1-Mike_Myers_83800_44204.jpeg,facescrub_212/2-Mike_Myers_83872_44252.jpeg
facescrub_213,facescrub,facescrub_213/1-Milo_Ventimiglia_84104_44372.jpeg,facescrub_213/2-Milo_Ventimiglia_84141_44404.jpeg
facescrub_214,facescrub,facescrub_214/1-Misha_Collins_84505_44614.jpeg,facescrub_214/2-Misha_Collins_84510_44618.jpeg
facescrub_215,facescrub,facescrub_215/1-Neal_McDonough_85638_44850.jpeg,facescrub_215/2-Neal_McDonough_85847_44972.jpeg
facescrub_216,facescrub,facescrub_216/1-Nick_Frost_86388_45050.jpeg,facescrub_216/2-Nick_Frost_86315_45001.jpeg
facescrub_217,facescrub,facescrub_217/1-Nicolas_Cage_87094_45226.jpeg,facescrub_217/2-Nicolas_Cage_87295_45345.jpeg
facescrub_218,facescrub,facescrub_218/1-Norman_Reedus_87452_45440.jpeg,facescrub_218/2-Norman_Reedus_87640_45529.jpeg
facescrub_219,facescrub,facescrub_219/1-Oliver_Platt_87845_45606.jpeg,facescrub_219/2-Oliver_Platt_88077_45745.jpeg
facescrub_22,facescrub,facescrub_22/1-Ben_Affleck_8456_4657.jpeg,facescrub_22/2-Ben_Affleck_8815_4910.jpeg
facescrub_220,facescrub,facescrub_220/1-Omid_Djalili_88228_45821.jpeg,facescrub_220/2-Omid_Djalili_88400_45906.jpeg
facescrub_221,facescrub,facescrub_221/1-Orlando_Bloom_88517_45965.jpeg,facescrub_221/2-Orlando_Bloom_88755_46127.jpeg
facescrub_222,facescrub,facescrub_222/1-Owen_Wilson_88895_46208.jpeg,facescrub_222/2-Owen_Wilson_89236_46423.jpeg
facescrub_223,facescrub,facescrub_223/1-Patrick_Dempsey_89254_46438.jpeg,facescrub_223/2-Patrick_Dempsey_89392_46539.jpeg
facescrub_224,facescrub,facescrub_224/1-Patrick_Swayze_89626_46683.jpeg,facescrub_224/2-Patrick_Swayze_89640_46694.jpeg
facescrub_225,facescrub,facescrub_225/1-Patrick_Warburton_90047_46944.jpeg,facescrub_225/2-Patrick_Warburton_90126_46983.jpeg
facescrub_226,facescrub,facescrub_226/1-Paul_Bettany_90307_47059.jpeg,facescrub_226/2-Paul_Bettany_90334_47079.jpeg
facescrub_227,facescrub,facescrub_227/1-Paul_Walker_90671_47249.jpeg,facescrub_227/2-Paul_Walker_90711_47277.jpeg
facescrub_228,facescrub,facescrub_228/1-Peter_Sarsgaard_91401_47479.jpeg,facescrub_228/2-Peter_Sarsgaard_91701_47675.jpeg
facescrub_229,facescrub,facescrub_229/1-Philip_Seymour_Hoffman_92120_47758.jpeg,facescrub_229/2-Philip_Seymour_Hoffman_92200_47809.jpeg
facescrub_23,facescrub,facescrub_23/1-Benicio_Del_Toro_9963_5686.jpeg,facescrub_23/2-Benicio_Del_Toro_10247_5858.jpeg
facescrub_230,facescrub,facescrub_230/1-Pierce_Brosnan_92359_47907.jpeg,facescrub_230/2-Pierce_Brosnan_92333_47886.jpeg
facescrub_231,facescrub,facescrub_231/1-Ray_Stevenson_93047_48114.jpeg,facescrub_231/2-Ray_Stevenson_93197_48205.jpeg
facescrub_232,facescrub,facescrub_232/1-Richard_E._Grant_93245_48240.jpeg,facescrub_232/2-Richard_E._Grant_93451_48352.jpeg
facescrub_233,facescrub,facescrub_233/1-Richard_Gere_93639_48464.jpeg,facescrub_233/2-Richard_Gere_93894_48606.jpeg
facescrub_234,facescrub,facescrub_234/1-Richard_Madden_93905_48613.jpeg,facescrub_234/2-Richard_Madden_94073_48722.jpeg
facescrub_235,facescrub,facescrub_235/1-Richard_Schiff_94394_48902.jpeg,facescrub_235/2-Richard_Schiff_94272_48829.jpeg
facescrub_236,facescrub,facescrub_236/1-Robert_Di_Niro_94914_49179.jpeg,facescrub_236/2-Robert_Di_Niro_95081_49271.jpeg
facescrub_237,facescrub,facescrub_237/1-Robert_Downey_Jr._95360_49435.jpeg,facescrub_237/2-Robert_Downey_Jr._95535_49507.jpeg
facescrub_238,facescrub,facescrub_238/1-Robert_Duvall_95636_49558.jpeg,facescrub_238/2-Robert_Duvall_95893_49718.jpeg
facescrub_239,facescrub,facescrub_239/1-Robert_Knepper_96056_49800.jpeg,facescrub_239/2-Robert_Knepper_96001_49767.jpeg
facescrub_24,facescrub,facescrub_24/1-Ben_Kingsley_8849_4938.jpeg,facescrub_24/2-Ben_Kingsley_9073_5099.jpeg
facescrub_240,facescrub,facescrub_240/1-Robert_Patrick_96343_49957.jpeg,facescrub_240/2-Robert_Patrick_96358_49966.jpeg
facescrub_241,facescrub,facescrub_241/1-Robert_Pattinson_96943_50308.jpeg,facescrub_241/2-Robert_Pattinson_96681_50131.jpeg
facescrub_242,facescrub,facescrub_242/1-Robert_Redford_97011_50348.jpeg,facescrub_242/2-Robert_Redford_97297_50532.jpeg
facescrub_243,facescrub,facescrub_243/1-Robin_Williams_97375_50582.jpeg,facescrub_243/2-Robin_Williams_97505_50662.jpeg
facescrub_244,facescrub,facescrub_244/1-Rob_Schneider_94612_49017.jpeg,facescrub_244/2-Rob_Schneider_94713_49079.jpeg
facescrub_245,facescrub,facescrub_245/1-Rupert_Friend_98434_50785.jpeg,facescrub_245/2-Rupert_Friend_98612_50881.jpeg
facescrub_246,facescrub,facescrub_246/1-Rupert_Grint_98792_50978.jpeg,facescrub_246/2-Rupert_Grint_98913_51038.jpeg
facescrub_247,facescrub,facescrub_247/1-Russell_Crowe_99160_51175.jpeg,facescrub_247/2-Russell_Crowe_99500_51381.jpeg
facescrub_248,facescrub,facescrub_248/1-Ryan_Gosling_99535_51400.jpeg,facescrub_248/2-Ryan_Gosling_99633_51472.jpeg
facescrub_249,facescrub,facescrub_249/1-Ryan_Phillippe_99916_51638.jpeg,facescrub_249/2-Ryan_Phillippe_99928_51649.jpeg
facescrub_25,facescrub,facescrub_25/1-Ben_McKenzie_9196_5185.jpeg,facescrub_25/2-Ben_McKenzie_9509_5351.jpeg
facescrub_250,facescrub,facescrub_250/1-Ryan_Reynolds_100285_51844.jpeg,facescrub_250/2-Ryan_Reynolds_100550_52018.jpeg
facescrub_251,facescrub,facescrub_251/1-Sam_Rockwell_101236_52228.jpeg,facescrub_251/2-Sam_Rockwell_101066_52120.jpeg
facescrub_252,facescrub,facescrub_252/1-Samuel_L._Jackson_101459_52376.jpeg,facescrub_252/2-Samuel_L._Jackson_101684_52503.jpeg
facescrub_253,facescrub,facescrub_253/1-Scott_Patterson_101719_52516.jpeg,facescrub_253/2-Scott_Patterson_101739_52532.jpeg
facescrub_254,facescrub,facescrub_254/1-Sean_Bean_102630_52845.jpeg,facescrub_254/2-Sean_Bean_102514_52768.jpeg
facescrub_256,facescrub,facescrub_256/1-Seth_Rogen_103237_53008.jpeg,facescrub_256/2-Seth_Rogen_103193_52983.jpeg
facescrub_257,facescrub,facescrub_257/1-Shia_LaBeouf_103445_53140.jpeg,facescrub_257/2-Shia_LaBeouf_103454_53146.jpeg
facescrub_258,facescrub,facescrub_258/1-Simon_Pegg_103851_53398.jpeg,facescrub_258/2-Simon_Pegg_103964_53477.jpeg
facescrub_259,facescrub,facescrub_259/1-Steve_Carell_104552_53649.jpeg,facescrub_259/2-Steve_Carell_104555_53652.jpeg
facescrub_26,facescrub,facescrub_26/1-Ben_Stiller_9819_5582.jpeg,facescrub_26/2-Ben_Stiller_9558_5377.jpeg
facescrub_260,facescrub,facescrub_260/1-T.J._Thyne_105932_53933.jpeg,facescrub_260/2-T.J._Thyne_105947_53946.jpeg
facescrub_261,facescrub,facescrub_261/1-Taylor_Lautner_106264_54107.jpeg,facescrub_261/2-Taylor_Lautner_106399_54212.jpeg
facescrub_262,facescrub,facescrub_262/1-Tobey_Maguire_108851_54363.jpeg,facescrub_262/2-Tobey_Maguire_108906_54402.jpeg
facescrub_263,facescrub,facescrub_263/1-Tom_Hanks_110040_54620.jpeg,facescrub_263/2-Tom_Hanks_110095_54670.jpeg
facescrub_264,facescrub,facescrub_264/1-Victor_Garber_112621_54760.jpeg,facescrub_264/2-Victor_Garber_112809_54899.jpeg
facescrub_265,facescrub,facescrub_265/1-Woody_Allen_117057_55037.jpeg,facescrub_265/2-Woody_Allen_117085_55050.jpeg
facescrub_266,facescrub,facescrub_266/1-Adrianne_Leo_95546_43213.jpeg,facescrub_266/2-Adrianne_Leo_95797_43270.jpeg
facescrub_267,facescrub,facescrub_267/1-Adrienne_Barbeau_9059_4240.jpeg,facescrub_267/2-Adrienne_Barbeau_9154_4289.jpeg
facescrub_268,facescrub,facescrub_268/1-Adrienne_Frantz_58367_27852.png,facescrub_268/2-Adrienne_Frantz_58264_27772.jpeg
facescrub_269,facescrub,facescrub_269/1-Aisha_Hinds_78851_35729.jpeg,facescrub_269/2-Aisha_Hinds_78837_35723.jpeg
facescrub_27,facescrub,facescrub_27/1-Bernard_Hill_10318_5891.jpeg,facescrub_27/2-Bernard_Hill_10481_5960.jpeg
facescrub_270,facescrub,facescrub_270/1-Alice_Krige_89432_40702.jpeg,facescrub_270/2-Alice_Krige_89511_40749.jpeg
facescrub_271,facescrub,facescrub_271/1-Alley_Mills_114677_51967.jpeg,facescrub_271/2-Alley_Mills_114733_51995.jpeg
facescrub_272,facescrub,facescrub_272/1-Allison_Janney_82903_37383.jpeg,facescrub_272/2-Allison_Janney_82997_37446.jpeg
facescrub_273,facescrub,facescrub_273/1-Alyson_Hannigan_70953_32295.jpeg,facescrub_273/2-Alyson_Hannigan_70744_32162.jpeg
facescrub_274,facescrub,facescrub_274/1-Alyssa_Milano_113949_51523.jpeg,facescrub_274/2-Alyssa_Milano_114065_51592.jpeg
facescrub_275,facescrub,facescrub_275/1-Amanda_Bearse_10740_4891.jpeg,facescrub_275/2-Amanda_Bearse_10746_4895.jpeg
facescrub_276,facescrub,facescrub_276/1-America_Ferrera_54563_25815.jpeg,facescrub_276/2-America_Ferrera_54620_25862.jpeg
facescrub_277,facescrub,facescrub_277/1-Amy_Davidson_39568_18458.jpeg,facescrub_277/2-Amy_Davidson_39729_18570.jpeg
facescrub_278,facescrub,facescrub_278/1-Andrea_Anders_3509_1713.jpeg,facescrub_278/2-Andrea_Anders_3668_1787.jpeg
facescrub_279,facescrub,facescrub_279/1-Andrea_Bogart_18335_8380.jpeg,facescrub_279/2-Andrea_Bogart_18645_8465.jpeg
facescrub_28,facescrub,facescrub_28/1-Bernie_Mac_10582_5986.jpeg,facescrub_28/2-Bernie_Mac_10617_6007.jpeg
facescrub_280,facescrub,facescrub_280/1-Andrea_Bowen_19723_8849.jpeg,facescrub_280/2-Andrea_Bowen_19732_8858.jpeg
facescrub_281,facescrub,facescrub_281/1-Angell_Conwell_33881_15497.jpeg,facescrub_281/2-Angell_Conwell_33659_15363.jpeg
facescrub_282,facescrub,facescrub_282/1-Angie_Harmon_70965_32306.jpeg,facescrub_282/2-Angie_Harmon_71051_32375.jpeg
facescrub_283,facescrub,facescrub_283/1-Anne_Hathaway_73972_33486.jpeg,facescrub_283/2-Anne_Hathaway_74043_33537.jpeg
facescrub_284,facescrub,facescrub_284/1-Annie_Ilonzeh_81570_37027.jpeg,facescrub_284/2-Annie_Ilonzeh_81818_37174.jpeg
facescrub_285,facescrub,facescrub_285/1-Ashley_Benson_8673_4010.jpeg,facescrub_285/2-Ashley_Benson_8903_4150.jpeg
facescrub_286,facescrub,facescrub_286/1-Ashley_Johnson_83498_37663.jpeg,facescrub_286/2-Ashley_Johnson_83234_37603.jpeg
facescrub_287,facescrub,facescrub_287/1-Ashley_Jones_83908_37935.jpeg,facescrub_287/2-Ashley_Jones_84022_38035.jpeg
facescrub_288,facescrub,facescrub_288/1-Audra_McDonald_110225_49528.jpeg,facescrub_288/2-Audra_McDonald_110242_49543.jpeg
facescrub_289,facescrub,facescrub_289/1-Audrey_Landers_91741_42130.jpeg,facescrub_289/2-Audrey_Landers_91932_42236.jpeg
facescrub_29,facescrub,facescrub_29/1-Bill_Cosby_10918_6133.jpeg,facescrub_29/2-Bill_Cosby_11167_6281.jpeg
facescrub_290,facescrub,facescrub_290/1-Barbara_Carrera_26537_11968.jpeg,facescrub_290/2-Barbara_Carrera_26499_11948.jpeg
facescrub_291,facescrub,facescrub_291/1-Bobbie_Eakes_48950_23508.jpeg,facescrub_291/2-Bobbie_Eakes_48986_23536.jpeg
facescrub_292,facescrub,facescrub_292/1-Bonnie_Franklin_58013_27618.jpeg,facescrub_292/2-Bonnie_Franklin_57851_27526.jpeg
facescrub_293,facescrub,facescrub_293/1-Brianna_Brown_22938_10497.jpeg,facescrub_293/2-Brianna_Brown_22907_10487.jpeg
facescrub_294,facescrub,facescrub_294/1-Brooke_Langton_92642_42528.jpeg,facescrub_294/2-Brooke_Langton_92760_42587.jpeg
facescrub_295,facescrub,facescrub_295/1-Calista_Flockhart_56665_27179.jpeg,facescrub_295/2-Calista_Flockhart_56758_27228.jpeg
facescrub_296,facescrub,facescrub_296/1-Candace_Cameron_Bure_24410_10818.jpeg,facescrub_296/2-Candace_Cameron_Bure_24502_10894.jpeg
facescrub_297,facescrub,facescrub_297/1-Candice_Bergen_13578_5855.jpeg,facescrub_297/2-Candice_Bergen_13744_5982.jpeg
facescrub_298,facescrub,facescrub_298/1-Carey_Lowell_101251_45933.jpeg,facescrub_298/2-Carey_Lowell_101324_45977.jpeg
facescrub_299,facescrub,facescrub_299/1-Carla_Gallo_59312_28044.jpeg,facescrub_299/2-Carla_Gallo_59399_28090.jpeg
facescrub_3,facescrub,facescrub_3/1-Adam_Sandler_1109_575.jpeg,facescrub_3/2-Adam_Sandler_1365_730.jpeg
facescrub_30,facescrub,facescrub_30/1-Bill_Hader_11586_6591.jpeg,facescrub_30/2-Bill_Hader_11332_6398.jpeg
facescrub_300,facescrub,facescrub_300/1-Carmen_Electra_50645_24209.jpeg,facescrub_300/2-Carmen_Electra_50777_24289.jpeg
facescrub_301,facescrub,facescrub_301/1-Caroline_Dhavernas_45235_21499.jpeg,facescrub_301/2-Caroline_Dhavernas_45378_21607.jpeg
facescrub_302,facescrub,facescrub_302/1-Carolyn_Hennesy_76535_34671.jpeg,facescrub_302/2-Carolyn_Hennesy_76562_34697.jpeg
facescrub_303,facescrub,facescrub_303/1-Catherine_Bell_11730_4990.jpeg,facescrub_303/2-Catherine_Bell_11787_5025.jpeg
facescrub_304,facescrub,facescrub_304/1-Cathy_Lee_Crosby_35865_16556.jpeg,facescrub_304/2-Cathy_Lee_Crosby_35770_16522.jpeg
facescrub_305,facescrub,facescrub_305/1-Chase_Masterson_106558_48215.jpeg,facescrub_305/2-Chase_Masterson_106569_48223.jpeg
facescrub_306,facescrub,facescrub_306/1-Cheryl_Hines_79161_35834.jpeg,facescrub_306/2-Cheryl_Hines_79206_35867.jpeg
facescrub_307,facescrub,facescrub_307/1-Cheryl_Ladd_91139_41708.jpeg,facescrub_307/2-Cheryl_Ladd_91222_41765.jpeg
facescrub_308,facescrub,facescrub_308/1-Christa_Miller_114277_51725.jpeg,facescrub_308/2-Christa_Miller_114386_51807.jpeg
facescrub_309,facescrub,facescrub_309/1-Christel_Khalil_88632_40302.jpeg,facescrub_309/2-Christel_Khalil_88572_40270.jpeg
facescrub_31,facescrub,facescrub_31/1-Bill_Murray_11613_6609.jpeg,facescrub_31/2-Bill_Murray_11604_6601.jpeg
facescrub_310,facescrub,facescrub_310/1-Christina_Applegate_5795_2765.jpeg,facescrub_310/2-Christina_Applegate_5928_2861.jpeg
facescrub_311,facescrub,facescrub_311/1-Christina_Bennett_Lind_96759_43669.jpeg,facescrub_311/2-Christina_Bennett_Lind_96879_43699.jpeg
facescrub_312,facescrub,facescrub_312/1-Christine_Lakin_91469_41942.jpeg,facescrub_312/2-Christine_Lakin_91697_42097.jpeg
facescrub_313,facescrub,facescrub_313/1-Chyler_Leigh_95872_43297.jpeg,facescrub_313/2-Chyler_Leigh_95840_43274.jpeg
facescrub_314,facescrub,facescrub_314/1-Ciara_Bravo_21498_10033.jpeg,facescrub_314/2-Ciara_Bravo_21679_10141.jpeg
facescrub_315,facescrub,facescrub_315/1-Courteney_Cox_35357_16222.jpeg,facescrub_315/2-Courteney_Cox_35710_16488.jpeg
facescrub_316,facescrub,facescrub_316/1-Crystal_Bernard_14585_6457.jpeg,facescrub_316/2-Crystal_Bernard_14672_6483.jpeg
facescrub_317,facescrub,facescrub_317/1-Crystal_Chappell_29811_13793.jpeg,facescrub_317/2-Crystal_Chappell_29871_13841.png
facescrub_318,facescrub,facescrub_318/1-Dana_Delany_43483_20420.jpeg,facescrub_318/2-Dana_Delany_43794_20643.jpeg
facescrub_319,facescrub,facescrub_319/1-Danica_McKellar_110973_49995.jpeg,facescrub_319/2-Danica_McKellar_110981_49998.jpeg
facescrub_32,facescrub,facescrub_32/1-Bill_Nighy_12141_6901.jpeg,facescrub_32/2-Bill_Nighy_12074_6863.jpeg
facescrub_320,facescrub,facescrub_320/1-Debi_Mazar_107871_48542.jpeg,facescrub_320/2-Debi_Mazar_108052_48691.jpeg
facescrub_321,facescrub,facescrub_321/1-Debra_Messing_112586_50608.jpeg,facescrub_321/2-Debra_Messing_112533_50565.jpeg
facescrub_322,facescrub,facescrub_322/1-Delta_Burke_24773_11052.jpeg,facescrub_322/2-Delta_Burke_24976_11160.jpeg
facescrub_323,facescrub,facescrub_323/1-Denise_Crosby_36067_16591.jpeg,facescrub_323/2-Denise_Crosby_36194_16677.jpeg
facescrub_324,facescrub,facescrub_324/1-Diahann_Carroll_27188_12367.jpeg,facescrub_324/2-Diahann_Carroll_27377_12474.jpeg
facescrub_325,facescrub,facescrub_325/1-Dianna_Agron_334_190.jpeg,facescrub_325/2-Dianna_Agron_346_198.jpeg
facescrub_326,facescrub,facescrub_326/1-Didi_Conn_33348_15264.jpeg,facescrub_326/2-Didi_Conn_33521_15331.jpeg
facescrub_327,facescrub,facescrub_327/1-Dina_Meyer_113196_51025.jpeg,facescrub_327/2-Dina_Meyer_113410_51168.jpeg
facescrub_328,facescrub,facescrub_328/1-Drea_de_Matteo_44891_21289.jpeg,facescrub_328/2-Drea_de_Matteo_44930_21318.jpeg
facescrub_329,facescrub,facescrub_329/1-Edie_Falco_52890_24816.jpeg,facescrub_329/2-Edie_Falco_52926_24849.jpeg
facescrub_33,facescrub,facescrub_33/1-Billy_Bob_Thornton_12456_7075.jpeg,facescrub_33/2-Billy_Bob_Thornton_12633_7176.jpeg
facescrub_330,facescrub,facescrub_330/1-Eileen_Davidson_39862_18636.jpeg,facescrub_330/2-Eileen_Davidson_40087_18768.jpeg
facescrub_331,facescrub,facescrub_331/1-Elizabeth_Berkley_13895_6088.jpeg,facescrub_331/2-Elizabeth_Berkley_13979_6149.jpeg
facescrub_332,facescrub,facescrub_332/1-Elizabeth_Hendrickson_75906_34308.jpeg,facescrub_332/2-Elizabeth_Hendrickson_76167_34442.png
facescrub_333,facescrub,facescrub_333/1-Eliza_Coupe_35002_16012.jpeg,facescrub_333/2-Eliza_Coupe_35060_16057.jpeg
facescrub_334,facescrub,facescrub_334/1-Eliza_Dushku_48656_23363.jpeg,facescrub_334/2-Eliza_Dushku_48577_23311.jpeg
facescrub_335,facescrub,facescrub_335/1-Ellen_DeGeneres_41664_19550.jpeg,facescrub_335/2-Ellen_DeGeneres_41714_19574.jpeg
facescrub_336,facescrub,facescrub_336/1-Ellen_Greene_67580_30925.jpeg,facescrub_336/2-Ellen_Greene_67819_31001.jpeg
facescrub_337,facescrub,facescrub_337/1-Emily_Deschanel_43865_20689.jpeg,facescrub_337/2-Emily_Deschanel_44132_20849.jpeg
facescrub_338,facescrub,facescrub_338/1-Erin_Chambers_29555_13721.jpeg,facescrub_338/2-Erin_Chambers_29592_13744.jpeg
facescrub_339,facescrub,facescrub_339/1-Erin_Cummings_37375_17324.jpeg,facescrub_339/2-Erin_Cummings_37343_17300.jpeg
facescrub_34,facescrub,facescrub_34/1-Billy_Boyd_12672_7197.jpeg,facescrub_34/2-Billy_Boyd_12752_7246.jpeg
facescrub_340,facescrub,facescrub_340/1-Eva_Longoria_99206_44896.jpeg,facescrub_340/2-Eva_Longoria_99246_44929.jpeg
facescrub_341,facescrub,facescrub_341/1-Faith_Ford_56962_27346.jpeg,facescrub_341/2-Faith_Ford_57084_27426.jpeg
facescrub_342,facescrub,facescrub_342/1-Farah_Fath_53556_25230.jpeg,facescrub_342/2-Farah_Fath_53737_25362.jpeg
facescrub_343,facescrub,facescrub_343/1-Farrah_Fawcett_53863_25423.jpeg,facescrub_343/2-Farrah_Fawcett_53928_25470.jpeg
facescrub_344,facescrub,facescrub_344/1-Felicity_Huffman_80480_36306.jpeg,facescrub_344/2-Felicity_Huffman_80572_36385.jpeg
facescrub_345,facescrub,facescrub_345/1-Florencia_Lozano_100553_45568.jpeg,facescrub_345/2-Florencia_Lozano_100615_45597.png
facescrub_346,facescrub,facescrub_346/1-Frances_Fisher_55941_26746.jpeg,facescrub_346/2-Frances_Fisher_56080_26842.jpeg
facescrub_347,facescrub,facescrub_347/1-Fran_Drescher_47504_22775.jpeg,facescrub_347/2-Fran_Drescher_47801_23008.jpeg
facescrub_348,facescrub,facescrub_348/1-Gabrielle_Carteris_27824_12517.jpeg,facescrub_348/2-Gabrielle_Carteris_27883_12567.jpeg
facescrub_349,facescrub,facescrub_349/1-Gates_McFadden_110575_49748.jpeg,facescrub_349/2-Gates_McFadden_110622_49788.jpeg
facescrub_35,facescrub,facescrub_35/1-Billy_Burke_13008_7402.jpeg,facescrub_35/2-Billy_Burke_13239_7575.png
facescrub_350,facescrub,facescrub_350/1-Geena_Davis_40164_18821.jpeg,facescrub_350/2-Geena_Davis_40229_18878.jpeg
facescrub_351,facescrub,facescrub_351/1-Gillian_Anderson_4075_1837.jpeg,facescrub_351/2-Gillian_Anderson_4205_1937.jpeg
facescrub_352,facescrub,facescrub_352/1-Glenn_Close_32011_14588.jpeg,facescrub_352/2-Glenn_Close_31974_14555.jpeg
facescrub_353,facescrub,facescrub_353/1-Heather_Locklear_98174_44349.jpeg,facescrub_353/2-Heather_Locklear_98188_44362.jpeg
facescrub_354,facescrub,facescrub_354/1-Helen_Hunt_80936_36640.jpeg,facescrub_354/2-Helen_Hunt_80828_36567.jpeg
facescrub_355,facescrub,facescrub_355/1-Holly_Marie_Combs_33016_15054.jpeg,facescrub_355/2-Holly_Marie_Combs_33191_15168.jpeg
facescrub_356,facescrub,facescrub_356/1-Ilene_Kristen_89653_40816.jpeg,facescrub_356/2-Ilene_Kristen_89702_40837.png
facescrub_357,facescrub,facescrub_357/1-Jackee_Harry_72653_32945.jpeg,facescrub_357/2-Jackee_Harry_72646_32941.jpeg
facescrub_358,facescrub,facescrub_358/1-Jamie_Lee_Curtis_38287_17828.jpeg,facescrub_358/2-Jamie_Lee_Curtis_38428_17946.jpeg
facescrub_359,facescrub,facescrub_359/1-Jamie_Luner_101917_46332.jpeg,facescrub_359/2-Jamie_Luner_102064_46435.jpeg
facescrub_36,facescrub,facescrub_36/1-Billy_Zane_13335_7636.jpeg,facescrub_36/2-Billy_Zane_13452_7728.jpeg
facescrub_360,facescrub,facescrub_360/1-Jane_Curtin_38069_17760.jpeg,facescrub_360/2-Jane_Curtin_38149_17789.jpeg
facescrub_361,facescrub,facescrub_361/1-Jane_Krakowski_89060_40483.jpeg,facescrub_361/2-Jane_Krakowski_89396_40678.jpeg
facescrub_362,facescrub,facescrub_362/1-Jane_Leeves_94891_42794.jpeg,facescrub_362/2-Jane_Leeves_94936_42822.jpeg
facescrub_363,facescrub,facescrub_363/1-Jane_Lynch_102279_46555.jpeg,facescrub_363/2-Jane_Lynch_102200_46497.jpeg
facescrub_364,facescrub,facescrub_364/1-January_Jones_84494_38183.jpeg,facescrub_364/2-January_Jones_84638_38268.jpeg
facescrub_365,facescrub,facescrub_365/1-Jasmine_Guy_69330_31483.jpeg,facescrub_365/2-Jasmine_Guy_69423_31558.jpeg
facescrub_366,facescrub,facescrub_366/1-Jeanne_Cooper_34029_15582.jpeg,facescrub_366/2-Jeanne_Cooper_34038_15588.jpeg
facescrub_367,facescrub,facescrub_367/1-Jenilee_Harrison_72606_32920.jpeg,facescrub_367/2-Jenilee_Harrison_72397_32859.jpeg
facescrub_368,facescrub,facescrub_368/1-Jennette_McCurdy_109837_49285.jpeg,facescrub_368/2-Jennette_McCurdy_110200_49509.jpeg
facescrub_369,facescrub,facescrub_369/1-Jennie_Garth_60939_28578.jpeg,facescrub_369/2-Jennie_Garth_61022_28641.jpeg
facescrub_37,facescrub,facescrub_37/1-Brad_Garrett_13709_7895.jpeg,facescrub_37/2-Brad_Garrett_13958_8045.jpeg
facescrub_370,facescrub,facescrub_370/1-Jennifer_Aniston_5470_2535.jpeg,facescrub_370/2-Jennifer_Aniston_5653_2668.jpeg
facescrub_371,facescrub,facescrub_371/1-Jennifer_Gareis_60622_28388.jpeg,facescrub_371/2-Jennifer_Gareis_60728_28459.jpeg
facescrub_372,facescrub,facescrub_372/1-Jennifer_Love_Hewitt_78320_35606.jpeg,facescrub_372/2-Jennifer_Love_Hewitt_78152_35517.jpeg
facescrub_373,facescrub,facescrub_373/1-Jessica_Biel_16743_7344.jpeg,facescrub_373/2-Jessica_Biel_16803_7376.jpeg
facescrub_374,facescrub,facescrub_374/1-Jessica_Capshaw_26133_11675.jpeg,facescrub_374/2-Jessica_Capshaw_26457_11917.jpeg
facescrub_375,facescrub,facescrub_375/1-Jessica_Leccia_94344_42703.jpeg,facescrub_375/2-Jessica_Leccia_94329_42697.jpeg
facescrub_376,facescrub,facescrub_376/1-Jill_Eikenberry_50410_24157.jpeg,facescrub_376/2-Jill_Eikenberry_50535_24185.jpeg
facescrub_377,facescrub,facescrub_377/1-Jill_Hennessy_76941_34962.jpeg,facescrub_377/2-Jill_Hennessy_76863_34897.jpeg
facescrub_378,facescrub,facescrub_378/1-Joan_Collins_32630_14803.jpeg,facescrub_378/2-Joan_Collins_32749_14884.jpeg
facescrub_379,facescrub,facescrub_379/1-Joanna_Garci_60258_28146.jpeg,facescrub_379/2-Joanna_Garci_60595_28366.jpeg
facescrub_38,facescrub,facescrub_38/1-Bradley_Cooper_14400_8328.jpeg,facescrub_38/2-Bradley_Cooper_14671_8513.jpeg
facescrub_380,facescrub,facescrub_380/1-Joanna_Kerns_88227_40100.jpeg,facescrub_380/2-Joanna_Kerns_88321_40149.jpeg
facescrub_381,facescrub,facescrub_381/1-Jodi_Long_98540_44632.jpeg,facescrub_381/2-Jodi_Long_98705_44674.jpeg
facescrub_382,facescrub,facescrub_382/1-Jolene_Blalock_17566_7895.jpeg,facescrub_382/2-Jolene_Blalock_17300_7735.jpeg
facescrub_383,facescrub,facescrub_383/1-Josie_Bissett_16324_7086.jpeg,facescrub_383/2-Josie_Bissett_16384_7128.jpeg
facescrub_384,facescrub,facescrub_384/1-Joyce_DeWitt_42849_20084.jpeg,facescrub_384/2-Joyce_DeWitt_43074_20215.jpeg
facescrub_385,facescrub,facescrub_385/1-Judi_Evans_51697_24434.jpeg,facescrub_385/2-Judi_Evans_51665_24413.jpeg
facescrub_386,facescrub,facescrub_386/1-Judith_Light_96631_43578.jpeg,facescrub_386/2-Judith_Light_96672_43610.jpeg
facescrub_387,facescrub,facescrub_387/1-Julia_Louis-Dreyfus_100847_45644.jpeg,facescrub_387/2-Julia_Louis-Dreyfus_101067_45803.jpeg
facescrub_388,facescrub,facescrub_388/1-Julianna_Margulies_104210_47228.jpeg,facescrub_388/2-Julianna_Margulies_104466_47413.jpeg
facescrub_389,facescrub,facescrub_389/1-Julie_Benz_13194_5558.jpeg,facescrub_389/2-Julie_Benz_13376_5706.jpeg
facescrub_39,facescrub,facescrub_39/1-Brad_Pitt_14358_8296.jpeg,facescrub_39/2-Brad_Pitt_14198_8199.jpeg
facescrub_390,facescrub,facescrub_390/1-Julie_Bowen_20100_9136.jpeg,facescrub_390/2-Julie_Bowen_20322_9293.jpeg
facescrub_391,facescrub,facescrub_391/1-Julie_Marie_Berman_14319_6355.jpeg,facescrub_391/2-Julie_Marie_Berman_14257_6314.jpeg
facescrub_392,facescrub,facescrub_392/1-Justine_Bateman_10465_4719.jpeg,facescrub_392/2-Justine_Bateman_10519_4760.jpeg
facescrub_393,facescrub,facescrub_393/1-Kaley_Cuoco_37821_17610.jpeg,facescrub_393/2-Kaley_Cuoco_37935_17681.jpeg
facescrub_394,facescrub,facescrub_394/1-Kassie_DePaiva_42190_19768.jpeg,facescrub_394/2-Kassie_DePaiva_42200_19776.jpeg
facescrub_395,facescrub,facescrub_395/1-Kate_Linder_97103_43796.jpeg,facescrub_395/2-Kate_Linder_97255_43869.jpeg
facescrub_396,facescrub,facescrub_396/1-Katherine_Helmond_75398_34028.jpeg,facescrub_396/2-Katherine_Helmond_75413_34036.jpeg
facescrub_397,facescrub,facescrub_397/1-Katherine_Kelly_Lang_92273_42270.jpeg,facescrub_397/2-Katherine_Kelly_Lang_92316_42309.jpeg
facescrub_398,facescrub,facescrub_398/1-Kathryn_Joosten_85914_38874.jpeg,facescrub_398/2-Kathryn_Joosten_85919_38878.jpeg
facescrub_399,facescrub,facescrub_399/1-Kathy_Baker_8354_3868.jpeg,facescrub_399/2-Kathy_Baker_8477_3937.png
facescrub_4,facescrub,facescrub_4/1-Adrien_Brody_1599_852.jpeg,facescrub_4/2-Adrien_Brody_1688_906.jpeg
facescrub_40,facescrub,facescrub_40/1-Brendan_Fraser_15086_8572.jpeg,facescrub_40/2-Brendan_Fraser_15145_8617.jpeg
facescrub_400,facescrub,facescrub_400/1-Kathy_Griffin_68276_31044.jpeg,facescrub_400/2-Kathy_Griffin_68464_31155.jpeg
facescrub_401,facescrub,facescrub_401/1-Katrina_Bowden_19501_8708.jpeg,facescrub_401/2-Katrina_Bowden_19668_8816.jpeg
facescrub_402,facescrub,facescrub_402/1-Kellie_Martin_105398_47790.jpeg,facescrub_402/2-Kellie_Martin_105239_47687.jpeg
facescrub_403,facescrub,facescrub_403/1-Kimberlin_Brown_23372_10611.jpeg,facescrub_403/2-Kimberlin_Brown_23106_10560.jpeg
facescrub_404,facescrub,facescrub_404/1-Kimberly_Matula_107329_48454.png,facescrub_404/2-Kimberly_Matula_107245_48405.jpeg
facescrub_405,facescrub,facescrub_405/1-Kimberly_McCullough_109503_49159.jpeg,facescrub_405/2-Kimberly_McCullough_109535_49178.jpeg
facescrub_406,facescrub,facescrub_406/1-Kim_Cattrall_28473_12946.jpeg,facescrub_406/2-Kim_Cattrall_28447_12924.jpeg
facescrub_407,facescrub,facescrub_407/1-Kim_Delaney_43156_20235.jpeg,facescrub_407/2-Kim_Delaney_43330_20339.jpeg
facescrub_408,facescrub,facescrub_408/1-Kim_Fields_55651_26575.jpeg,facescrub_408/2-Kim_Fields_55682_26598.jpeg
facescrub_409,facescrub,facescrub_409/1-Kirstie_Alley_2700_1413.jpeg,facescrub_409/2-Kirstie_Alley_2728_1434.jpeg
facescrub_41,facescrub,facescrub_41/1-Bruce_Greenwood_15431_8804.jpeg,facescrub_41/2-Bruce_Greenwood_15754_9017.jpeg
facescrub_410,facescrub,facescrub_410/1-Kristen_Alderson_1223_717.jpeg,facescrub_410/2-Kristen_Alderson_977_578.jpeg
facescrub_411,facescrub,facescrub_411/1-Kristen_Johnston_83605_37718.jpeg,facescrub_411/2-Kristen_Johnston_83700_37792.jpeg
facescrub_412,facescrub,facescrub_412/1-Kristian_Alfonso_1685_1004.jpeg,facescrub_412/2-Kristian_Alfonso_1875_1137.jpeg
facescrub_413,facescrub,facescrub_413/1-Kristin_Chenoweth_30467_13970.jpeg,facescrub_413/2-Kristin_Chenoweth_30891_14288.jpeg
facescrub_414,facescrub,facescrub_414/1-Kristin_Davis_40514_19063.jpeg,facescrub_414/2-Kristin_Davis_40524_19072.jpeg
facescrub_415,facescrub,facescrub_415/1-Kristy_McNichol_111632_50219.jpeg,facescrub_415/2-Kristy_McNichol_111564_50170.jpeg
facescrub_416,facescrub,facescrub_416/1-Lacey_Chabert_28832_13206.jpeg,facescrub_416/2-Lacey_Chabert_29057_13370.jpeg
facescrub_417,facescrub,facescrub_417/1-Lara_Flynn_Boyle_20451_9390.jpeg,facescrub_417/2-Lara_Flynn_Boyle_20473_9407.jpeg
facescrub_418,facescrub,facescrub_418/1-Laura_Innes_81938_37232.jpeg,facescrub_418/2-Laura_Innes_81929_37223.jpeg
facescrub_419,facescrub,facescrub_419/1-Lauralee_Bell_11992_5149.jpeg,facescrub_419/2-Lauralee_Bell_12012_5166.jpeg
facescrub_42,facescrub,facescrub_42/1-Bruce_Willis_16152_9049.jpeg,facescrub_42/2-Bruce_Willis_16466_9258.jpeg
facescrub_420,facescrub,facescrub_420/1-Laura_Leighton_95226_43006.jpeg,facescrub_420/2-Laura_Leighton_95208_42993.jpeg
facescrub_421,facescrub,facescrub_421/1-Lauren_Holly_79516_36089.jpeg,facescrub_421/2-Lauren_Holly_79535_36100.jpeg
facescrub_422,facescrub,facescrub_422/1-Lauren_Koslow_88883_40416.jpeg,facescrub_422/2-Lauren_Koslow_89005_40464.jpeg
facescrub_423,facescrub,facescrub_423/1-Laurie_Metcalf_112871_50838.jpeg,facescrub_423/2-Laurie_Metcalf_112936_50881.jpeg
facescrub_424,facescrub,facescrub_424/1-Lea_Michele_113531_51248.jpeg,facescrub_424/2-Lea_Michele_113860_51458.jpeg
facescrub_425,facescrub,facescrub_425/1-Lecy_Goranson_66059_30543.jpeg,facescrub_425/2-Lecy_Goranson_65972_30507.jpeg
facescrub_426,facescrub,facescrub_426/1-Lesley-Anne_Down_46250_22117.jpeg,facescrub_426/2-Lesley-Anne_Down_46283_22145.jpeg
facescrub_427,facescrub,facescrub_427/1-Lexi_Ainsworth_37_32.jpeg,facescrub_427/2-Lexi_Ainsworth_208_132.jpeg
facescrub_428,facescrub,facescrub_428/1-Linda_Evans_51932_24510.jpeg,facescrub_428/2-Linda_Evans_52048_24598.jpeg
facescrub_429,facescrub,facescrub_429/1-Linda_Gray_67269_30733.jpeg,facescrub_429/2-Linda_Gray_67466_30860.jpeg
facescrub_43,facescrub,facescrub_43/1-Burt_Reynolds_16803_9269.jpeg,facescrub_43/2-Burt_Reynolds_17152_9483.jpeg
facescrub_430,facescrub,facescrub_430/1-Lindsay_Hartley_72971_33069.jpeg,facescrub_430/2-Lindsay_Hartley_73287_33214.jpeg
facescrub_431,facescrub,facescrub_431/1-Lisa_Bonet_18750_8515.jpeg,facescrub_431/2-Lisa_Bonet_18780_8525.jpeg
facescrub_432,facescrub,facescrub_432/1-Lisa_Kudrow_90029_40957.jpeg,facescrub_432/2-Lisa_Kudrow_90098_41005.jpeg
facescrub_433,facescrub,facescrub_433/1-Lisa_LoCicero_97974_44268.jpeg,facescrub_433/2-Lisa_LoCicero_97985_44274.jpeg
facescrub_434,facescrub,facescrub_434/1-Loni_Anderson_4387_2057.jpeg,facescrub_434/2-Loni_Anderson_4633_2210.jpeg
facescrub_435,facescrub,facescrub_435/1-Lori_Loughlin_99924_45201.jpeg,facescrub_435/2-Lori_Loughlin_99880_45165.jpeg
facescrub_436,facescrub,facescrub_436/1-Lorraine_Bracco_20822_9619.jpeg,facescrub_436/2-Lorraine_Bracco_21139_9814.jpeg
facescrub_437,facescrub,facescrub_437/1-Lourdes_Benedicto_12583_5303.png,facescrub_437/2-Lourdes_Benedicto_12584_5304.jpeg
facescrub_438,facescrub,facescrub_438/1-Mackenzie_Aladjem_688_436.jpeg,facescrub_438/2-Mackenzie_Aladjem_838_535.jpeg
facescrub_439,facescrub,facescrub_439/1-Marcia_Cross_36695_16893.jpeg,facescrub_439/2-Marcia_Cross_36711_16906.jpeg
facescrub_44,facescrub,facescrub_44/1-Cam_Gigandet_17499_9487.jpeg,facescrub_44/2-Cam_Gigandet_17823_9664.jpeg
facescrub_440,facescrub,facescrub_440/1-Margaret_Cho_31267_14328.jpeg,facescrub_440/2-Margaret_Cho_31394_14413.jpeg
facescrub_441,facescrub,facescrub_441/1-Marg_Helgenberger_74935_33724.jpeg,facescrub_441/2-Marg_Helgenberger_75242_33926.jpeg
facescrub_442,facescrub,facescrub_442/1-Mariel_Hemingway_75576_34104.jpeg,facescrub_442/2-Mariel_Hemingway_75885_34294.jpeg
facescrub_443,facescrub,facescrub_443/1-Marilu_Henner_76216_34464.jpeg,facescrub_443/2-Marilu_Henner_76436_34625.jpeg
facescrub_444,facescrub,facescrub_444/1-Mary_Beth_Evans_52292_24731.jpeg,facescrub_444/2-Mary_Beth_Evans_52489_24799.png
facescrub_445,facescrub,facescrub_445/1-Mary_Crosby_36386_16766.jpeg,facescrub_445/2-Mary_Crosby_36439_16800.jpeg
facescrub_446,facescrub,facescrub_446/1-Mayim_Bialik_15558_6773.jpeg,facescrub_446/2-Mayim_Bialik_15719_6895.jpeg
facescrub_447,facescrub,facescrub_447/1-McKayla_Maroney_104806_47619.jpeg,facescrub_447/2-McKayla_Maroney_104627_47522.jpeg
facescrub_448,facescrub,facescrub_448/1-Melina_Kanakaredes_87089_39515.jpeg,facescrub_448/2-Melina_Kanakaredes_86887_39377.jpeg
facescrub_449,facescrub,facescrub_449/1-Melissa_Archer_6245_3102.png,facescrub_449/2-Melissa_Archer_6187_3064.jpeg
facescrub_45,facescrub,facescrub_45/1-Cary_Elwes_17882_9692.jpeg,facescrub_45/2-Cary_Elwes_18196_9899.jpeg
facescrub_450,facescrub,facescrub_450/1-Melissa_Benoist_12867_5379.jpeg,facescrub_450/2-Melissa_Benoist_13018_5472.jpeg
facescrub_451,facescrub,facescrub_451/1-Melissa_Claire_Egan_49648_23725.jpeg,facescrub_451/2-Melissa_Claire_Egan_49954_23902.png
facescrub_452,facescrub,facescrub_452/1-Melissa_Fumero_58978_27902.jpeg,facescrub_452/2-Melissa_Fumero_59089_27976.jpeg
facescrub_453,facescrub,facescrub_453/1-Melissa_Gilbert_62571_29034.jpeg,facescrub_453/2-Melissa_Gilbert_62723_29119.jpeg
facescrub_454,facescrub,facescrub_454/1-Mila_Kunis_90331_41169.jpeg,facescrub_454/2-Mila_Kunis_90578_41335.jpeg
facescrub_455,facescrub,facescrub_455/1-Miranda_Cosgrove_34642_15763.jpeg,facescrub_455/2-Miranda_Cosgrove_34963_15984.jpeg
facescrub_456,facescrub,facescrub_456/1-Molly_Burnett_25109_11217.jpeg,facescrub_456/2-Molly_Burnett_25300_11319.jpeg
facescrub_457,facescrub,facescrub_457/1-Morena_Baccarin_7707_3611.jpeg,facescrub_457/2-Morena_Baccarin_7816_3694.jpeg
facescrub_458,facescrub,facescrub_458/1-Nadia_Bjorlin_16960_7453.jpeg,facescrub_458/2-Nadia_Bjorlin_17009_7500.jpeg
facescrub_459,facescrub,facescrub_459/1-Nancy_Lee_Grahn_66569_30586.jpeg,facescrub_459/2-Nancy_Lee_Grahn_66640_30628.jpeg
facescrub_46,facescrub,facescrub_46/1-Casey_Affleck_18243_9934.jpeg,facescrub_46/2-Casey_Affleck_18242_9933.jpeg
facescrub_460,facescrub,facescrub_460/1-Natalia_Livingston_97597_44095.jpeg,facescrub_460/2-Natalia_Livingston_97768_44174.jpeg
facescrub_461,facescrub,facescrub_461/1-Natalie_Hall_69951_31841.jpeg,facescrub_461/2-Natalie_Hall_70256_31942.jpeg
facescrub_462,facescrub,facescrub_462/1-Natalie_Martinez_105886_48055.jpeg,facescrub_462/2-Natalie_Martinez_105959_48090.jpeg
facescrub_463,facescrub,facescrub_463/1-Neve_Campbell_25694_11352.jpeg,facescrub_463/2-Neve_Campbell_25778_11426.jpeg
facescrub_464,facescrub,facescrub_464/1-Nicole_de_Boer_41203_19294.jpeg,facescrub_464/2-Nicole_de_Boer_41266_19341.jpeg
facescrub_465,facescrub,facescrub_465/1-Nicole_Eggert_49983_23924.jpeg,facescrub_465/2-Nicole_Eggert_50276_24096.jpeg
facescrub_466,facescrub,facescrub_466/1-Olivia_d'Abo_38650_18082.jpeg,facescrub_466/2-Olivia_d'Abo_38728_18126.jpeg
facescrub_467,facescrub,facescrub_467/1-Pamela_Anderson_5058_2254.jpeg,facescrub_467/2-Pamela_Anderson_5380_2466.jpeg
facescrub_468,facescrub,facescrub_468/1-Pamela_Sue_Martin_105549_47874.jpeg,facescrub_468/2-Pamela_Sue_Martin_105576_47897.jpeg
facescrub_469,facescrub,facescrub_469/1-Patricia_Arquette_6467_3188.jpeg,facescrub_469/2-Patricia_Arquette_6544_3253.jpeg
facescrub_47,facescrub,facescrub_47/1-Channing_Tatum_18985_10188.jpeg,facescrub_47/2-Channing_Tatum_18913_10141.jpeg
facescrub_470,facescrub,facescrub_470/1-Patricia_Kalember_86576_39284.jpeg,facescrub_470/2-Patricia_Kalember_86582_39289.jpeg
facescrub_471,facescrub,facescrub_471/1-Peggy_Lipton_97312_43905.jpeg,facescrub_471/2-Peggy_Lipton_97382_43953.jpeg
facescrub_472,facescrub,facescrub_472/1-Peggy_McCay_108815_48813.jpeg,facescrub_472/2-Peggy_McCay_109119_48898.jpeg
facescrub_473,facescrub,facescrub_473/1-Peri_Gilpin_63311_29448.jpeg,facescrub_473/2-Peri_Gilpin_63511_29570.jpeg
facescrub_474,facescrub,facescrub_474/1-Portia_de_Rossi_42498_19902.jpeg,facescrub_474/2-Portia_de_Rossi_42780_20041.jpeg
facescrub_475,facescrub,facescrub_475/1-Portia_Doubleday_45946_21971.jpeg,facescrub_475/2-Portia_Doubleday_46147_22084.jpeg
facescrub_476,facescrub,facescrub_476/1-Rachel_Dratch_47167_22561.jpeg,facescrub_476/2-Rachel_Dratch_47408_22724.png
facescrub_477,facescrub,facescrub_477/1-Rachel_Griffiths_68619_31248.jpeg,facescrub_477/2-Rachel_Griffiths_68891_31432.jpeg
facescrub_478,facescrub,facescrub_478/1-Rebecca_Budig_24252_10735.jpeg,facescrub_478/2-Rebecca_Budig_24083_10618.jpeg
facescrub_479,facescrub,facescrub_479/1-Rebecca_Herbst_77788_35326.jpeg,facescrub_479/2-Rebecca_Herbst_78055_35463.jpeg
facescrub_48,facescrub,facescrub_48/1-Charlie_Day_19628_10325.jpeg,facescrub_48/2-Charlie_Day_19673_10362.jpeg
facescrub_480,facescrub,facescrub_480/1-Roma_Downey_46583_22319.jpeg,facescrub_480/2-Roma_Downey_46750_22461.jpeg
facescrub_481,facescrub,facescrub_481/1-Roseanne_Barr_9390_4414.jpeg,facescrub_481/2-Roseanne_Barr_9667_4635.jpeg
facescrub_482,facescrub,facescrub_482/1-Rue_McClanahan_109326_49048.jpeg,facescrub_482/2-Rue_McClanahan_109442_49122.jpeg
facescrub_483,facescrub,facescrub_483/1-S._Epatha_Merkerson_112215_50348.jpeg,facescrub_483/2-S._Epatha_Merkerson_112436_50495.jpeg
facescrub_484,facescrub,facescrub_484/1-Sally_Field_55304_26365.jpeg,facescrub_484/2-Sally_Field_55559_26522.jpeg
facescrub_485,facescrub,facescrub_485/1-Sara_Gilbert_62923_29220.jpeg,facescrub_485/2-Sara_Gilbert_63141_29342.jpeg
facescrub_486,facescrub,facescrub_486/1-Sarah_Chalke_29129_13420.jpeg,facescrub_486/2-Sarah_Chalke_29373_13595.jpeg
facescrub_487,facescrub,facescrub_487/1-Sarah_Drew_47882_23065.jpeg,facescrub_487/2-Sarah_Drew_47958_23128.jpeg
facescrub_488,facescrub,facescrub_488/1-Sarah_Hyland_81189_36790.jpeg,facescrub_488/2-Sarah_Hyland_81565_37022.jpeg
facescrub_489,facescrub,facescrub_489/1-Sarah_Michelle_Gellar_61875_28808.jpeg,facescrub_489/2-Sarah_Michelle_Gellar_61855_28792.jpeg
facescrub_49,facescrub,facescrub_49/1-Charlie_Sheen_19816_10449.jpeg,facescrub_49/2-Charlie_Sheen_19918_10517.jpeg
facescrub_490,facescrub,facescrub_490/1-Sasha_Alexander_1316_759.jpeg,facescrub_490/2-Sasha_Alexander_1332_774.jpeg
facescrub_491,facescrub,facescrub_491/1-Selena_Gomez_65566_30227.jpeg,facescrub_491/2-Selena_Gomez_65653_30298.jpeg
facescrub_492,facescrub,facescrub_492/1-Shannen_Doherty_45581_21726.jpeg,facescrub_492/2-Shannen_Doherty_45665_21787.jpeg
facescrub_493,facescrub,facescrub_493/1-Shannon_Kane_87245_39615.jpeg,facescrub_493/2-Shannon_Kane_87502_39733.jpeg
facescrub_494,facescrub,facescrub_494/1-Sharon_Case_28133_12710.jpeg,facescrub_494/2-Sharon_Case_28413_12897.jpeg
facescrub_495,facescrub,facescrub_495/1-Sharon_Gless_64405_29956.jpeg,facescrub_495/2-Sharon_Gless_64254_29857.jpeg
facescrub_496,facescrub,facescrub_496/1-Shelley_Hack_69787_31796.jpeg,facescrub_496/2-Shelley_Hack_69706_31753.jpeg
facescrub_497,facescrub,facescrub_497/1-Shelley_Hennig_77248_35196.jpeg,facescrub_497/2-Shelley_Hennig_77240_35190.jpeg
facescrub_498,facescrub,facescrub_498/1-Shelley_Long_99038_44813.jpeg,facescrub_498/2-Shelley_Long_98848_44691.jpeg
facescrub_499,facescrub,facescrub_499/1-Sherilyn_Fenn_54258_25647.jpeg,facescrub_499/2-Sherilyn_Fenn_54455_25758.jpeg
facescrub_5,facescrub,facescrub_5/1-Alan_Alda_2188_1200.jpeg,facescrub_5/2-Alan_Alda_2343_1316.jpeg
facescrub_50,facescrub,facescrub_50/1-Chazz_Palminteri_20213_10728.jpeg,facescrub_50/2-Chazz_Palminteri_20471_10894.jpeg
facescrub_500,facescrub,facescrub_500/1-Shirley_Jones_85246_38439.jpeg,facescrub_500/2-Shirley_Jones_85400_38539.jpeg
facescrub_501,facescrub,facescrub_501/1-Staci_Keanan_88007_40032.jpeg,facescrub_501/2-Staci_Keanan_88097_40069.jpeg
facescrub_502,facescrub,facescrub_502/1-Stana_Katic_87589_39769.jpeg,facescrub_502/2-Stana_Katic_87780_39904.jpeg
facescrub_503,facescrub,facescrub_503/1-Summer_Glau_63580_29603.jpeg,facescrub_503/2-Summer_Glau_63697_29702.jpeg
facescrub_504,facescrub,facescrub_504/1-Susan_Dey_44601_21099.jpeg,facescrub_504/2-Susan_Dey_44595_21095.jpeg
facescrub_505,facescrub,facescrub_505/1-Susan_Flannery_56326_26981.jpeg,facescrub_505/2-Susan_Flannery_56295_26963.jpeg
facescrub_506,facescrub,facescrub_506/1-Susan_Lucci_101546_46075.jpeg,facescrub_506/2-Susan_Lucci_101673_46175.jpeg
facescrub_507,facescrub,facescrub_507/1-Swoosie_Kurtz_90699_41400.jpeg,facescrub_507/2-Swoosie_Kurtz_90703_41403.jpeg
facescrub_508,facescrub,facescrub_508/1-Tamala_Jones_85563_38626.jpeg,facescrub_508/2-Tamala_Jones_85758_38776.jpeg
facescrub_509,facescrub,facescrub_509/1-Tamara_Braun_21223_9872.jpeg,facescrub_509/2-Tamara_Braun_21413_9990.jpeg
facescrub_51,facescrub,facescrub_51/1-Chris_Evans_20849_10926.jpeg,facescrub_51/2-Chris_Evans_21156_11074.jpeg
facescrub_510,facescrub,facescrub_510/1-Tatyana_M._Ali_2084_1266.jpeg,facescrub_510/2-Tatyana_M._Ali_2017_1220.jpeg
facescrub_511,facescrub,facescrub_511/1-Taylor_Atelian_7353_3474.jpeg,facescrub_511/2-Taylor_Atelian_7409_3504.jpeg
facescrub_512,facescrub,facescrub_512/1-Tempestt_Bledsoe_17665_7957.jpeg,facescrub_512/2-Tempestt_Bledsoe_17649_7943.jpeg
facescrub_513,facescrub,facescrub_513/1-Teri_Hatcher_73586_33217.jpeg,facescrub_513/2-Teri_Hatcher_73880_33423.jpeg
facescrub_514,facescrub,facescrub_514/1-Terry_Farrell_53253_25076.jpeg,facescrub_514/2-Terry_Farrell_53261_25082.jpeg
facescrub_515,facescrub,facescrub_515/1-Tia_Carrere_26869_12145.jpeg,facescrub_515/2-Tia_Carrere_26792_12080.jpeg
facescrub_516,facescrub,facescrub_516/1-Tina_Fey_54949_26123.jpeg,facescrub_516/2-Tina_Fey_55238_26325.jpeg
facescrub_517,facescrub,facescrub_517/1-Tina_Louise_100243_45412.jpeg,facescrub_517/2-Tina_Louise_100341_45470.jpeg
facescrub_518,facescrub,facescrub_518/1-Tracey_E._Bregman_21838_10232.jpeg,facescrub_518/2-Tracey_E._Bregman_21881_10263.jpeg
facescrub_519,facescrub,facescrub_519/1-Tracey_Gold_65228_30057.jpeg,facescrub_519/2-Tracey_Gold_65347_30140.jpeg
facescrub_52,facescrub,facescrub_52/1-Chris_Kattan_21199_11099.jpeg,facescrub_52/2-Chris_Kattan_21234_11121.jpeg
facescrub_520,facescrub,facescrub_520/1-Tyne_Daly_38964_18248.jpeg,facescrub_520/2-Tyne_Daly_39019_18292.jpeg
facescrub_521,facescrub,facescrub_521/1-Valerie_Bertinelli_14886_6541.jpeg,facescrub_521/2-Valerie_Bertinelli_14968_6612.png
facescrub_522,facescrub,facescrub_522/1-Valerie_Cruz_37050_17146.jpeg,facescrub_522/2-Valerie_Cruz_37190_17228.jpeg
facescrub_523,facescrub,facescrub_523/1-Valerie_Harper_71460_32669.jpeg,facescrub_523/2-Valerie_Harper_71601_32775.jpeg
facescrub_524,facescrub,facescrub_524/1-Vanessa_Marcil_103824_46984.jpeg,facescrub_524/2-Vanessa_Marcil_104051_47142.jpeg
facescrub_525,facescrub,facescrub_525/1-Veronica_Hamel_70262_31944.jpeg,facescrub_525/2-Veronica_Hamel_70412_32018.jpeg
facescrub_526,facescrub,facescrub_526/1-Victoria_Justice_86229_39030.jpeg,facescrub_526/2-Victoria_Justice_86407_39164.jpeg
facescrub_527,facescrub,facescrub_527/1-Wanda_De_Jesus_41938_19677.jpeg,facescrub_527/2-Wanda_De_Jesus_41951_19684.jpeg
facescrub_528,facescrub,facescrub_528/1-Wendie_Malick_103161_46760.jpeg,facescrub_528/2-Wendie_Malick_103453_46965.jpeg
facescrub_529,facescrub,facescrub_529/1-Yasmine_Bleeth_17996_8161.jpeg,facescrub_529/2-Yasmine_Bleeth_18256_8327.jpeg
facescrub_53,facescrub,facescrub_53/1-Chris_Klein_21513_11283.jpeg,facescrub_53/2-Chris_Klein_21603_11346.jpeg
facescrub_530,facescrub,facescrub_530/1-Zooey_Deschanel_44252_20906.jpeg,facescrub_530/2-Zooey_Deschanel_44501_21040.jpeg
facescrub_54,facescrub,facescrub_54/1-Chris_Noth_21831_11477.jpeg,facescrub_54/2-Chris_Noth_22106_11639.jpeg
facescrub_55,facescrub,facescrub_55/1-Chris_Rock_22211_11704.jpeg,facescrub_55/2-Chris_Rock_22518_11901.jpeg
facescrub_56,facescrub,facescrub_56/1-Christian_Bale_22713_12026.jpeg,facescrub_56/2-Christian_Bale_22835_12094.jpeg
facescrub_57,facescrub,facescrub_57/1-Christian_Slater_22944_12160.jpeg,facescrub_57/2-Christian_Slater_23032_12230.jpeg
facescrub_58,facescrub,facescrub_58/1-Christopher_Lloyd_23556_12552.jpeg,facescrub_58/2-Christopher_Lloyd_23299_12408.png
facescrub_59,facescrub,facescrub_59/1-Christopher_Reeve_23605_12577.jpeg,facescrub_59/2-Christopher_Reeve_23968_12768.jpeg
facescrub_6,facescrub,facescrub_6/1-Alan_Arkin_2588_1488.jpeg,facescrub_6/2-Alan_Arkin_2787_1612.jpeg
facescrub_60,facescrub,facescrub_60/1-Clint_Eastwood_24299_12920.jpeg,facescrub_60/2-Clint_Eastwood_24212_12878.jpeg
facescrub_61,facescrub,facescrub_61/1-Clive_Owen_24324_12928.jpeg,facescrub_61/2-Clive_Owen_24359_12957.jpeg
facescrub_62,facescrub,facescrub_62/1-Colin_Farrell_24697_13162.jpeg,facescrub_62/2-Colin_Farrell_24969_13360.jpeg
facescrub_63,facescrub,facescrub_63/1-Colin_Firth_25065_13432.jpeg,facescrub_63/2-Colin_Firth_25051_13421.jpeg
facescrub_64,facescrub,facescrub_64/1-Colin_Hanks_25425_13698.jpeg,facescrub_64/2-Colin_Hanks_25464_13724.jpeg
facescrub_65,facescrub,facescrub_65/1-Daniel_Craig_26438_14114.jpeg,facescrub_65/2-Daniel_Craig_26552_14175.jpeg
facescrub_66,facescrub,facescrub_66/1-Daniel_Day-Lewis_26798_14297.jpeg,facescrub_66/2-Daniel_Day-Lewis_27135_14532.jpeg
facescrub_67,facescrub,facescrub_67/1-Daniel_Radcliffe_27174_14556.jpeg,facescrub_67/2-Daniel_Radcliffe_27359_14676.jpeg
facescrub_68,facescrub,facescrub_68/1-Dan_Lauria_26142_13948.jpeg,facescrub_68/2-Dan_Lauria_26107_13918.jpeg
facescrub_69,facescrub,facescrub_69/1-Danny_Glover_27982_14889.jpeg,facescrub_69/2-Danny_Glover_28156_14993.jpeg
facescrub_7,facescrub,facescrub_7/1-Alan_Rickman_2870_1648.jpeg,facescrub_7/2-Alan_Rickman_2991_1739.jpeg
facescrub_70,facescrub,facescrub_70/1-Danny_Masterson_28215_15026.jpeg,facescrub_70/2-Danny_Masterson_28499_15231.jpeg
facescrub_71,facescrub,facescrub_71/1-Danny_Trejo_28710_15354.jpeg,facescrub_71/2-Danny_Trejo_28543_15260.jpeg
facescrub_72,facescrub,facescrub_72/1-David_Boreanaz_28907_15443.jpeg,facescrub_72/2-David_Boreanaz_29216_15648.jpeg
facescrub_73,facescrub,facescrub_73/1-David_Cross_118389_55376.jpeg,facescrub_73/2-David_Cross_118397_55381.jpeg
facescrub_74,facescrub,facescrub_74/1-David_Duchovny_29285_15692.jpeg,facescrub_74/2-David_Duchovny_29378_15751.jpeg
facescrub_75,facescrub,facescrub_75/1-David_Schwimmer_29986_15892.jpeg,facescrub_75/2-David_Schwimmer_30058_15941.jpeg
facescrub_76,facescrub,facescrub_76/1-David_Wenham_30360_16155.jpeg,facescrub_76/2-David_Wenham_30532_16277.jpeg
facescrub_77,facescrub,facescrub_77/1-Dean_Cain_30858_16479.jpeg,facescrub_77/2-Dean_Cain_30680_16364.jpeg
facescrub_78,facescrub,facescrub_78/1-Denzel_Washington_31696_16798.jpeg,facescrub_78/2-Denzel_Washington_31483_16667.jpeg
facescrub_79,facescrub,facescrub_79/1-Dermot_Mulroney_31782_16856.jpeg,facescrub_79/2-Dermot_Mulroney_31823_16884.jpeg
facescrub_8,facescrub,facescrub_8/1-Alec_Baldwin_3218_1869.jpeg,facescrub_8/2-Alec_Baldwin_3374_1981.jpeg
facescrub_80,facescrub,facescrub_80/1-Desmond_Harrington_32088_17052.jpeg,facescrub_80/2-Desmond_Harrington_32234_17143.jpeg
facescrub_81,facescrub,facescrub_81/1-Diego_Luna_32460_17259.jpeg,facescrub_81/2-Diego_Luna_32761_17421.jpeg
facescrub_82,facescrub,facescrub_82/1-Dominic_Monaghan_32789_17441.jpeg,facescrub_82/2-Dominic_Monaghan_33122_17619.png
facescrub_83,facescrub,facescrub_83/1-Don_Cheadle_33314_17740.jpeg,facescrub_83/2-Don_Cheadle_33421_17809.jpeg
facescrub_84,facescrub,facescrub_84/1-Dustin_Hoffman_33681_17971.jpeg,facescrub_84/2-Dustin_Hoffman_33608_17928.jpeg
facescrub_85,facescrub,facescrub_85/1-Dwayne_Johnson_34125_18194.jpeg,facescrub_85/2-Dwayne_Johnson_34104_18187.jpeg
facescrub_86,facescrub,facescrub_86/1-Ed_Harris_34695_18325.jpeg,facescrub_86/2-Ed_Harris_34806_18381.jpeg
facescrub_87,facescrub,facescrub_87/1-Edi_Gathegi_35040_18469.jpeg,facescrub_87/2-Edi_Gathegi_35111_18514.jpeg
facescrub_88,facescrub,facescrub_88/1-Elijah_Wood_35656_18634.jpeg,facescrub_88/2-Elijah_Wood_35713_18673.jpeg
facescrub_89,facescrub,facescrub_89/1-Emile_Hirsch_36034_18862.jpeg,facescrub_89/2-Emile_Hirsch_36215_18981.jpeg
facescrub_9,facescrub,facescrub_9/1-Alexander_Skarsga_3583_2146.jpeg,facescrub_9/2-Alexander_Skarsga_3687_2217.jpeg
facescrub_90,facescrub,facescrub_90/1-Eric_Dane_36384_19098.jpeg,facescrub_90/2-Eric_Dane_36607_19237.jpeg
facescrub_91,facescrub,facescrub_91/1-Ethan_Hawke_36734_19288.jpeg,facescrub_91/2-Ethan_Hawke_36851_19376.jpeg
facescrub_92,facescrub,facescrub_92/1-Ewan_McGregor_37117_19570.jpeg,facescrub_92/2-Ewan_McGregor_37429_19782.jpeg
facescrub_93,facescrub,facescrub_93/1-Freddy_Prinze_Jr._37604_19888.jpeg,facescrub_93/2-Freddy_Prinze_Jr._37779_19991.jpeg
facescrub_94,facescrub,facescrub_94/1-Freddy_Rodri_37833_20024.jpeg,facescrub_94/2-Freddy_Rodri_37896_20070.jpeg
facescrub_95,facescrub,facescrub_95/1-Gabriel_Macht_38149_20226.jpeg,facescrub_95/2-Gabriel_Macht_38468_20447.png
facescrub_96,facescrub,facescrub_96/1-Gary_Dourdan_38628_20560.jpeg,facescrub_96/2-Gary_Dourdan_38527_20488.jpeg
facescrub_97,facescrub,facescrub_97/1-Gary_Oldman_38846_20691.jpeg,facescrub_97/2-Gary_Oldman_38872_20711.jpeg
facescrub_98,facescrub,facescrub_98/1-Gene_Hackman_39229_20938.jpeg,facescrub_98/2-Gene_Hackman_39204_20914.jpeg
facescrub_99,facescrub,facescrub_99/1-Geoffrey_Rush_39588_21174.jpeg,facescrub_99/2-Geoffrey_Rush_39567_21154.jpeg
fei_0,fei,fei_0/1-1-11.jpg,fei_0/2-1-13.jpg
fei_1,fei,fei_1/1-2-11.jpg,fei_1/2-2-13.jpg
fei_10,fei,fei_10/1-11-11.jpg,fei_10/2-11-13.jpg
fei_100,fei,fei_100/1-101-11.jpg,fei_100/2-101-13.jpg
fei_101,fei,fei_101/1-102-11.jpg,fei_101/2-102-13.jpg
fei_102,fei,fei_102/1-103-11.jpg,fei_102/2-103-13.jpg
fei_103,fei,fei_103/1-104-11.jpg,fei_103/2-104-13.jpg
fei_104,fei,fei_104/1-105-11.jpg,fei_104/2-105-13.jpg
fei_105,fei,fei_105/1-106-11.jpg,fei_105/2-106-13.jpg
fei_106,fei,fei_106/1-107-11.jpg,fei_106/2-107-13.jpg
fei_107,fei,fei_107/1-108-11.jpg,fei_107/2-108-13.jpg
fei_108,fei,fei_108/1-109-11.jpg,fei_108/2-109-13.jpg
fei_109,fei,fei_109/1-110-11.jpg,fei_109/2-110-13.jpg
fei_11,fei,fei_11/1-12-11.jpg,fei_11/2-12-13.jpg
fei_110,fei,fei_110/1-111-11.jpg,fei_110/2-111-13.jpg
fei_111,fei,fei_111/1-112-11.jpg,fei_111/2-112-13.jpg
fei_112,fei,fei_112/1-113-11.jpg,fei_112/2-113-13.jpg
fei_113,fei,fei_113/1-114-11.jpg,fei_113/2-114-13.jpg
fei_114,fei,fei_114/1-115-11.jpg,fei_114/2-115-13.jpg
fei_115,fei,fei_115/1-116-11.jpg,fei_115/2-116-13.jpg
fei_116,fei,fei_116/1-117-11.jpg,fei_116/2-117-13.jpg
fei_117,fei,fei_117/1-118-11.jpg,fei_117/2-118-13.jpg
fei_118,fei,fei_118/1-119-11.jpg,fei_118/2-119-13.jpg
fei_119,fei,fei_119/1-120-11.jpg,fei_119/2-120-13.jpg
fei_12,fei,fei_12/1-13-11.jpg,fei_12/2-13-13.jpg
fei_120,fei,fei_120/1-121-11.jpg,fei_120/2-121-13.jpg
fei_121,fei,fei_121/1-122-11.jpg,fei_121/2-122-13.jpg
fei_122,fei,fei_122/1-123-11.jpg,fei_122/2-123-13.jpg
fei_123,fei,fei_123/1-124-11.jpg,fei_123/2-124-13.jpg
fei_124,fei,fei_124/1-125-11.jpg,fei_124/2-125-13.jpg
fei_125,fei,fei_125/1-126-11.jpg,fei_125/2-126-13.jpg
fei_126,fei,fei_126/1-127-11.jpg,fei_126/2-127-13.jpg
fei_127,fei,fei_127/1-128-11.jpg,fei_127/2-128-13.jpg
fei_128,fei,fei_128/1-129-11.jpg,fei_128/2-129-13.jpg
fei_129,fei,fei_129/1-130-11.jpg,fei_129/2-130-13.jpg
fei_13,fei,fei_13/1-14-11.jpg,fei_13/2-14-13.jpg
fei_130,fei,fei_130/1-131-11.jpg,fei_130/2-131-13.jpg
fei_131,fei,fei_131/1-132-11.jpg,fei_131/2-132-13.jpg
fei_132,fei,fei_132/1-133-11.jpg,fei_132/2-133-13.jpg
fei_133,fei,fei_133/1-134-11.jpg,fei_133/2-134-13.jpg
fei_134,fei,fei_134/1-135-11.jpg,fei_134/2-135-13.jpg
fei_135,fei,fei_135/1-136-11.jpg,fei_135/2-136-13.jpg
fei_136,fei,fei_136/1-137-11.jpg,fei_136/2-137-13.jpg
fei_137,fei,fei_137/1-138-11.jpg,fei_137/2-138-13.jpg
fei_138,fei,fei_138/1-139-11.jpg,fei_138/2-139-13.jpg
fei_139,fei,fei_139/1-140-11.jpg,fei_139/2-140-13.jpg
fei_14,fei,fei_14/1-15-11.jpg,fei_14/2-15-13.jpg
fei_140,fei,fei_140/1-141-11.jpg,fei_140/2-141-13.jpg
fei_141,fei,fei_141/1-142-11.jpg,fei_141/2-142-13.jpg
fei_142,fei,fei_142/1-143-11.jpg,fei_142/2-143-13.jpg
fei_143,fei,fei_143/1-144-11.jpg,fei_143/2-144-13.jpg
fei_144,fei,fei_144/1-145-11.jpg,fei_144/2-145-13.jpg
fei_145,fei,fei_145/1-146-11.jpg,fei_145/2-146-13.jpg
fei_146,fei,fei_146/1-147-11.jpg,fei_146/2-147-13.jpg
fei_147,fei,fei_147/1-148-11.jpg,fei_147/2-148-13.jpg
fei_148,fei,fei_148/1-149-11.jpg,fei_148/2-149-13.jpg
fei_149,fei,fei_149/1-150-11.jpg,fei_149/2-150-13.jpg
fei_15,fei,fei_15/1-16-11.jpg,fei_15/2-16-13.jpg
fei_150,fei,fei_150/1-151-11.jpg,fei_150/2-151-13.jpg
fei_151,fei,fei_151/1-152-11.jpg,fei_151/2-152-13.jpg
fei_152,fei,fei_152/1-153-11.jpg,fei_152/2-153-13.jpg
fei_153,fei,fei_153/1-154-11.jpg,fei_153/2-154-13.jpg
fei_154,fei,fei_154/1-155-11.jpg,fei_154/2-155-13.jpg
fei_155,fei,fei_155/1-156-11.jpg,fei_155/2-156-13.jpg
fei_156,fei,fei_156/1-157-11.jpg,fei_156/2-157-13.jpg
fei_157,fei,fei_157/1-158-11.jpg,fei_157/2-158-13.jpg
fei_158,fei,fei_158/1-159-11.jpg,fei_158/2-159-13.jpg
fei_159,fei,fei_159/1-160-11.jpg,fei_159/2-160-13.jpg
fei_16,fei,fei_16/1-17-11.jpg,fei_16/2-17-13.jpg
fei_160,fei,fei_160/1-161-11.jpg,fei_160/2-161-13.jpg
fei_161,fei,fei_161/1-162-11.jpg,fei_161/2-162-13.jpg
fei_162,fei,fei_162/1-163-11.jpg,fei_162/2-163-13.jpg
fei_163,fei,fei_163/1-164-11.jpg,fei_163/2-164-13.jpg
fei_164,fei,fei_164/1-165-11.jpg,fei_164/2-165-13.jpg
fei_165,fei,fei_165/1-166-11.jpg,fei_165/2-166-13.jpg
fei_166,fei,fei_166/1-167-11.jpg,fei_166/2-167-13.jpg
fei_167,fei,fei_167/1-168-11.jpg,fei_167/2-168-13.jpg
fei_168,fei,fei_168/1-169-11.jpg,fei_168/2-169-13.jpg
fei_169,fei,fei_169/1-170-11.jpg,fei_169/2-170-13.jpg
fei_17,fei,fei_17/1-18-11.jpg,fei_17/2-18-13.jpg
fei_170,fei,fei_170/1-171-11.jpg,fei_170/2-171-13.jpg
fei_171,fei,fei_171/1-172-11.jpg,fei_171/2-172-13.jpg
fei_172,fei,fei_172/1-173-11.jpg,fei_172/2-173-13.jpg
fei_173,fei,fei_173/1-174-11.jpg,fei_173/2-174-13.jpg
fei_174,fei,fei_174/1-175-11.jpg,fei_174/2-175-13.jpg
fei_175,fei,fei_175/1-176-11.jpg,fei_175/2-176-13.jpg
fei_176,fei,fei_176/1-177-11.jpg,fei_176/2-177-13.jpg
fei_177,fei,fei_177/1-178-11.jpg,fei_177/2-178-13.jpg
fei_178,fei,fei_178/1-179-11.jpg,fei_178/2-179-13.jpg
fei_179,fei,fei_179/1-180-11.jpg,fei_179/2-180-13.jpg
fei_18,fei,fei_18/1-19-11.jpg,fei_18/2-19-13.jpg
fei_180,fei,fei_180/1-181-11.jpg,fei_180/2-181-13.jpg
fei_181,fei,fei_181/1-182-11.jpg,fei_181/2-182-13.jpg
fei_182,fei,fei_182/1-183-11.jpg,fei_182/2-183-13.jpg
fei_183,fei,fei_183/1-184-11.jpg,fei_183/2-184-13.jpg
fei_184,fei,fei_184/1-185-11.jpg,fei_184/2-185-13.jpg
fei_185,fei,fei_185/1-186-11.jpg,fei_185/2-186-13.jpg
fei_186,fei,fei_186/1-187-11.jpg,fei_186/2-187-13.jpg
fei_187,fei,fei_187/1-188-11.jpg,fei_187/2-188-13.jpg
fei_188,fei,fei_188/1-189-11.jpg,fei_188/2-189-13.jpg
fei_189,fei,fei_189/1-190-11.jpg,fei_189/2-190-13.jpg
fei_19,fei,fei_19/1-20-11.jpg,fei_19/2-20-13.jpg
fei_190,fei,fei_190/1-191-11.jpg,fei_190/2-191-13.jpg
fei_191,fei,fei_191/1-192-11.jpg,fei_191/2-192-13.jpg
fei_192,fei,fei_192/1-193-11.jpg,fei_192/2-193-13.jpg
fei_193,fei,fei_193/1-194-11.jpg,fei_193/2-194-13.jpg
fei_194,fei,fei_194/1-195-11.jpg,fei_194/2-195-13.jpg
fei_195,fei,fei_195/1-196-11.jpg,fei_195/2-196-13.jpg
fei_196,fei,fei_196/1-197-11.jpg,fei_196/2-197-13.jpg
fei_197,fei,fei_197/1-198-11.jpg,fei_197/2-198-13.jpg
fei_198,fei,fei_198/1-199-11.jpg,fei_198/2-199-13.jpg
fei_199,fei,fei_199/1-200-11.jpg,fei_199/2-200-13.jpg
fei_2,fei,fei_2/1-3-11.jpg,fei_2/2-3-13.jpg
fei_20,fei,fei_20/1-21-11.jpg,fei_20/2-21-13.jpg
fei_21,fei,fei_21/1-22-11.jpg,fei_21/2-22-13.jpg
fei_22,fei,fei_22/1-23-11.jpg,fei_22/2-23-13.jpg
fei_23,fei,fei_23/1-24-11.jpg,fei_23/2-24-13.jpg
fei_24,fei,fei_24/1-25-11.jpg,fei_24/2-25-13.jpg
fei_25,fei,fei_25/1-26-11.jpg,fei_25/2-26-13.jpg
fei_26,fei,fei_26/1-27-11.jpg,fei_26/2-27-13.jpg
fei_27,fei,fei_27/1-28-11.jpg,fei_27/2-28-13.jpg
fei_28,fei,fei_28/1-29-11.jpg,fei_28/2-29-13.jpg
fei_29,fei,fei_29/1-30-11.jpg,fei_29/2-30-13.jpg
fei_3,fei,fei_3/1-4-11.jpg,fei_3/2-4-13.jpg
fei_30,fei,fei_30/1-31-11.jpg,fei_30/2-31-13.jpg
fei_31,fei,fei_31/1-32-11.jpg,fei_31/2-32-13.jpg
fei_32,fei,fei_32/1-33-11.jpg,fei_32/2-33-13.jpg
fei_33,fei,fei_33/1-34-11.jpg,fei_33/2-34-13.jpg
fei_34,fei,fei_34/1-35-11.jpg,fei_34/2-35-13.jpg
fei_35,fei,fei_35/1-36-11.jpg,fei_35/2-36-13.jpg
fei_36,fei,fei_36/1-37-11.jpg,fei_36/2-37-13.jpg
fei_37,fei,fei_37/1-38-11.jpg,fei_37/2-38-13.jpg
fei_38,fei,fei_38/1-39-11.jpg,fei_38/2-39-13.jpg
fei_39,fei,fei_39/1-40-11.jpg,fei_39/2-40-13.jpg
fei_4,fei,fei_4/1-5-11.jpg,fei_4/2-5-13.jpg
fei_40,fei,fei_40/1-41-11.jpg,fei_40/2-41-13.jpg
fei_41,fei,fei_41/1-42-11.jpg,fei_41/2-42-13.jpg
fei_42,fei,fei_42/1-43-11.jpg,fei_42/2-43-13.jpg
fei_43,fei,fei_43/1-44-11.jpg,fei_43/2-44-13.jpg
fei_44,fei,fei_44/1-45-11.jpg,fei_44/2-45-13.jpg
fei_45,fei,fei_45/1-46-11.jpg,fei_45/2-46-13.jpg
fei_46,fei,fei_46/1-47-11.jpg,fei_46/2-47-13.jpg
fei_47,fei,fei_47/1-48-11.jpg,fei_47/2-48-13.jpg
fei_48,fei,fei_48/1-49-11.jpg,fei_48/2-49-13.jpg
fei_49,fei,fei_49/1-50-11.jpg,fei_49/2-50-13.jpg
fei_5,fei,fei_5/1-6-11.jpg,fei_5/2-6-13.jpg
fei_50,fei,fei_50/1-51-11.jpg,fei_50/2-51-13.jpg
fei_51,fei,fei_51/1-52-11.jpg,fei_51/2-52-13.jpg
fei_52,fei,fei_52/1-53-11.jpg,fei_52/2-53-13.jpg
fei_53,fei,fei_53/1-54-11.jpg,fei_53/2-54-13.jpg
fei_54,fei,fei_54/1-55-11.jpg,fei_54/2-55-13.jpg
fei_55,fei,fei_55/1-56-11.jpg,fei_55/2-56-13.jpg
fei_56,fei,fei_56/1-57-11.jpg,fei_56/2-57-13.jpg
fei_57,fei,fei_57/1-58-11.jpg,fei_57/2-58-13.jpg
fei_58,fei,fei_58/1-59-11.jpg,fei_58/2-59-13.jpg
fei_59,fei,fei_59/1-60-11.jpg,fei_59/2-60-13.jpg
fei_6,fei,fei_6/1-7-11.jpg,fei_6/2-7-13.jpg
fei_60,fei,fei_60/1-61-11.jpg,fei_60/2-61-13.jpg
fei_61,fei,fei_61/1-62-11.jpg,fei_61/2-62-13.jpg
fei_62,fei,fei_62/1-63-11.jpg,fei_62/2-63-13.jpg
fei_63,fei,fei_63/1-64-11.jpg,fei_63/2-64-13.jpg
fei_64,fei,fei_64/1-65-11.jpg,fei_64/2-65-13.jpg
fei_65,fei,fei_65/1-66-11.jpg,fei_65/2-66-13.jpg
fei_66,fei,fei_66/1-67-11.jpg,fei_66/2-67-13.jpg
fei_67,fei,fei_67/1-68-11.jpg,fei_67/2-68-13.jpg
fei_68,fei,fei_68/1-69-11.jpg,fei_68/2-69-13.jpg
fei_69,fei,fei_69/1-70-11.jpg,fei_69/2-70-13.jpg
fei_7,fei,fei_7/1-8-11.jpg,fei_7/2-8-13.jpg
fei_70,fei,fei_70/1-71-11.jpg,fei_70/2-71-13.jpg
fei_71,fei,fei_71/1-72-11.jpg,fei_71/2-72-13.jpg
fei_72,fei,fei_72/1-73-11.jpg,fei_72/2-73-13.jpg
fei_73,fei,fei_73/1-74-11.jpg,fei_73/2-74-13.jpg
fei_74,fei,fei_74/1-75-11.jpg,fei_74/2-75-13.jpg
fei_75,fei,fei_75/1-76-11.jpg,fei_75/2-76-13.jpg
fei_76,fei,fei_76/1-77-11.jpg,fei_76/2-77-13.jpg
fei_77,fei,fei_77/1-78-11.jpg,fei_77/2-78-13.jpg
fei_78,fei,fei_78/1-79-11.jpg,fei_78/2-79-13.jpg
fei_79,fei,fei_79/1-80-11.jpg,fei_79/2-80-13.jpg
fei_8,fei,fei_8/1-9-11.jpg,fei_8/2-9-13.jpg
fei_80,fei,fei_80/1-81-11.jpg,fei_80/2-81-13.jpg
fei_81,fei,fei_81/1-82-11.jpg,fei_81/2-82-13.jpg
fei_82,fei,fei_82/1-83-11.jpg,fei_82/2-83-13.jpg
fei_83,fei,fei_83/1-84-11.jpg,fei_83/2-84-13.jpg
fei_84,fei,fei_84/1-85-11.jpg,fei_84/2-85-13.jpg
fei_85,fei,fei_85/1-86-11.jpg,fei_85/2-86-13.jpg
fei_86,fei,fei_86/1-87-11.jpg,fei_86/2-87-13.jpg
fei_87,fei,fei_87/1-88-11.jpg,fei_87/2-88-13.jpg
fei_88,fei,fei_88/1-89-11.jpg,fei_88/2-89-13.jpg
fei_89,fei,fei_89/1-90-11.jpg,fei_89/2-90-13.jpg
fei_9,fei,fei_9/1-10-11.jpg,fei_9/2-10-13.jpg
fei_90,fei,fei_90/1-91-11.jpg,fei_90/2-91-13.jpg
fei_91,fei,fei_91/1-92-11.jpg,fei_91/2-92-13.jpg
fei_92,fei,fei_92/1-93-11.jpg,fei_92/2-93-13.jpg
fei_93,fei,fei_93/1-94-11.jpg,fei_93/2-94-13.jpg
fei_94,fei,fei_94/1-95-11.jpg,fei_94/2-95-13.jpg
fei_95,fei,fei_95/1-96-11.jpg,fei_95/2-96-13.jpg
fei_96,fei,fei_96/1-97-11.jpg,fei_96/2-97-13.jpg
fei_97,fei,fei_97/1-98-11.jpg,fei_97/2-98-13.jpg
fei_98,fei,fei_98/1-99-11.jpg,fei_98/2-99-13.jpg
fei_99,fei,fei_99/1-100-11.jpg,fei_99/2-100-13.jpg
morph_0,morph,morph_0/1-07_03M18.JPG,morph_0/2-07_04M18.JPG
morph_1,morph,morph_1/1-27_01M24.JPG,morph_1/2-27_02M25.JPG
morph_10,morph,morph_10/1-096_0M41.JPG,morph_10/2-096_1M41.JPG
morph_100,morph,morph_100/1-1235_01M28.JPG,morph_100/2-1235_02M28.JPG
morph_1000,morph,morph_1000/1-17388_01M16.JPG,morph_1000/2-17388_03M16.JPG
morph_1001,morph,morph_1001/1-17406_00F23.JPG,morph_1001/2-17406_02F24.JPG
morph_1002,morph,morph_1002/1-17522_01M26.JPG,morph_1002/2-17522_03M27.JPG
morph_1003,morph,morph_1003/1-17526_00M35.JPG,morph_1003/2-17526_02M36.JPG
morph_1004,morph,morph_1004/1-17528_01M16.JPG,morph_1004/2-17528_02M17.JPG
morph_1005,morph,morph_1005/1-17535_02M19.JPG,morph_1005/2-17535_03M20.JPG
morph_1006,morph,morph_1006/1-17685_00M26.JPG,morph_1006/2-17685_02M25.JPG
morph_1007,morph,morph_1007/1-17690_00M20.JPG,morph_1007/2-17690_03M22.JPG
morph_1008,morph,morph_1008/1-17696_02M17.JPG,morph_1008/2-17696_04M18.JPG
morph_1009,morph,morph_1009/1-17715_01F24.JPG,morph_1009/2-17715_04F25.JPG
morph_101,morph,morph_101/1-1255_01M22.JPG,morph_101/2-1255_02M22.JPG
morph_1010,morph,morph_1010/1-17750_00M59.JPG,morph_1010/2-17750_04M60.JPG
morph_1011,morph,morph_1011/1-17869_00M22.JPG,morph_1011/2-17869_03M24.JPG
morph_1012,morph,morph_1012/1-17891_02M29.JPG,morph_1012/2-17891_03M30.JPG
morph_1013,morph,morph_1013/1-17934_00M36.JPG,morph_1013/2-17934_01M37.JPG
morph_1014,morph,morph_1014/1-17975_00M18.JPG,morph_1014/2-17975_04M21.JPG
morph_1015,morph,morph_1015/1-17979_00M20.JPG,morph_1015/2-17979_02M20.JPG
morph_1016,morph,morph_1016/1-17981_00M18.JPG,morph_1016/2-17981_01M18.JPG
morph_1017,morph,morph_1017/1-18020_01F38.JPG,morph_1017/2-18020_04F39.JPG
morph_1018,morph,morph_1018/1-18026_01F44.JPG,morph_1018/2-18026_02F46.JPG
morph_1019,morph,morph_1019/1-18077_00M18.JPG,morph_1019/2-18077_01M18.JPG
morph_102,morph,morph_102/1-1309_01M26.JPG,morph_102/2-1309_02M26.JPG
morph_1020,morph,morph_1020/1-18082_01M18.JPG,morph_1020/2-18082_06M29.JPG
morph_1021,morph,morph_1021/1-18111_01M18.JPG,morph_1021/2-18111_06M19.JPG
morph_1022,morph,morph_1022/1-18113_00M16.JPG,morph_1022/2-18113_01M16.JPG
morph_1023,morph,morph_1023/1-18192_00M17.JPG,morph_1023/2-18192_01M18.JPG
morph_1024,morph,morph_1024/1-18209_01M41.JPG,morph_1024/2-18209_02M42.JPG
morph_1025,morph,morph_1025/1-18221_00M23.JPG,morph_1025/2-18221_01M24.JPG
morph_1026,morph,morph_1026/1-18255_00M25.JPG,morph_1026/2-18255_03M25.JPG
morph_1027,morph,morph_1027/1-18363_01M27.JPG,morph_1027/2-18363_02M28.JPG
morph_1028,morph,morph_1028/1-18366_00F27.JPG,morph_1028/2-18366_01F27.JPG
morph_1029,morph,morph_1029/1-18386_00M20.JPG,morph_1029/2-18386_06M21.JPG
morph_103,morph,morph_103/1-1356_01M24.JPG,morph_103/2-1356_02M24.JPG
morph_1030,morph,morph_1030/1-18390_03M19.JPG,morph_1030/2-18390_04M19.JPG
morph_1031,morph,morph_1031/1-18394_01M17.JPG,morph_1031/2-18394_03M18.JPG
morph_1032,morph,morph_1032/1-18469_01M21.JPG,morph_1032/2-18469_02M22.JPG
morph_1033,morph,morph_1033/1-18482_02M25.JPG,morph_1033/2-18482_06M25.JPG
morph_1034,morph,morph_1034/1-18555_03M17.JPG,morph_1034/2-18555_04M17.JPG
morph_1035,morph,morph_1035/1-18561_01M44.JPG,morph_1035/2-18561_02M44.JPG
morph_1036,morph,morph_1036/1-18617_00M16.JPG,morph_1036/2-18617_06M18.JPG
morph_1037,morph,morph_1037/1-18657_00F24.JPG,morph_1037/2-18657_03F24.JPG
morph_1038,morph,morph_1038/1-18703_03M25.JPG,morph_1038/2-18703_04M25.JPG
morph_1039,morph,morph_1039/1-18742_00M21.JPG,morph_1039/2-18742_01M21.JPG
morph_104,morph,morph_104/1-1359_03M44.JPG,morph_104/2-1359_06M39.JPG
morph_1040,morph,morph_1040/1-18776_01M24.JPG,morph_1040/2-18776_03M25.JPG
morph_1041,morph,morph_1041/1-18777_01M19.JPG,morph_1041/2-18777_03M19.JPG
morph_1042,morph,morph_1042/1-18798_01M24.JPG,morph_1042/2-18798_03M25.JPG
morph_1043,morph,morph_1043/1-18845_01F33.JPG,morph_1043/2-18845_05F33.JPG
morph_1044,morph,morph_1044/1-18851_00M19.JPG,morph_1044/2-18851_04M20.JPG
morph_1045,morph,morph_1045/1-18854_00M17.JPG,morph_1045/2-18854_05M19.JPG
morph_1046,morph,morph_1046/1-18865_00M21.JPG,morph_1046/2-18865_02M22.JPG
morph_1047,morph,morph_1047/1-18875_00M40.JPG,morph_1047/2-18875_02M41.JPG
morph_1048,morph,morph_1048/1-18911_00F19.JPG,morph_1048/2-18911_03F21.JPG
morph_1049,morph,morph_1049/1-19002_01M16.JPG,morph_1049/2-19002_04M18.JPG
morph_105,morph,morph_105/1-1402_01M24.JPG,morph_105/2-1402_03M26.JPG
morph_1050,morph,morph_1050/1-19098_00M16.JPG,morph_1050/2-19098_06M18.JPG
morph_1051,morph,morph_1051/1-19105_03M19.JPG,morph_1051/2-19105_04M19.JPG
morph_1052,morph,morph_1052/1-19108_00M17.JPG,morph_1052/2-19108_03M18.JPG
morph_1053,morph,morph_1053/1-19186_03M17.JPG,morph_1053/2-19186_06M18.JPG
morph_1054,morph,morph_1054/1-19204_03M17.JPG,morph_1054/2-19204_04M18.JPG
morph_1055,morph,morph_1055/1-19231_03M17.JPG,morph_1055/2-19231_04M17.JPG
morph_1056,morph,morph_1056/1-19261_01M16.JPG,morph_1056/2-19261_02M18.JPG
morph_1057,morph,morph_1057/1-19318_00M39.JPG,morph_1057/2-19318_03M41.JPG
morph_1058,morph,morph_1058/1-19323_05M19.JPG,morph_1058/2-19323_07M19.JPG
morph_1059,morph,morph_1059/1-19343_02M22.JPG,morph_1059/2-19343_03M23.JPG
morph_106,morph,morph_106/1-1428_00M22.JPG,morph_106/2-1428_01M22.JPG
morph_1060,morph,morph_1060/1-19372_02M21.JPG,morph_1060/2-19372_03M21.JPG
morph_1061,morph,morph_1061/1-19387_01M37.JPG,morph_1061/2-19387_02M45.JPG
morph_1062,morph,morph_1062/1-19410_01M16.JPG,morph_1062/2-19410_06M17.JPG
morph_1063,morph,morph_1063/1-19449_02M20.JPG,morph_1063/2-19449_07M21.JPG
morph_1064,morph,morph_1064/1-19480_00F33.JPG,morph_1064/2-19480_02F35.JPG
morph_1065,morph,morph_1065/1-19490_03M36.JPG,morph_1065/2-19490_09M37.JPG
morph_1066,morph,morph_1066/1-19521_00M16.JPG,morph_1066/2-19521_03M18.JPG
morph_1067,morph,morph_1067/1-19525_00F33.JPG,morph_1067/2-19525_02F35.JPG
morph_1068,morph,morph_1068/1-19588_00M17.JPG,morph_1068/2-19588_02M19.JPG
morph_1069,morph,morph_1069/1-19592_01F17.JPG,morph_1069/2-19592_02F18.JPG
morph_107,morph,morph_107/1-1458_01M26.JPG,morph_107/2-1458_02M27.JPG
morph_1070,morph,morph_1070/1-19602_00M39.JPG,morph_1070/2-19602_03M40.JPG
morph_1071,morph,morph_1071/1-19634_00M16.JPG,morph_1071/2-19634_03M18.JPG
morph_1072,morph,morph_1072/1-19686_01M31.JPG,morph_1072/2-19686_02M31.JPG
morph_1073,morph,morph_1073/1-19689_01M17.JPG,morph_1073/2-19689_03M21.JPG
morph_1074,morph,morph_1074/1-19690_01M17.JPG,morph_1074/2-19690_03M19.JPG
morph_1075,morph,morph_1075/1-19700_00M25.JPG,morph_1075/2-19700_01M25.JPG
morph_1076,morph,morph_1076/1-19713_00M16.JPG,morph_1076/2-19713_01M17.JPG
morph_1077,morph,morph_1077/1-19736_02M51.JPG,morph_1077/2-19736_03M52.JPG
morph_1078,morph,morph_1078/1-19749_00M16.JPG,morph_1078/2-19749_05M18.JPG
morph_1079,morph,morph_1079/1-19757_00M23.JPG,morph_1079/2-19757_01M24.JPG
morph_108,morph,morph_108/1-1470_01M24.JPG,morph_108/2-1470_03M25.JPG
morph_1080,morph,morph_1080/1-19786_01M18.JPG,morph_1080/2-19786_02M19.JPG
morph_1081,morph,morph_1081/1-19790_03M20.JPG,morph_1081/2-19790_04M20.JPG
morph_1082,morph,morph_1082/1-19817_00M17.JPG,morph_1082/2-19817_06M19.JPG
morph_1083,morph,morph_1083/1-19835_00M21.JPG,morph_1083/2-19835_02M22.JPG
morph_1084,morph,morph_1084/1-19915_00M16.JPG,morph_1084/2-19915_07M18.JPG
morph_1085,morph,morph_1085/1-19928_01M22.JPG,morph_1085/2-19928_02M22.JPG
morph_1086,morph,morph_1086/1-19939_00M16.JPG,morph_1086/2-19939_04M18.JPG
morph_1087,morph,morph_1087/1-19942_03M20.JPG,morph_1087/2-19942_04M21.JPG
morph_1088,morph,morph_1088/1-19947_03M18.JPG,morph_1088/2-19947_04M18.JPG
morph_1089,morph,morph_1089/1-19950_00M17.JPG,morph_1089/2-19950_01M18.JPG
morph_109,morph,morph_109/1-1592_01M24.JPG,morph_109/2-1592_02M26.JPG
morph_1090,morph,morph_1090/1-19951_00M41.JPG,morph_1090/2-19951_02M42.JPG
morph_1091,morph,morph_1091/1-19967_00M23.JPG,morph_1091/2-19967_01M23.JPG
morph_1092,morph,morph_1092/1-19999_01M35.JPG,morph_1092/2-19999_02M35.JPG
morph_1093,morph,morph_1093/1-20116_03M17.JPG,morph_1093/2-20116_04M17.JPG
morph_1094,morph,morph_1094/1-20136_01M18.JPG,morph_1094/2-20136_05M19.JPG
morph_1096,morph,morph_1096/1-20148_01M26.JPG,morph_1096/2-20148_02M28.JPG
morph_1097,morph,morph_1097/1-20172_00F16.JPG,morph_1097/2-20172_01F16.JPG
morph_1098,morph,morph_1098/1-20173_02M18.JPG,morph_1098/2-20173_04M18.JPG
morph_1099,morph,morph_1099/1-20200_00M16.JPG,morph_1099/2-20200_01M17.JPG
morph_11,morph,morph_11/1-169_01M16.JPG,morph_11/2-169_03M16.JPG
morph_110,morph,morph_110/1-1608_00M16.JPG,morph_110/2-1608_02M16.JPG
morph_1100,morph,morph_1100/1-20204_10M38.JPG,morph_1100/2-20204_9M38.JPG
morph_1101,morph,morph_1101/1-20219_00M20.JPG,morph_1101/2-20219_01M20.JPG
morph_1102,morph,morph_1102/1-20228_00F19.JPG,morph_1102/2-20228_01F19.JPG
morph_1103,morph,morph_1103/1-20236_01M24.JPG,morph_1103/2-20236_02M25.JPG
morph_1104,morph,morph_1104/1-20237_00M35.JPG,morph_1104/2-20237_02M37.JPG
morph_1105,morph,morph_1105/1-20262_01F25.JPG,morph_1105/2-20262_03F26.JPG
morph_1106,morph,morph_1106/1-20274_01M16.JPG,morph_1106/2-20274_02M16.JPG
morph_1107,morph,morph_1107/1-20277_00M18.JPG,morph_1107/2-20277_03M18.JPG
morph_1108,morph,morph_1108/1-20293_01M17.JPG,morph_1108/2-20293_02M18.JPG
morph_1109,morph,morph_1109/1-20314_00F35.JPG,morph_1109/2-20314_03F36.JPG
morph_111,morph,morph_111/1-1617_01M37.JPG,morph_111/2-1617_02M37.JPG
morph_1110,morph,morph_1110/1-20319_01F19.JPG,morph_1110/2-20319_02F19.JPG
morph_1111,morph,morph_1111/1-20341_00M20.JPG,morph_1111/2-20341_01M20.JPG
morph_1112,morph,morph_1112/1-20381_13M38.JPG,morph_1112/2-20381_1M33.JPG
morph_1113,morph,morph_1113/1-20397_0F33.JPG,morph_1113/2-20397_7F35.JPG
morph_1114,morph,morph_1114/1-20412_1M36.JPG,morph_1114/2-20412_4M38.JPG
morph_1115,morph,morph_1115/1-20427_0M33.JPG,morph_1115/2-20427_1M34.JPG
morph_1116,morph,morph_1116/1-20434_01M31.JPG,morph_1116/2-20434_07M33.JPG
morph_1117,morph,morph_1117/1-20445_02M17.JPG,morph_1117/2-20445_04M18.JPG
morph_1118,morph,morph_1118/1-20456_03M17.JPG,morph_1118/2-20456_04M18.JPG
morph_1119,morph,morph_1119/1-20459_03M19.JPG,morph_1119/2-20459_09M20.JPG
morph_112,morph,morph_112/1-1629_00M16.JPG,morph_112/2-1629_04M17.JPG
morph_1120,morph,morph_1120/1-20460_00M39.JPG,morph_1120/2-20460_01M39.JPG
morph_1121,morph,morph_1121/1-20473_03F39.JPG,morph_1121/2-20473_07F39.JPG
morph_1122,morph,morph_1122/1-20528_00M44.JPG,morph_1122/2-20528_01M45.JPG
morph_1123,morph,morph_1123/1-20623_01F17.JPG,morph_1123/2-20623_04F17.JPG
morph_1124,morph,morph_1124/1-20629_03M20.JPG,morph_1124/2-20629_04M20.JPG
morph_1125,morph,morph_1125/1-20655_01M42.JPG,morph_1125/2-20655_03M43.JPG
morph_1126,morph,morph_1126/1-20668_0M40.JPG,morph_1126/2-20668_1M41.JPG
morph_1127,morph,morph_1127/1-20698_00M26.JPG,morph_1127/2-20698_01M27.JPG
morph_1128,morph,morph_1128/1-20738_01M17.JPG,morph_1128/2-20738_02M17.JPG
morph_1129,morph,morph_1129/1-20771_00M18.JPG,morph_1129/2-20771_01M18.JPG
morph_113,morph,morph_113/1-1634_00F44.JPG,morph_113/2-1634_01F44.JPG
morph_1130,morph,morph_1130/1-20779_04M35.JPG,morph_1130/2-20779_3M35.JPG
morph_1131,morph,morph_1131/1-20795_03M37.JPG,morph_1131/2-20795_1M36.JPG
morph_1132,morph,morph_1132/1-20801_01M36.JPG,morph_1132/2-20801_02M37.JPG
morph_1133,morph,morph_1133/1-20802_00M26.JPG,morph_1133/2-20802_01M27.JPG
morph_1134,morph,morph_1134/1-20815_02F46.JPG,morph_1134/2-20815_06F46.JPG
morph_1135,morph,morph_1135/1-20838_0M32.JPG,morph_1135/2-20838_6M34.JPG
morph_1136,morph,morph_1136/1-20856_01M44.JPG,morph_1136/2-20856_02M44.JPG
morph_1137,morph,morph_1137/1-20864_00M20.JPG,morph_1137/2-20864_05M22.JPG
morph_1138,morph,morph_1138/1-20875_1M33.JPG,morph_1138/2-20875_5M34.JPG
morph_1139,morph,morph_1139/1-20903_00M53.JPG,morph_1139/2-20903_04M54.JPG
morph_114,morph,morph_114/1-1640_02M18.JPG,morph_114/2-1640_08M18.JPG
morph_1140,morph,morph_1140/1-20907_04M43.JPG,morph_1140/2-20907_1M41.JPG
morph_1141,morph,morph_1141/1-20998_02F25.JPG,morph_1141/2-20998_04F26.JPG
morph_1142,morph,morph_1142/1-21009_00M16.JPG,morph_1142/2-21009_01M16.JPG
morph_1143,morph,morph_1143/1-21031_01M45.JPG,morph_1143/2-21031_05M47.JPG
morph_1144,morph,morph_1144/1-21048_00M16.JPG,morph_1144/2-21048_04M16.JPG
morph_1145,morph,morph_1145/1-21079_1M39.JPG,morph_1145/2-21079_8M41.JPG
morph_1146,morph,morph_1146/1-21115_01M40.JPG,morph_1146/2-21115_05M41.JPG
morph_1147,morph,morph_1147/1-21159_05F20.JPG,morph_1147/2-21159_07F20.JPG
morph_1148,morph,morph_1148/1-21168_05F45.JPG,morph_1148/2-21168_2F43.JPG
morph_1149,morph,morph_1149/1-21169_01M33.JPG,morph_1149/2-21169_03M36.JPG
morph_115,morph,morph_115/1-1671_03M16.JPG,morph_115/2-1671_04M17.JPG
morph_1150,morph,morph_1150/1-21180_0M46.JPG,morph_1150/2-21180_1M46.JPG
morph_1151,morph,morph_1151/1-21186_01M16.JPG,morph_1151/2-21186_03M17.JPG
morph_1152,morph,morph_1152/1-21200_00M16.JPG,morph_1152/2-21200_02M17.JPG
morph_1153,morph,morph_1153/1-21217_02M17.JPG,morph_1153/2-21217_03M18.JPG
morph_1154,morph,morph_1154/1-21220_00M24.JPG,morph_1154/2-21220_02M25.JPG
morph_1155,morph,morph_1155/1-21254_02M17.JPG,morph_1155/2-21254_03M18.JPG
morph_1156,morph,morph_1156/1-21259_01F17.JPG,morph_1156/2-21259_03F17.JPG
morph_1157,morph,morph_1157/1-21278_00M48.JPG,morph_1157/2-21278_01M49.JPG
morph_1158,morph,morph_1158/1-21279_00F24.JPG,morph_1158/2-21279_01F24.JPG
morph_1159,morph,morph_1159/1-21283_01M20.JPG,morph_1159/2-21283_02M21.JPG
morph_116,morph,morph_116/1-1701_01F20.JPG,morph_116/2-1701_02F20.JPG
morph_1160,morph,morph_1160/1-21294_00F17.JPG,morph_1160/2-21294_03F18.JPG
morph_1161,morph,morph_1161/1-21309_01M18.JPG,morph_1161/2-21309_03M18.JPG
morph_1162,morph,morph_1162/1-21313_06M35.JPG,morph_1162/2-21313_4M33.JPG
morph_1163,morph,morph_1163/1-21338_08M36.JPG,morph_1163/2-21338_2M33.JPG
morph_1164,morph,morph_1164/1-21339_2F38.JPG,morph_1164/2-21339_6F40.JPG
morph_1165,morph,morph_1165/1-21347_02M16.JPG,morph_1165/2-21347_04M18.JPG
morph_1166,morph,morph_1166/1-21359_0F34.JPG,morph_1166/2-21359_1F34.JPG
morph_1167,morph,morph_1167/1-21429_0M36.JPG,morph_1167/2-21429_2M38.JPG
morph_1168,morph,morph_1168/1-21527_01M32.JPG,morph_1168/2-21527_02M33.JPG
morph_1169,morph,morph_1169/1-21550_01M22.JPG,morph_1169/2-21550_02M22.JPG
morph_117,morph,morph_117/1-1706_01F25.JPG,morph_117/2-1706_02F26.JPG
morph_1170,morph,morph_1170/1-21567_01M40.JPG,morph_1170/2-21567_02M41.JPG
morph_1171,morph,morph_1171/1-21569_00M16.JPG,morph_1171/2-21569_01M16.JPG
morph_1172,morph,morph_1172/1-21578_01M16.JPG,morph_1172/2-21578_04M17.JPG
morph_1173,morph,morph_1173/1-21601_01M17.JPG,morph_1173/2-21601_03M18.JPG
morph_1174,morph,morph_1174/1-21634_00M38.JPG,morph_1174/2-21634_02M40.JPG
morph_1175,morph,morph_1175/1-21659_00M21.JPG,morph_1175/2-21659_02M21.JPG
morph_1176,morph,morph_1176/1-21700_01M51.JPG,morph_1176/2-21700_02M41.JPG
morph_1177,morph,morph_1177/1-21712_03M41.JPG,morph_1177/2-21712_06M41.JPG
morph_1178,morph,morph_1178/1-21723_01M22.JPG,morph_1178/2-21723_03M22.JPG
morph_1179,morph,morph_1179/1-21731_00M18.JPG,morph_1179/2-21731_03M19.JPG
morph_118,morph,morph_118/1-1708_00M16.JPG,morph_118/2-1708_01M16.JPG
morph_1180,morph,morph_1180/1-21787_04M18.JPG,morph_1180/2-21787_06M18.JPG
morph_1181,morph,morph_1181/1-21798_05M36.JPG,morph_1181/2-21798_06M36.JPG
morph_1182,morph,morph_1182/1-21919_02M23.JPG,morph_1182/2-21919_03M24.JPG
morph_1183,morph,morph_1183/1-21931_02M45.JPG,morph_1183/2-21931_1M42.JPG
morph_1184,morph,morph_1184/1-21968_01M18.JPG,morph_1184/2-21968_04M19.JPG
morph_1185,morph,morph_1185/1-21993_01M34.JPG,morph_1185/2-21993_03M35.JPG
morph_1186,morph,morph_1186/1-22023_00M16.JPG,morph_1186/2-22023_02M16.JPG
morph_1187,morph,morph_1187/1-22034_01M18.JPG,morph_1187/2-22034_03M19.JPG
morph_1188,morph,morph_1188/1-22080_02M34.JPG,morph_1188/2-22080_03M34.JPG
morph_1189,morph,morph_1189/1-22122_1M43.JPG,morph_1189/2-22122_8M46.JPG
morph_119,morph,morph_119/1-1740_00F37.JPG,morph_119/2-1740_02F38.JPG
morph_1190,morph,morph_1190/1-22149_01M23.JPG,morph_1190/2-22149_02M23.JPG
morph_1191,morph,morph_1191/1-22155_03M42.JPG,morph_1191/2-22155_1M40.JPG
morph_1192,morph,morph_1192/1-22253_0M34.JPG,morph_1192/2-22253_11M36.JPG
morph_1193,morph,morph_1193/1-22255_03M18.JPG,morph_1193/2-22255_04M18.JPG
morph_1194,morph,morph_1194/1-22305_05M17.JPG,morph_1194/2-22305_06M18.JPG
morph_1195,morph,morph_1195/1-22320_1M33.JPG,morph_1195/2-22320_3M33.JPG
morph_1196,morph,morph_1196/1-22346_01M18.JPG,morph_1196/2-22346_02M18.JPG
morph_1197,morph,morph_1197/1-22397_00F16.JPG,morph_1197/2-22397_02F17.JPG
morph_1198,morph,morph_1198/1-22418_05M36.JPG,morph_1198/2-22418_07M37.JPG
morph_1199,morph,morph_1199/1-22425_01M28.JPG,morph_1199/2-22425_02M29.JPG
morph_12,morph,morph_12/1-216_0M38.JPG,morph_12/2-216_1M40.JPG
morph_120,morph,morph_120/1-1842_01M16.JPG,morph_120/2-1842_02M16.JPG
morph_1200,morph,morph_1200/1-22432_00M22.JPG,morph_1200/2-22432_02M23.JPG
morph_1201,morph,morph_1201/1-22447_03M18.JPG,morph_1201/2-22447_04M19.JPG
morph_1202,morph,morph_1202/1-22455_00M16.JPG,morph_1202/2-22455_01M16.JPG
morph_1203,morph,morph_1203/1-22467_01F32.JPG,morph_1203/2-22467_02F33.JPG
morph_1204,morph,morph_1204/1-22475_00M37.JPG,morph_1204/2-22475_01M38.JPG
morph_1205,morph,morph_1205/1-22494_02M17.JPG,morph_1205/2-22494_03M18.JPG
morph_1206,morph,morph_1206/1-22498_02M21.JPG,morph_1206/2-22498_03M21.JPG
morph_1207,morph,morph_1207/1-22508_00F16.JPG,morph_1207/2-22508_05F18.JPG
morph_1208,morph,morph_1208/1-22514_01M48.JPG,morph_1208/2-22514_05M48.JPG
morph_1209,morph,morph_1209/1-22543_03M39.JPG,morph_1209/2-22543_04M39.JPG
morph_121,morph,morph_121/1-1939_02F39.JPG,morph_121/2-1939_06F40.JPG
morph_1210,morph,morph_1210/1-22567_00M17.JPG,morph_1210/2-22567_02M18.JPG
morph_1211,morph,morph_1211/1-22581_0M30.JPG,morph_1211/2-22581_1M30.JPG
morph_1212,morph,morph_1212/1-22609_00M46.JPG,morph_1212/2-22609_01M47.JPG
morph_1213,morph,morph_1213/1-22634_00F25.JPG,morph_1213/2-22634_01F26.JPG
morph_1214,morph,morph_1214/1-22640_00F27.JPG,morph_1214/2-22640_05F28.JPG
morph_1215,morph,morph_1215/1-22661_03M35.JPG,morph_1215/2-22661_0M31.JPG
morph_1216,morph,morph_1216/1-22682_2M36.JPG,morph_1216/2-22682_3M37.JPG
morph_1217,morph,morph_1217/1-22732_0M34.JPG,morph_1217/2-22732_1M36.JPG
morph_1218,morph,morph_1218/1-22834_00F39.JPG,morph_1218/2-22834_06F40.JPG
morph_1219,morph,morph_1219/1-22871_12M18.JPG,morph_1219/2-22871_13M18.JPG
morph_122,morph,morph_122/1-1973_00M29.JPG,morph_122/2-1973_02M30.JPG
morph_1220,morph,morph_1220/1-22915_00M16.JPG,morph_1220/2-22915_01M17.JPG
morph_1221,morph,morph_1221/1-22916_04M19.JPG,morph_1221/2-22916_05M19.JPG
morph_1222,morph,morph_1222/1-22917_01M16.JPG,morph_1222/2-22917_03M17.JPG
morph_1223,morph,morph_1223/1-22984_00M19.JPG,morph_1223/2-22984_02M20.JPG
morph_1224,morph,morph_1224/1-23089_03M38.JPG,morph_1224/2-23089_0M37.JPG
morph_1225,morph,morph_1225/1-23143_00M20.JPG,morph_1225/2-23143_01M21.JPG
morph_1226,morph,morph_1226/1-23150_01M22.JPG,morph_1226/2-23150_02M22.JPG
morph_1227,morph,morph_1227/1-23252_01M44.JPG,morph_1227/2-23252_19M45.JPG
morph_1228,morph,morph_1228/1-23257_2M34.JPG,morph_1228/2-23257_5M36.JPG
morph_1229,morph,morph_1229/1-23281_01M17.JPG,morph_1229/2-23281_02M19.JPG
morph_123,morph,morph_123/1-1982_00M21.JPG,morph_123/2-1982_02M22.JPG
morph_1230,morph,morph_1230/1-23296_06M31.JPG,morph_1230/2-23296_07M31.JPG
morph_1231,morph,morph_1231/1-23305_01M45.JPG,morph_1231/2-23305_02M46.JPG
morph_1232,morph,morph_1232/1-23309_00M38.JPG,morph_1232/2-23309_02M39.JPG
morph_1233,morph,morph_1233/1-23324_02M16.JPG,morph_1233/2-23324_03M16.JPG
morph_1234,morph,morph_1234/1-23367_01M20.JPG,morph_1234/2-23367_03M22.JPG
morph_1235,morph,morph_1235/1-23370_00M19.JPG,morph_1235/2-23370_01M20.JPG
morph_1236,morph,morph_1236/1-23374_00M17.JPG,morph_1236/2-23374_03M17.JPG
morph_1237,morph,morph_1237/1-23375_00M16.JPG,morph_1237/2-23375_01M16.JPG
morph_1238,morph,morph_1238/1-23389_03M20.JPG,morph_1238/2-23389_09M21.JPG
morph_1239,morph,morph_1239/1-23393_01M24.JPG,morph_1239/2-23393_02M25.JPG
morph_124,morph,morph_124/1-1991_03M60.JPG,morph_124/2-1991_05M61.JPG
morph_1240,morph,morph_1240/1-23406_06M35.JPG,morph_1240/2-23406_0M33.JPG
morph_1241,morph,morph_1241/1-23433_6F32.JPG,morph_1241/2-23433_7F32.JPG
morph_1242,morph,morph_1242/1-23438_02F21.JPG,morph_1242/2-23438_03F21.JPG
morph_1243,morph,morph_1243/1-23444_03M51.JPG,morph_1243/2-23444_07M52.JPG
morph_1244,morph,morph_1244/1-23447_00M16.JPG,morph_1244/2-23447_02M17.JPG
morph_1245,morph,morph_1245/1-23498_08M18.JPG,morph_1245/2-23498_10M19.JPG
morph_1246,morph,morph_1246/1-23513_00M16.JPG,morph_1246/2-23513_08M18.JPG
morph_1247,morph,morph_1247/1-23600_00M16.JPG,morph_1247/2-23600_01M17.JPG
morph_1248,morph,morph_1248/1-23602_08M36.JPG,morph_1248/2-23602_1M33.JPG
morph_1249,morph,morph_1249/1-23618_2M34.JPG,morph_1249/2-23618_3M34.JPG
morph_125,morph,morph_125/1-2002_00M37.JPG,morph_125/2-2002_03M38.JPG
morph_1250,morph,morph_1250/1-23623_00M30.JPG,morph_1250/2-23623_01M31.JPG
morph_1251,morph,morph_1251/1-23634_05M42.JPG,morph_1251/2-23634_0M39.JPG
morph_1252,morph,morph_1252/1-23650_00M17.JPG,morph_1252/2-23650_04M18.JPG
morph_1253,morph,morph_1253/1-23723_00M17.JPG,morph_1253/2-23723_02M18.JPG
morph_1254,morph,morph_1254/1-23734_00F20.JPG,morph_1254/2-23734_01F20.JPG
morph_1255,morph,morph_1255/1-23753_02M38.JPG,morph_1255/2-23753_04M39.JPG
morph_1256,morph,morph_1256/1-23755_00M16.JPG,morph_1256/2-23755_02M18.JPG
morph_1257,morph,morph_1257/1-23844_02M23.JPG,morph_1257/2-23844_03M23.JPG
morph_1258,morph,morph_1258/1-23857_02M17.JPG,morph_1258/2-23857_03M18.JPG
morph_1259,morph,morph_1259/1-23859_0F34.JPG,morph_1259/2-23859_3F34.JPG
morph_126,morph,morph_126/1-2012_01M16.JPG,morph_126/2-2012_02M17.JPG
morph_1260,morph,morph_1260/1-23876_01M17.JPG,morph_1260/2-23876_02M17.JPG
morph_1261,morph,morph_1261/1-23881_00M20.JPG,morph_1261/2-23881_02M20.JPG
morph_1262,morph,morph_1262/1-23884_08M18.JPG,morph_1262/2-23884_09M18.JPG
morph_1263,morph,morph_1263/1-23913_03F35.JPG,morph_1263/2-23913_05F36.JPG
morph_1264,morph,morph_1264/1-23915_0M47.JPG,morph_1264/2-23915_1M47.JPG
morph_1265,morph,morph_1265/1-23917_03M18.JPG,morph_1265/2-23917_04M18.JPG
morph_1266,morph,morph_1266/1-23929_02M19.JPG,morph_1266/2-23929_03M19.JPG
morph_1267,morph,morph_1267/1-23933_02M47.JPG,morph_1267/2-23933_03M47.JPG
morph_1268,morph,morph_1268/1-23936_01F23.JPG,morph_1268/2-23936_03F24.JPG
morph_1269,morph,morph_1269/1-23938_00M16.JPG,morph_1269/2-23938_01M16.JPG
morph_127,morph,morph_127/1-2016_01M30.JPG,morph_127/2-2016_02M31.JPG
morph_1270,morph,morph_1270/1-23945_00M50.JPG,morph_1270/2-23945_01M51.JPG
morph_1271,morph,morph_1271/1-23948_01M17.JPG,morph_1271/2-23948_03M18.JPG
morph_1272,morph,morph_1272/1-23968_01M40.JPG,morph_1272/2-23968_03M40.JPG
morph_1273,morph,morph_1273/1-23988_01M33.JPG,morph_1273/2-23988_02M33.JPG
morph_1274,morph,morph_1274/1-24003_00F25.JPG,morph_1274/2-24003_0F38.JPG
morph_1275,morph,morph_1275/1-24007_00F30.JPG,morph_1275/2-24007_01F31.JPG
morph_1276,morph,morph_1276/1-24051_1F34.JPG,morph_1276/2-24051_3F35.JPG
morph_1277,morph,morph_1277/1-24095_01M26.JPG,morph_1277/2-24095_04M26.JPG
morph_1278,morph,morph_1278/1-24111_02M23.JPG,morph_1278/2-24111_03M24.JPG
morph_1279,morph,morph_1279/1-24138_00M31.JPG,morph_1279/2-24138_02M33.JPG
morph_128,morph,morph_128/1-2032_05M50.JPG,morph_128/2-2032_0M44.JPG
morph_1280,morph,morph_1280/1-24147_00M23.JPG,morph_1280/2-24147_01M24.JPG
morph_1281,morph,morph_1281/1-24150_02M22.JPG,morph_1281/2-24150_04M23.JPG
morph_1282,morph,morph_1282/1-24155_09M34.JPG,morph_1282/2-24155_0M31.JPG
morph_1283,morph,morph_1283/1-24159_00M16.JPG,morph_1283/2-24159_01M17.JPG
morph_1284,morph,morph_1284/1-24176_00M17.JPG,morph_1284/2-24176_02M19.JPG
morph_1285,morph,morph_1285/1-24186_0M33.JPG,morph_1285/2-24186_1M33.JPG
morph_1286,morph,morph_1286/1-24198_00M16.JPG,morph_1286/2-24198_02M17.JPG
morph_1287,morph,morph_1287/1-24217_01M18.JPG,morph_1287/2-24217_02M18.JPG
morph_1288,morph,morph_1288/1-24243_02M34.JPG,morph_1288/2-24243_1M33.JPG
morph_1289,morph,morph_1289/1-24278_00M17.JPG,morph_1289/2-24278_06M18.JPG
morph_129,morph,morph_129/1-2059_04M43.JPG,morph_129/2-2059_1M40.JPG
morph_1290,morph,morph_1290/1-24310_00M16.JPG,morph_1290/2-24310_03M17.JPG
morph_1291,morph,morph_1291/1-24352_00M16.JPG,morph_1291/2-24352_02M17.JPG
morph_1292,morph,morph_1292/1-24375_01M17.JPG,morph_1292/2-24375_02M18.JPG
morph_1293,morph,morph_1293/1-24377_00F33.JPG,morph_1293/2-24377_01F33.JPG
morph_1294,morph,morph_1294/1-24386_00M21.JPG,morph_1294/2-24386_01M21.JPG
morph_1295,morph,morph_1295/1-24391_01F20.JPG,morph_1295/2-24391_02F20.JPG
morph_1296,morph,morph_1296/1-24395_06M35.JPG,morph_1296/2-24395_1M33.JPG
morph_1297,morph,morph_1297/1-24416_02M30.JPG,morph_1297/2-24416_1M42.JPG
morph_1298,morph,morph_1298/1-24466_00M37.JPG,morph_1298/2-24466_01M38.JPG
morph_1299,morph,morph_1299/1-24502_00M35.JPG,morph_1299/2-24502_02M35.JPG
morph_13,morph,morph_13/1-275_01M18.JPG,morph_13/2-275_03M18.JPG
morph_130,morph,morph_130/1-2063_01M36.JPG,morph_130/2-2063_03M37.JPG
morph_1300,morph,morph_1300/1-24542_00M16.JPG,morph_1300/2-24542_01M16.JPG
morph_1301,morph,morph_1301/1-24545_04M33.JPG,morph_1301/2-24545_07M33.JPG
morph_1302,morph,morph_1302/1-24592_00M19.JPG,morph_1302/2-24592_02M19.JPG
morph_1303,morph,morph_1303/1-24607_01M23.JPG,morph_1303/2-24607_03M24.JPG
morph_1304,morph,morph_1304/1-24619_02M41.JPG,morph_1304/2-24619_03M41.JPG
morph_1305,morph,morph_1305/1-24631_01M17.JPG,morph_1305/2-24631_02M17.JPG
morph_1306,morph,morph_1306/1-24647_01M35.JPG,morph_1306/2-24647_03M35.JPG
morph_1307,morph,morph_1307/1-24658_03M19.JPG,morph_1307/2-24658_05M19.JPG
morph_1308,morph,morph_1308/1-24663_01M46.JPG,morph_1308/2-24663_02M46.JPG
morph_1309,morph,morph_1309/1-24680_00M23.JPG,morph_1309/2-24680_01M23.JPG
morph_131,morph,morph_131/1-2075_00M17.JPG,morph_131/2-2075_03M18.JPG
morph_1310,morph,morph_1310/1-24713_11M37.JPG,morph_1310/2-24713_15M38.JPG
morph_1311,morph,morph_1311/1-24753_1M31.JPG,morph_1311/2-24753_2M32.JPG
morph_1312,morph,morph_1312/1-24756_2M31.JPG,morph_1312/2-24756_3M31.JPG
morph_1313,morph,morph_1313/1-24772_01M26.JPG,morph_1313/2-24772_02M26.JPG
morph_1314,morph,morph_1314/1-24783_00M29.JPG,morph_1314/2-24783_03M31.JPG
morph_1315,morph,morph_1315/1-24788_07M35.JPG,morph_1315/2-24788_0M33.JPG
morph_1316,morph,morph_1316/1-24789_01M16.JPG,morph_1316/2-24789_02M17.JPG
morph_1317,morph,morph_1317/1-24805_0F52.JPG,morph_1317/2-24805_2F52.JPG
morph_1318,morph,morph_1318/1-24814_00M17.JPG,morph_1318/2-24814_01M18.JPG
morph_1319,morph,morph_1319/1-24825_2M36.JPG,morph_1319/2-24825_3M36.JPG
morph_132,morph,morph_132/1-2077_01M44.JPG,morph_132/2-2077_04M46.JPG
morph_1320,morph,morph_1320/1-24829_09M49.JPG,morph_1320/2-24829_3M48.JPG
morph_1321,morph,morph_1321/1-24838_01M16.JPG,morph_1321/2-24838_13M18.JPG
morph_1322,morph,morph_1322/1-24876_02F31.JPG,morph_1322/2-24876_03F31.JPG
morph_1323,morph,morph_1323/1-24908_00M22.JPG,morph_1323/2-24908_01M23.JPG
morph_1324,morph,morph_1324/1-24944_00M19.JPG,morph_1324/2-24944_01M19.JPG
morph_1325,morph,morph_1325/1-24978_00F16.JPG,morph_1325/2-24978_01F16.JPG
morph_1326,morph,morph_1326/1-24985_05M17.JPG,morph_1326/2-24985_06M17.JPG
morph_1327,morph,morph_1327/1-25107_01M52.JPG,morph_1327/2-25107_03M52.JPG
morph_1328,morph,morph_1328/1-25134_01M38.JPG,morph_1328/2-25134_02M38.JPG
morph_1329,morph,morph_1329/1-25135_02F16.JPG,morph_1329/2-25135_03F18.JPG
morph_133,morph,morph_133/1-2080_00F30.JPG,morph_133/2-2080_01F30.JPG
morph_1330,morph,morph_1330/1-25138_01M37.JPG,morph_1330/2-25138_02M38.JPG
morph_1331,morph,morph_1331/1-25166_04M17.JPG,morph_1331/2-25166_05M17.JPG
morph_1332,morph,morph_1332/1-25170_02M17.JPG,morph_1332/2-25170_03M18.JPG
morph_1333,morph,morph_1333/1-25185_00F18.JPG,morph_1333/2-25185_03F18.JPG
morph_1334,morph,morph_1334/1-25197_00F55.JPG,morph_1334/2-25197_01F55.JPG
morph_1335,morph,morph_1335/1-25226_00M26.JPG,morph_1335/2-25226_01M27.JPG
morph_1336,morph,morph_1336/1-25239_01M17.JPG,morph_1336/2-25239_03M18.JPG
morph_1337,morph,morph_1337/1-25270_01M17.JPG,morph_1337/2-25270_04M18.JPG
morph_1338,morph,morph_1338/1-25273_01M16.JPG,morph_1338/2-25273_05M17.JPG
morph_1339,morph,morph_1339/1-25379_00M20.JPG,morph_1339/2-25379_02M21.JPG
morph_134,morph,morph_134/1-2112_05M39.JPG,morph_134/2-2112_0M35.JPG
morph_1340,morph,morph_1340/1-25415_08M48.JPG,morph_1340/2-25415_3M45.JPG
morph_1341,morph,morph_1341/1-25418_01M19.JPG,morph_1341/2-25418_02M19.JPG
morph_1342,morph,morph_1342/1-25419_00F45.JPG,morph_1342/2-25419_02F47.JPG
morph_1343,morph,morph_1343/1-25424_00F34.JPG,morph_1343/2-25424_02F34.JPG
morph_1344,morph,morph_1344/1-25455_06M37.JPG,morph_1344/2-25455_0M34.JPG
morph_1345,morph,morph_1345/1-25462_0F39.JPG,morph_1345/2-25462_1F39.JPG
morph_1346,morph,morph_1346/1-25566_01M36.JPG,morph_1346/2-25566_04M37.JPG
morph_1347,morph,morph_1347/1-25594_01M39.JPG,morph_1347/2-25594_02M40.JPG
morph_1348,morph,morph_1348/1-25600_0M31.JPG,morph_1348/2-25600_2M32.JPG
morph_1349,morph,morph_1349/1-25638_00F28.JPG,morph_1349/2-25638_10F29.JPG
morph_135,morph,morph_135/1-2136_01M17.JPG,morph_135/2-2136_03M17.JPG
morph_1350,morph,morph_1350/1-25643_00M29.JPG,morph_1350/2-25643_03M30.JPG
morph_1351,morph,morph_1351/1-25647_02M16.JPG,morph_1351/2-25647_04M17.JPG
morph_1352,morph,morph_1352/1-25655_07M34.JPG,morph_1352/2-25655_1M32.JPG
morph_1353,morph,morph_1353/1-25665_05M34.JPG,morph_1353/2-25665_1M31.JPG
morph_1354,morph,morph_1354/1-25670_00M66.JPG,morph_1354/2-25670_01M66.JPG
morph_1355,morph,morph_1355/1-25676_01M16.JPG,morph_1355/2-25676_04M16.JPG
morph_1356,morph,morph_1356/1-25689_0M31.JPG,morph_1356/2-25689_3M32.JPG
morph_1357,morph,morph_1357/1-25698_1M37.JPG,morph_1357/2-25698_2M47.JPG
morph_1358,morph,morph_1358/1-25704_10M53.JPG,morph_1358/2-25704_12M53.JPG
morph_1359,morph,morph_1359/1-25745_01M38.JPG,morph_1359/2-25745_02M39.JPG
morph_136,morph,morph_136/1-2171_0M48.JPG,morph_136/2-2171_2M48.JPG
morph_1360,morph,morph_1360/1-25761_01M42.JPG,morph_1360/2-25761_05M43.JPG
morph_1361,morph,morph_1361/1-25808_08F41.JPG,morph_1361/2-25808_4F39.JPG
morph_1362,morph,morph_1362/1-25813_0M31.JPG,morph_1362/2-25813_2M33.JPG
morph_1363,morph,morph_1363/1-25859_06M34.JPG,morph_1363/2-25859_5M33.JPG
morph_1364,morph,morph_1364/1-25886_0M32.JPG,morph_1364/2-25886_5M33.JPG
morph_1365,morph,morph_1365/1-25940_00M31.JPG,morph_1365/2-25940_02M32.JPG
morph_1366,morph,morph_1366/1-25943_03M17.JPG,morph_1366/2-25943_04M17.JPG
morph_1367,morph,morph_1367/1-25991_00M16.JPG,morph_1367/2-25991_04M39.JPG
morph_1368,morph,morph_1368/1-26003_00M33.JPG,morph_1368/2-26003_01M34.JPG
morph_1369,morph,morph_1369/1-26029_00M25.JPG,morph_1369/2-26029_01M26.JPG
morph_137,morph,morph_137/1-2200_01M32.JPG,morph_137/2-2200_02M32.JPG
morph_1370,morph,morph_1370/1-26050_00F23.JPG,morph_1370/2-26050_02F24.JPG
morph_1371,morph,morph_1371/1-26070_01F21.JPG,morph_1371/2-26070_04F22.JPG
morph_1372,morph,morph_1372/1-26115_0M25.JPG,morph_1372/2-26115_2M30.JPG
morph_1373,morph,morph_1373/1-26119_10M38.JPG,morph_1373/2-26119_7M37.JPG
morph_1374,morph,morph_1374/1-26139_1F34.JPG,morph_1374/2-26139_2F36.JPG
morph_1375,morph,morph_1375/1-26166_0M31.JPG,morph_1375/2-26166_5M32.JPG
morph_1376,morph,morph_1376/1-26169_00F32.JPG,morph_1376/2-26169_02F33.JPG
morph_1377,morph,morph_1377/1-26171_00M16.JPG,morph_1377/2-26171_01M16.JPG
morph_1378,morph,morph_1378/1-26173_01M19.JPG,morph_1378/2-26173_02M20.JPG
morph_1379,morph,morph_1379/1-26194_1M31.JPG,morph_1379/2-26194_4M33.JPG
morph_138,morph,morph_138/1-2206_00M30.JPG,morph_138/2-2206_04M31.JPG
morph_1380,morph,morph_1380/1-26207_01M22.JPG,morph_1380/2-26207_04M23.JPG
morph_1381,morph,morph_1381/1-26286_02F43.JPG,morph_1381/2-26286_03F43.JPG
morph_1382,morph,morph_1382/1-26299_03M18.JPG,morph_1382/2-26299_04M18.JPG
morph_1383,morph,morph_1383/1-26303_02M16.JPG,morph_1383/2-26303_06M17.JPG
morph_1384,morph,morph_1384/1-26371_04M36.JPG,morph_1384/2-26371_3M33.JPG
morph_1385,morph,morph_1385/1-26394_00M18.JPG,morph_1385/2-26394_02M19.JPG
morph_1386,morph,morph_1386/1-26399_0M52.JPG,morph_1386/2-26399_2M55.JPG
morph_1387,morph,morph_1387/1-26421_00M19.JPG,morph_1387/2-26421_02M20.JPG
morph_1388,morph,morph_1388/1-26447_00M31.JPG,morph_1388/2-26447_01M32.JPG
morph_1389,morph,morph_1389/1-26454_00F33.JPG,morph_1389/2-26454_01F34.JPG
morph_139,morph,morph_139/1-2218_02M42.JPG,morph_139/2-2218_1M40.JPG
morph_1390,morph,morph_1390/1-26497_05M18.JPG,morph_1390/2-26497_06M18.JPG
morph_1391,morph,morph_1391/1-26519_01M28.JPG,morph_1391/2-26519_04M29.JPG
morph_1392,morph,morph_1392/1-26520_0M30.JPG,morph_1392/2-26520_1M32.JPG
morph_1393,morph,morph_1393/1-26581_0M34.JPG,morph_1393/2-26581_3M37.JPG
morph_1394,morph,morph_1394/1-26596_00M18.JPG,morph_1394/2-26596_03M20.JPG
morph_1395,morph,morph_1395/1-26640_01M17.JPG,morph_1395/2-26640_02M17.JPG
morph_1396,morph,morph_1396/1-26678_02M17.JPG,morph_1396/2-26678_03M17.JPG
morph_1397,morph,morph_1397/1-26707_00M42.JPG,morph_1397/2-26707_01M43.JPG
morph_1398,morph,morph_1398/1-26710_01M19.JPG,morph_1398/2-26710_02M20.JPG
morph_1399,morph,morph_1399/1-26716_00M24.JPG,morph_1399/2-26716_01M25.JPG
morph_14,morph,morph_14/1-278_00M16.JPG,morph_14/2-278_03M16.JPG
morph_140,morph,morph_140/1-2235_00M16.JPG,morph_140/2-2235_06M17.JPG
morph_1400,morph,morph_1400/1-26817_01M30.JPG,morph_1400/2-26817_02M31.JPG
morph_1401,morph,morph_1401/1-26845_00M39.JPG,morph_1401/2-26845_01M39.JPG
morph_1402,morph,morph_1402/1-26919_01F17.JPG,morph_1402/2-26919_02F17.JPG
morph_1403,morph,morph_1403/1-26926_00M46.JPG,morph_1403/2-26926_01M47.JPG
morph_1404,morph,morph_1404/1-26977_3M31.JPG,morph_1404/2-26977_4M32.JPG
morph_1405,morph,morph_1405/1-26981_05M37.JPG,morph_1405/2-26981_1M45.JPG
morph_1406,morph,morph_1406/1-27062_02M16.JPG,morph_1406/2-27062_03M17.JPG
morph_1407,morph,morph_1407/1-27073_01M30.JPG,morph_1407/2-27073_02M30.JPG
morph_1408,morph,morph_1408/1-27074_00M16.JPG,morph_1408/2-27074_01M17.JPG
morph_1409,morph,morph_1409/1-27088_04M20.JPG,morph_1409/2-27088_05M20.JPG
morph_141,morph,morph_141/1-2256_0M43.JPG,morph_141/2-2256_3M44.JPG
morph_1410,morph,morph_1410/1-27206_00M20.JPG,morph_1410/2-27206_01M21.JPG
morph_1411,morph,morph_1411/1-27241_00M38.JPG,morph_1411/2-27241_01M39.JPG
morph_1412,morph,morph_1412/1-27312_06M39.JPG,morph_1412/2-27312_13M40.JPG
morph_1413,morph,morph_1413/1-27341_01M25.JPG,morph_1413/2-27341_02M26.JPG
morph_1414,morph,morph_1414/1-27354_03M16.JPG,morph_1414/2-27354_04M16.JPG
morph_1415,morph,morph_1415/1-27356_01M17.JPG,morph_1415/2-27356_02M17.JPG
morph_1416,morph,morph_1416/1-27357_00F20.JPG,morph_1416/2-27357_01F21.JPG
morph_1417,morph,morph_1417/1-27364_00M25.JPG,morph_1417/2-27364_01M25.JPG
morph_1418,morph,morph_1418/1-27366_00F18.JPG,morph_1418/2-27366_02F19.JPG
morph_1419,morph,morph_1419/1-27367_00M16.JPG,morph_1419/2-27367_01M16.JPG
morph_142,morph,morph_142/1-2288_00M21.JPG,morph_142/2-2288_01M22.JPG
morph_1420,morph,morph_1420/1-27379_02M26.JPG,morph_1420/2-27379_04M27.JPG
morph_1421,morph,morph_1421/1-27384_10M42.JPG,morph_1421/2-27384_4M41.JPG
morph_1422,morph,morph_1422/1-27400_01M27.JPG,morph_1422/2-27400_02M27.JPG
morph_1423,morph,morph_1423/1-27405_00M31.JPG,morph_1423/2-27405_02M31.JPG
morph_1424,morph,morph_1424/1-27416_00M23.JPG,morph_1424/2-27416_03M24.JPG
morph_1425,morph,morph_1425/1-27424_05M21.JPG,morph_1425/2-27424_06M21.JPG
morph_1426,morph,morph_1426/1-27426_02M18.JPG,morph_1426/2-27426_05M19.JPG
morph_1427,morph,morph_1427/1-27449_00M23.JPG,morph_1427/2-27449_03M24.JPG
morph_1428,morph,morph_1428/1-27480_01M19.JPG,morph_1428/2-27480_02M19.JPG
morph_1429,morph,morph_1429/1-27485_00M34.JPG,morph_1429/2-27485_01M36.JPG
morph_143,morph,morph_143/1-2311_10M35.JPG,morph_143/2-2311_9M35.JPG
morph_1430,morph,morph_1430/1-27515_04M45.JPG,morph_1430/2-27515_06M46.JPG
morph_1431,morph,morph_1431/1-27546_01M16.JPG,morph_1431/2-27546_02M16.JPG
morph_1432,morph,morph_1432/1-27564_5M32.JPG,morph_1432/2-27564_6M33.JPG
morph_1433,morph,morph_1433/1-27585_06F31.JPG,morph_1433/2-27585_07F31.JPG
morph_1434,morph,morph_1434/1-27600_00M37.JPG,morph_1434/2-27600_01M39.JPG
morph_1435,morph,morph_1435/1-27606_0M35.JPG,morph_1435/2-27606_2M35.JPG
morph_1436,morph,morph_1436/1-27622_01M16.JPG,morph_1436/2-27622_03M17.JPG
morph_1437,morph,morph_1437/1-27633_01M17.JPG,morph_1437/2-27633_02M17.JPG
morph_1438,morph,morph_1438/1-27645_02M34.JPG,morph_1438/2-27645_0M31.JPG
morph_1439,morph,morph_1439/1-27650_0M40.JPG,morph_1439/2-27650_5M41.JPG
morph_144,morph,morph_144/1-2322_00M34.JPG,morph_144/2-2322_02M35.JPG
morph_1440,morph,morph_1440/1-27665_00F17.JPG,morph_1440/2-27665_01F17.JPG
morph_1441,morph,morph_1441/1-27713_04M38.JPG,morph_1441/2-27713_08M39.JPG
morph_1442,morph,morph_1442/1-27734_03M37.JPG,morph_1442/2-27734_0M35.JPG
morph_1443,morph,morph_1443/1-27753_0M31.JPG,morph_1443/2-27753_1M32.JPG
morph_1444,morph,morph_1444/1-27854_05M19.JPG,morph_1444/2-27854_06M19.JPG
morph_1445,morph,morph_1445/1-27855_00M52.JPG,morph_1445/2-27855_02M52.JPG
morph_1446,morph,morph_1446/1-27869_01M16.JPG,morph_1446/2-27869_02M16.JPG
morph_1447,morph,morph_1447/1-27892_05F37.JPG,morph_1447/2-27892_06F37.JPG
morph_1448,morph,morph_1448/1-27906_0M41.JPG,morph_1448/2-27906_3M43.JPG
morph_1449,morph,morph_1449/1-27919_3M41.JPG,morph_1449/2-27919_4M41.JPG
morph_145,morph,morph_145/1-2336_01M45.JPG,morph_145/2-2336_02M45.JPG
morph_1450,morph,morph_1450/1-27969_05M34.JPG,morph_1450/2-27969_0M32.JPG
morph_1451,morph,morph_1451/1-27977_02M29.JPG,morph_1451/2-27977_03M30.JPG
morph_1452,morph,morph_1452/1-27987_01M40.JPG,morph_1452/2-27987_02M40.JPG
morph_1453,morph,morph_1453/1-28081_01M19.JPG,morph_1453/2-28081_02M19.JPG
morph_1454,morph,morph_1454/1-28091_00M26.JPG,morph_1454/2-28091_01M26.JPG
morph_1455,morph,morph_1455/1-28119_2M34.JPG,morph_1455/2-28119_3M34.JPG
morph_1456,morph,morph_1456/1-28129_00F16.JPG,morph_1456/2-28129_02F20.JPG
morph_1457,morph,morph_1457/1-28135_01M41.JPG,morph_1457/2-28135_02M42.JPG
morph_1458,morph,morph_1458/1-28142_03M39.JPG,morph_1458/2-28142_2M36.JPG
morph_1459,morph,morph_1459/1-28173_02M23.JPG,morph_1459/2-28173_04M24.JPG
morph_146,morph,morph_146/1-2345_02M20.JPG,morph_146/2-2345_03M20.JPG
morph_1460,morph,morph_1460/1-28226_01M35.JPG,morph_1460/2-28226_02M36.JPG
morph_1462,morph,morph_1462/1-28246_2M37.JPG,morph_1462/2-28246_3M38.JPG
morph_1463,morph,morph_1463/1-28274_02M19.JPG,morph_1463/2-28274_03M20.JPG
morph_1464,morph,morph_1464/1-28301_01M42.JPG,morph_1464/2-28301_03M43.JPG
morph_1465,morph,morph_1465/1-28317_04M16.JPG,morph_1465/2-28317_05M16.JPG
morph_1466,morph,morph_1466/1-28319_01M17.JPG,morph_1466/2-28319_03M18.JPG
morph_1467,morph,morph_1467/1-28378_00M30.JPG,morph_1467/2-28378_02M30.JPG
morph_1468,morph,morph_1468/1-28429_1M32.JPG,morph_1468/2-28429_2M32.JPG
morph_1469,morph,morph_1469/1-28435_0M42.JPG,morph_1469/2-28435_1M43.JPG
morph_147,morph,morph_147/1-2354_00M23.JPG,morph_147/2-2354_02M24.JPG
morph_1470,morph,morph_1470/1-28506_0M42.JPG,morph_1470/2-28506_1M42.JPG
morph_1471,morph,morph_1471/1-28526_00M35.JPG,morph_1471/2-28526_02M36.JPG
morph_1472,morph,morph_1472/1-28532_00M20.JPG,morph_1472/2-28532_03M21.JPG
morph_1473,morph,morph_1473/1-28540_10M54.JPG,morph_1473/2-28540_11M54.JPG
morph_1474,morph,morph_1474/1-28542_00M35.JPG,morph_1474/2-28542_02M36.JPG
morph_1475,morph,morph_1475/1-28565_04M16.JPG,morph_1475/2-28565_05M17.JPG
morph_1476,morph,morph_1476/1-28582_00M16.JPG,morph_1476/2-28582_04M18.JPG
morph_1477,morph,morph_1477/1-28585_07M18.JPG,morph_1477/2-28585_09M18.JPG
morph_1478,morph,morph_1478/1-28621_02M16.JPG,morph_1478/2-28621_03M17.JPG
morph_1479,morph,morph_1479/1-28643_00F23.JPG,morph_1479/2-28643_02F24.JPG
morph_148,morph,morph_148/1-2416_00M17.JPG,morph_148/2-2416_01M17.JPG
morph_1480,morph,morph_1480/1-28677_04M19.JPG,morph_1480/2-28677_07M20.JPG
morph_1481,morph,morph_1481/1-28728_02M35.JPG,morph_1481/2-28728_04M36.JPG
morph_1482,morph,morph_1482/1-28751_00M27.JPG,morph_1482/2-28751_01M27.JPG
morph_1483,morph,morph_1483/1-28752_00M18.JPG,morph_1483/2-28752_03M19.JPG
morph_1484,morph,morph_1484/1-28760_0M40.JPG,morph_1484/2-28760_2M40.JPG
morph_1485,morph,morph_1485/1-28786_00M19.JPG,morph_1485/2-28786_06M20.JPG
morph_1486,morph,morph_1486/1-28815_01M19.JPG,morph_1486/2-28815_05M20.JPG
morph_1487,morph,morph_1487/1-28855_01M22.JPG,morph_1487/2-28855_02M22.JPG
morph_1488,morph,morph_1488/1-28860_00F35.JPG,morph_1488/2-28860_01F35.JPG
morph_1489,morph,morph_1489/1-28873_05M33.JPG,morph_1489/2-28873_3M33.JPG
morph_149,morph,morph_149/1-2418_03F24.JPG,morph_149/2-2418_04F24.JPG
morph_1490,morph,morph_1490/1-28886_00M16.JPG,morph_1490/2-28886_01M17.JPG
morph_1491,morph,morph_1491/1-28896_01M16.JPG,morph_1491/2-28896_02M16.JPG
morph_1494,morph,morph_1494/1-28956_01M16.JPG,morph_1494/2-28956_02M16.JPG
morph_1495,morph,morph_1495/1-28960_01M16.JPG,morph_1495/2-28960_02M17.JPG
morph_1496,morph,morph_1496/1-28962_01F18.JPG,morph_1496/2-28962_02F19.JPG
morph_1497,morph,morph_1497/1-28965_00M18.JPG,morph_1497/2-28965_02M19.JPG
morph_1498,morph,morph_1498/1-29016_00M21.JPG,morph_1498/2-29016_03M22.JPG
morph_1499,morph,morph_1499/1-29071_06M40.JPG,morph_1499/2-29071_1M37.JPG
morph_15,morph,morph_15/1-297_00M34.JPG,morph_15/2-297_02M35.JPG
morph_150,morph,morph_150/1-2455_10M32.JPG,morph_150/2-2455_11M32.JPG
morph_1500,morph,morph_1500/1-29103_01M38.JPG,morph_1500/2-29103_02M39.JPG
morph_1501,morph,morph_1501/1-29137_2M35.JPG,morph_1501/2-29137_3M36.JPG
morph_1502,morph,morph_1502/1-29144_01M17.JPG,morph_1502/2-29144_02M18.JPG
morph_1503,morph,morph_1503/1-29223_00M19.JPG,morph_1503/2-29223_02M20.JPG
morph_1504,morph,morph_1504/1-29293_2M32.JPG,morph_1504/2-29293_3M33.JPG
morph_1505,morph,morph_1505/1-29298_01M24.JPG,morph_1505/2-29298_02M24.JPG
morph_1506,morph,morph_1506/1-29302_00M16.JPG,morph_1506/2-29302_02M16.JPG
morph_1507,morph,morph_1507/1-29335_01M48.JPG,morph_1507/2-29335_04M48.JPG
morph_1508,morph,morph_1508/1-29371_00M24.JPG,morph_1508/2-29371_01M24.JPG
morph_1509,morph,morph_1509/1-29375_01M43.JPG,morph_1509/2-29375_02M44.JPG
morph_151,morph,morph_151/1-2477_07M34.JPG,morph_151/2-2477_2M34.JPG
morph_1510,morph,morph_1510/1-29380_02M41.JPG,morph_1510/2-29380_05M42.JPG
morph_1511,morph,morph_1511/1-29391_00M16.JPG,morph_1511/2-29391_02M16.JPG
morph_1512,morph,morph_1512/1-29401_03M35.JPG,morph_1512/2-29401_1M32.JPG
morph_1513,morph,morph_1513/1-29430_02M18.JPG,morph_1513/2-29430_03M19.JPG
morph_1514,morph,morph_1514/1-29474_00F36.JPG,morph_1514/2-29474_01F37.JPG
morph_1515,morph,morph_1515/1-29559_00M16.JPG,morph_1515/2-29559_01M17.JPG
morph_1516,morph,morph_1516/1-29577_00M16.JPG,morph_1516/2-29577_01M16.JPG
morph_1517,morph,morph_1517/1-29580_5M31.JPG,morph_1517/2-29580_6M31.JPG
morph_1518,morph,morph_1518/1-29654_00M18.JPG,morph_1518/2-29654_02M20.JPG
morph_1519,morph,morph_1519/1-29787_04M29.JPG,morph_1519/2-29787_05M29.JPG
morph_152,morph,morph_152/1-2498_01F42.JPG,morph_152/2-2498_02F42.JPG
morph_1520,morph,morph_1520/1-29802_04M19.JPG,morph_1520/2-29802_05M19.JPG
morph_1521,morph,morph_1521/1-29836_00M16.JPG,morph_1521/2-29836_03M18.JPG
morph_1522,morph,morph_1522/1-29887_0M46.JPG,morph_1522/2-29887_4M48.JPG
morph_1523,morph,morph_1523/1-29891_00M17.JPG,morph_1523/2-29891_02M19.JPG
morph_1524,morph,morph_1524/1-29894_01M20.JPG,morph_1524/2-29894_02M21.JPG
morph_1525,morph,morph_1525/1-29897_04F18.JPG,morph_1525/2-29897_05F18.JPG
morph_1526,morph,morph_1526/1-29972_02F56.JPG,morph_1526/2-29972_03F56.JPG
morph_1527,morph,morph_1527/1-29997_01M22.JPG,morph_1527/2-29997_02M22.JPG
morph_1528,morph,morph_1528/1-30030_01M23.JPG,morph_1528/2-30030_05M25.JPG
morph_1529,morph,morph_1529/1-30092_03M35.JPG,morph_1529/2-30092_0M32.JPG
morph_153,morph,morph_153/1-2527_05F38.JPG,morph_153/2-2527_0F35.JPG
morph_1530,morph,morph_1530/1-30121_03F35.JPG,morph_1530/2-30121_1F34.JPG
morph_1531,morph,morph_1531/1-30144_06M34.JPG,morph_1531/2-30144_07M34.JPG
morph_1532,morph,morph_1532/1-30206_03M26.JPG,morph_1532/2-30206_05M26.JPG
morph_1533,morph,morph_1533/1-30244_02M54.JPG,morph_1533/2-30244_05M56.JPG
morph_1534,morph,morph_1534/1-30525_01M27.JPG,morph_1534/2-30525_02M27.JPG
morph_1535,morph,morph_1535/1-30536_00M34.JPG,morph_1535/2-30536_01M35.JPG
morph_1536,morph,morph_1536/1-30630_12M45.JPG,morph_1536/2-30630_13M45.JPG
morph_1537,morph,morph_1537/1-30643_2M33.JPG,morph_1537/2-30643_3M33.JPG
morph_1538,morph,morph_1538/1-30662_00M24.JPG,morph_1538/2-30662_02M24.JPG
morph_1539,morph,morph_1539/1-30711_01M23.JPG,morph_1539/2-30711_03M23.JPG
morph_154,morph,morph_154/1-2531_0M35.JPG,morph_154/2-2531_2M37.JPG
morph_1540,morph,morph_1540/1-30716_0F42.JPG,morph_1540/2-30716_1F42.JPG
morph_1541,morph,morph_1541/1-30897_0M34.JPG,morph_1541/2-30897_5M37.JPG
morph_1542,morph,morph_1542/1-30909_05F37.JPG,morph_1542/2-30909_07F38.JPG
morph_1543,morph,morph_1543/1-30998_04M35.JPG,morph_1543/2-30998_05M36.JPG
morph_1544,morph,morph_1544/1-31032_7M37.JPG,morph_1544/2-31032_8M38.JPG
morph_1545,morph,morph_1545/1-31050_00M22.JPG,morph_1545/2-31050_03M23.JPG
morph_1546,morph,morph_1546/1-31088_07M35.JPG,morph_1546/2-31088_2M32.JPG
morph_1547,morph,morph_1547/1-31116_04M28.JPG,morph_1547/2-31116_05M29.JPG
morph_1548,morph,morph_1548/1-31232_12M36.JPG,morph_1548/2-31232_5M33.JPG
morph_1549,morph,morph_1549/1-31274_21M36.JPG,morph_1549/2-31274_22M36.JPG
morph_155,morph,morph_155/1-2583_02M36.JPG,morph_155/2-2583_03M37.JPG
morph_1550,morph,morph_1550/1-31324_01M28.JPG,morph_1550/2-31324_06M30.JPG
morph_1551,morph,morph_1551/1-31350_02M34.JPG,morph_1551/2-31350_03M34.JPG
morph_1552,morph,morph_1552/1-31553_08M40.JPG,morph_1552/2-31553_1M37.JPG
morph_1553,morph,morph_1553/1-31568_09M49.JPG,morph_1553/2-31568_2M44.JPG
morph_1554,morph,morph_1554/1-31690_0M38.JPG,morph_1554/2-31690_1M38.JPG
morph_1555,morph,morph_1555/1-31716_01M24.JPG,morph_1555/2-31716_03M25.JPG
morph_1556,morph,morph_1556/1-31937_00M24.JPG,morph_1556/2-31937_01M24.JPG
morph_1557,morph,morph_1557/1-31965_06M40.JPG,morph_1557/2-31965_3M37.JPG
morph_1558,morph,morph_1558/1-32002_04M44.JPG,morph_1558/2-32002_1M43.JPG
morph_1559,morph,morph_1559/1-32018_02F35.JPG,morph_1559/2-32018_0F32.JPG
morph_156,morph,morph_156/1-2589_00M20.JPG,morph_156/2-2589_02M20.JPG
morph_1560,morph,morph_1560/1-32129_07F36.JPG,morph_1560/2-32129_0F32.JPG
morph_1561,morph,morph_1561/1-32163_04M23.JPG,morph_1561/2-32163_08M23.JPG
morph_1562,morph,morph_1562/1-32306_05M40.JPG,morph_1562/2-32306_0M37.JPG
morph_1563,morph,morph_1563/1-32498_00M44.JPG,morph_1563/2-32498_01M44.JPG
morph_1564,morph,morph_1564/1-32547_1M38.JPG,morph_1564/2-32547_2M39.JPG
morph_1565,morph,morph_1565/1-32615_03M27.JPG,morph_1565/2-32615_04M27.JPG
morph_1566,morph,morph_1566/1-32618_1M42.JPG,morph_1566/2-32618_2M42.JPG
morph_1567,morph,morph_1567/1-32640_01M25.JPG,morph_1567/2-32640_02M26.JPG
morph_1568,morph,morph_1568/1-32647_00M38.JPG,morph_1568/2-32647_01M38.JPG
morph_1569,morph,morph_1569/1-32673_3M34.JPG,morph_1569/2-32673_5M34.JPG
morph_157,morph,morph_157/1-2595_00M42.JPG,morph_157/2-2595_05M42.JPG
morph_1570,morph,morph_1570/1-32745_0M31.JPG,morph_1570/2-32745_4M31.JPG
morph_1571,morph,morph_1571/1-32758_00M40.JPG,morph_1571/2-32758_01M41.JPG
morph_1572,morph,morph_1572/1-32822_03M35.JPG,morph_1572/2-32822_05M35.JPG
morph_1573,morph,morph_1573/1-32842_01M24.JPG,morph_1573/2-32842_04M24.JPG
morph_1574,morph,morph_1574/1-32859_5M37.JPG,morph_1574/2-32859_8M39.JPG
morph_1575,morph,morph_1575/1-32890_00M27.JPG,morph_1575/2-32890_01M27.JPG
morph_1576,morph,morph_1576/1-32940_06M33.JPG,morph_1576/2-32940_1M32.JPG
morph_1577,morph,morph_1577/1-32942_05M38.JPG,morph_1577/2-32942_06M38.JPG
morph_1578,morph,morph_1578/1-32961_03M34.JPG,morph_1578/2-32961_2M33.JPG
morph_1579,morph,morph_1579/1-33002_08F24.JPG,morph_1579/2-33002_09F24.JPG
morph_158,morph,morph_158/1-2633_00M35.JPG,morph_158/2-2633_01M35.JPG
morph_1580,morph,morph_1580/1-33131_13F42.JPG,morph_1580/2-33131_14F43.JPG
morph_1581,morph,morph_1581/1-33201_03M33.JPG,morph_1581/2-33201_1M32.JPG
morph_1582,morph,morph_1582/1-33294_2M36.JPG,morph_1582/2-33294_3M39.JPG
morph_1583,morph,morph_1583/1-33295_03F44.JPG,morph_1583/2-33295_1F40.JPG
morph_1584,morph,morph_1584/1-33390_01M37.JPG,morph_1584/2-33390_02M38.JPG
morph_1585,morph,morph_1585/1-33417_02M37.JPG,morph_1585/2-33417_0M35.JPG
morph_1586,morph,morph_1586/1-33491_00M24.JPG,morph_1586/2-33491_01M24.JPG
morph_1587,morph,morph_1587/1-33501_01F28.JPG,morph_1587/2-33501_06F30.JPG
morph_1588,morph,morph_1588/1-33506_00M25.JPG,morph_1588/2-33506_01M25.JPG
morph_1589,morph,morph_1589/1-33594_2M39.JPG,morph_1589/2-33594_3M39.JPG
morph_159,morph,morph_159/1-2661_00M21.JPG,morph_159/2-2661_01M22.JPG
morph_1590,morph,morph_1590/1-33699_02M24.JPG,morph_1590/2-33699_03M24.JPG
morph_1591,morph,morph_1591/1-33768_02M24.JPG,morph_1591/2-33768_10M26.JPG
morph_1592,morph,morph_1592/1-33830_02M24.JPG,morph_1592/2-33830_06M25.JPG
morph_1593,morph,morph_1593/1-33847_01M34.JPG,morph_1593/2-33847_03M34.JPG
morph_1594,morph,morph_1594/1-33865_05M36.JPG,morph_1594/2-33865_1M31.JPG
morph_1595,morph,morph_1595/1-33919_00M29.JPG,morph_1595/2-33919_01M30.JPG
morph_1596,morph,morph_1596/1-33960_01F38.JPG,morph_1596/2-33960_02F38.JPG
morph_1597,morph,morph_1597/1-34083_05M41.JPG,morph_1597/2-34083_4M40.JPG
morph_1598,morph,morph_1598/1-34085_0M37.JPG,morph_1598/2-34085_1M38.JPG
morph_1599,morph,morph_1599/1-34107_0M33.JPG,morph_1599/2-34107_3M34.JPG
morph_16,morph,morph_16/1-301_00F42.JPG,morph_16/2-301_01F43.JPG
morph_160,morph,morph_160/1-2667_03M21.JPG,morph_160/2-2667_07M25.JPG
morph_1600,morph,morph_1600/1-34207_01M36.JPG,morph_1600/2-34207_02M38.JPG
morph_1601,morph,morph_1601/1-34210_21M40.JPG,morph_1601/2-34210_24M40.JPG
morph_1602,morph,morph_1602/1-34322_00M33.JPG,morph_1602/2-34322_08M35.JPG
morph_1603,morph,morph_1603/1-34415_00M23.JPG,morph_1603/2-34415_02M24.JPG
morph_1604,morph,morph_1604/1-34451_05M28.JPG,morph_1604/2-34451_06M28.JPG
morph_1605,morph,morph_1605/1-34466_02M25.JPG,morph_1605/2-34466_06M26.JPG
morph_1606,morph,morph_1606/1-34577_03F34.JPG,morph_1606/2-34577_2F33.JPG
morph_1607,morph,morph_1607/1-34585_04F34.JPG,morph_1607/2-34585_0F33.JPG
morph_1608,morph,morph_1608/1-34658_08M24.JPG,morph_1608/2-34658_11M25.JPG
morph_1609,morph,morph_1609/1-34678_01M22.JPG,morph_1609/2-34678_03M24.JPG
morph_161,morph,morph_161/1-2689_02M17.JPG,morph_161/2-2689_03M17.JPG
morph_1610,morph,morph_1610/1-34744_08M36.JPG,morph_1610/2-34744_7M34.JPG
morph_1611,morph,morph_1611/1-34766_2F39.JPG,morph_1611/2-34766_6F40.JPG
morph_1612,morph,morph_1612/1-34797_11F33.JPG,morph_1612/2-34797_15F34.JPG
morph_1613,morph,morph_1613/1-34866_00M23.JPG,morph_1613/2-34866_01M24.JPG
morph_1614,morph,morph_1614/1-34913_00M23.JPG,morph_1614/2-34913_01M24.JPG
morph_1615,morph,morph_1615/1-34925_00M28.JPG,morph_1615/2-34925_02M29.JPG
morph_1616,morph,morph_1616/1-34967_0M44.JPG,morph_1616/2-34967_1M44.JPG
morph_1617,morph,morph_1617/1-35001_00M25.JPG,morph_1617/2-35001_02M26.JPG
morph_1618,morph,morph_1618/1-35027_00M24.JPG,morph_1618/2-35027_01M25.JPG
morph_1619,morph,morph_1619/1-35090_06M52.JPG,morph_1619/2-35090_2M50.JPG
morph_162,morph,morph_162/1-2700_00M16.JPG,morph_162/2-2700_01M17.JPG
morph_1621,morph,morph_1621/1-35332_02M24.JPG,morph_1621/2-35332_04M25.JPG
morph_1622,morph,morph_1622/1-35391_01M22.JPG,morph_1622/2-35391_03M23.JPG
morph_1623,morph,morph_1623/1-35500_08M37.JPG,morph_1623/2-35500_10M37.JPG
morph_1624,morph,morph_1624/1-35671_01M24.JPG,morph_1624/2-35671_04M26.JPG
morph_1625,morph,morph_1625/1-35719_03M24.JPG,morph_1625/2-35719_08M25.JPG
morph_1626,morph,morph_1626/1-35779_3M33.JPG,morph_1626/2-35779_8M34.JPG
morph_1627,morph,morph_1627/1-35787_06M23.JPG,morph_1627/2-35787_08M24.JPG
morph_1628,morph,morph_1628/1-35788_0M35.JPG,morph_1628/2-35788_9M35.JPG
morph_1629,morph,morph_1629/1-35829_02M24.JPG,morph_1629/2-35829_03M24.JPG
morph_163,morph,morph_163/1-2712_0M36.JPG,morph_163/2-2712_2M36.JPG
morph_1630,morph,morph_1630/1-35999_07M33.JPG,morph_1630/2-35999_08M33.JPG
morph_1631,morph,morph_1631/1-36041_00M23.JPG,morph_1631/2-36041_01M23.JPG
morph_1632,morph,morph_1632/1-36069_1M38.JPG,morph_1632/2-36069_2M38.JPG
morph_1633,morph,morph_1633/1-36137_02M42.JPG,morph_1633/2-36137_0M41.JPG
morph_1634,morph,morph_1634/1-36193_06M41.JPG,morph_1634/2-36193_1M39.JPG
morph_1635,morph,morph_1635/1-36199_0M33.JPG,morph_1635/2-36199_1M34.JPG
morph_1636,morph,morph_1636/1-36339_0M44.JPG,morph_1636/2-36339_1M46.JPG
morph_1637,morph,morph_1637/1-36347_01M22.JPG,morph_1637/2-36347_03M23.JPG
morph_1638,morph,morph_1638/1-36755_2M31.JPG,morph_1638/2-36755_4M32.JPG
morph_1639,morph,morph_1639/1-36785_04M33.JPG,morph_1639/2-36785_1M29.JPG
morph_164,morph,morph_164/1-2883_0M37.JPG,morph_164/2-2883_1M37.JPG
morph_1640,morph,morph_1640/1-36861_01M42.JPG,morph_1640/2-36861_02M43.JPG
morph_1641,morph,morph_1641/1-36911_06M34.JPG,morph_1641/2-36911_1M33.JPG
morph_1642,morph,morph_1642/1-36935_06M33.JPG,morph_1642/2-36935_2M29.JPG
morph_1643,morph,morph_1643/1-36993_02M45.JPG,morph_1643/2-36993_04M46.JPG
morph_1644,morph,morph_1644/1-37120_08M36.JPG,morph_1644/2-37120_1M33.JPG
morph_1645,morph,morph_1645/1-37127_00M25.JPG,morph_1645/2-37127_01M26.JPG
morph_1646,morph,morph_1646/1-37131_05M36.JPG,morph_1646/2-37131_1M33.JPG
morph_1647,morph,morph_1647/1-37225_01M30.JPG,morph_1647/2-37225_06M32.JPG
morph_1648,morph,morph_1648/1-37242_02M23.JPG,morph_1648/2-37242_06M24.JPG
morph_1649,morph,morph_1649/1-37292_0M31.JPG,morph_1649/2-37292_4M33.JPG
morph_165,morph,morph_165/1-2884_00M23.JPG,morph_165/2-2884_01M25.JPG
morph_1650,morph,morph_1650/1-37318_0M64.JPG,morph_1650/2-37318_1M64.JPG
morph_1651,morph,morph_1651/1-37347_09F46.JPG,morph_1651/2-37347_13F47.JPG
morph_1652,morph,morph_1652/1-37377_06M33.JPG,morph_1652/2-37377_07M33.JPG
morph_1653,morph,morph_1653/1-37379_00M26.JPG,morph_1653/2-37379_02M27.JPG
morph_1654,morph,morph_1654/1-37582_02M34.JPG,morph_1654/2-37582_0M32.JPG
morph_1655,morph,morph_1655/1-37596_0M39.JPG,morph_1655/2-37596_2M40.JPG
morph_1656,morph,morph_1656/1-37735_05F43.JPG,morph_1656/2-37735_2F42.JPG
morph_1657,morph,morph_1657/1-37747_04M45.JPG,morph_1657/2-37747_05M46.JPG
morph_1658,morph,morph_1658/1-37790_02M34.JPG,morph_1658/2-37790_04M35.JPG
morph_1659,morph,morph_1659/1-37800_03M23.JPG,morph_1659/2-37800_04M24.JPG
morph_166,morph,morph_166/1-2898_01M16.JPG,morph_166/2-2898_04M16.JPG
morph_1661,morph,morph_1661/1-38040_01M24.JPG,morph_1661/2-38040_02M24.JPG
morph_1662,morph,morph_1662/1-38048_01M37.JPG,morph_1662/2-38048_02M37.JPG
morph_1663,morph,morph_1663/1-38058_01M23.JPG,morph_1663/2-38058_05M24.JPG
morph_1664,morph,morph_1664/1-38089_10M35.JPG,morph_1664/2-38089_3M31.JPG
morph_1665,morph,morph_1665/1-38116_01M23.JPG,morph_1665/2-38116_04M23.JPG
morph_1666,morph,morph_1666/1-38148_02F22.JPG,morph_1666/2-38148_03F26.JPG
morph_1667,morph,morph_1667/1-38159_00M23.JPG,morph_1667/2-38159_02M25.JPG
morph_1668,morph,morph_1668/1-38206_04M25.JPG,morph_1668/2-38206_05M25.JPG
morph_1669,morph,morph_1669/1-38215_4M32.JPG,morph_1669/2-38215_6M32.JPG
morph_167,morph,morph_167/1-2971_03M36.JPG,morph_167/2-2971_04M37.JPG
morph_1670,morph,morph_1670/1-38236_01M25.JPG,morph_1670/2-38236_04M25.JPG
morph_1671,morph,morph_1671/1-38387_1M50.JPG,morph_1671/2-38387_2M50.JPG
morph_1672,morph,morph_1672/1-38397_0M32.JPG,morph_1672/2-38397_2M33.JPG
morph_1673,morph,morph_1673/1-38552_0M29.JPG,morph_1673/2-38552_1M30.JPG
morph_1674,morph,morph_1674/1-38565_16M46.JPG,morph_1674/2-38565_1M32.JPG
morph_1675,morph,morph_1675/1-38609_2M30.JPG,morph_1675/2-38609_7M32.JPG
morph_1676,morph,morph_1676/1-38692_0M48.JPG,morph_1676/2-38692_3M48.JPG
morph_1677,morph,morph_1677/1-38702_0M29.JPG,morph_1677/2-38702_2M30.JPG
morph_1678,morph,morph_1678/1-38706_02M32.JPG,morph_1678/2-38706_0M29.JPG
morph_1679,morph,morph_1679/1-38789_08M33.JPG,morph_1679/2-38789_1M31.JPG
morph_168,morph,morph_168/1-2994_00M40.JPG,morph_168/2-2994_01M41.JPG
morph_1680,morph,morph_1680/1-38820_04M27.JPG,morph_1680/2-38820_05M28.JPG
morph_1681,morph,morph_1681/1-38864_00M24.JPG,morph_1681/2-38864_02M25.JPG
morph_1682,morph,morph_1682/1-38983_00M32.JPG,morph_1682/2-38983_03M34.JPG
morph_1683,morph,morph_1683/1-39004_02M33.JPG,morph_1683/2-39004_03M34.JPG
morph_1684,morph,morph_1684/1-39029_02M23.JPG,morph_1684/2-39029_03M23.JPG
morph_1685,morph,morph_1685/1-39113_02M24.JPG,morph_1685/2-39113_06M25.JPG
morph_1686,morph,morph_1686/1-39147_00M34.JPG,morph_1686/2-39147_03M35.JPG
morph_1687,morph,morph_1687/1-39219_04F46.JPG,morph_1687/2-39219_05F47.JPG
morph_1688,morph,morph_1688/1-39265_01M24.JPG,morph_1688/2-39265_02M24.JPG
morph_1689,morph,morph_1689/1-39289_00M41.JPG,morph_1689/2-39289_02M41.JPG
morph_169,morph,morph_169/1-3022_01M23.JPG,morph_169/2-3022_05M25.JPG
morph_1690,morph,morph_1690/1-39367_01M29.JPG,morph_1690/2-39367_03M30.JPG
morph_1691,morph,morph_1691/1-39465_00M24.JPG,morph_1691/2-39465_02M26.JPG
morph_1692,morph,morph_1692/1-39644_02M37.JPG,morph_1692/2-39644_03M38.JPG
morph_1693,morph,morph_1693/1-39717_00M33.JPG,morph_1693/2-39717_01M33.JPG
morph_1694,morph,morph_1694/1-39733_08M24.JPG,morph_1694/2-39733_12M24.JPG
morph_1695,morph,morph_1695/1-39785_02M25.JPG,morph_1695/2-39785_04M26.JPG
morph_1696,morph,morph_1696/1-40009_02M24.JPG,morph_1696/2-40009_04M24.JPG
morph_1697,morph,morph_1697/1-40018_01F16.JPG,morph_1697/2-40018_02F17.JPG
morph_1698,morph,morph_1698/1-40024_01F57.JPG,morph_1698/2-40024_03F57.JPG
morph_1699,morph,morph_1699/1-40082_00M33.JPG,morph_1699/2-40082_02M34.JPG
morph_17,morph,morph_17/1-378_00M25.JPG,morph_17/2-378_05M27.JPG
morph_170,morph,morph_170/1-3122_01M24.JPG,morph_170/2-3122_05M26.JPG
morph_1700,morph,morph_1700/1-40096_00F38.JPG,morph_1700/2-40096_01F38.JPG
morph_1701,morph,morph_1701/1-40146_01M48.JPG,morph_1701/2-40146_02M48.JPG
morph_1702,morph,morph_1702/1-40165_05M24.JPG,morph_1702/2-40165_11M24.JPG
morph_1703,morph,morph_1703/1-40166_05M23.JPG,morph_1703/2-40166_08M24.JPG
morph_1704,morph,morph_1704/1-40180_00F34.JPG,morph_1704/2-40180_01F34.JPG
morph_1705,morph,morph_1705/1-40223_00M33.JPG,morph_1705/2-40223_01M34.JPG
morph_1706,morph,morph_1706/1-40226_00M25.JPG,morph_1706/2-40226_01M25.JPG
morph_1707,morph,morph_1707/1-40267_00M16.JPG,morph_1707/2-40267_02M16.JPG
morph_1708,morph,morph_1708/1-40357_01M16.JPG,morph_1708/2-40357_02M17.JPG
morph_1709,morph,morph_1709/1-40368_00M16.JPG,morph_1709/2-40368_01M16.JPG
morph_171,morph,morph_171/1-3270_01M24.JPG,morph_171/2-3270_03M25.JPG
morph_1710,morph,morph_1710/1-40370_00M31.JPG,morph_1710/2-40370_01M32.JPG
morph_1711,morph,morph_1711/1-40394_00M44.JPG,morph_1711/2-40394_01M46.JPG
morph_1712,morph,morph_1712/1-40422_01M34.JPG,morph_1712/2-40422_03M35.JPG
morph_1713,morph,morph_1713/1-40474_00M23.JPG,morph_1713/2-40474_03M25.JPG
morph_1714,morph,morph_1714/1-40576_03M32.JPG,morph_1714/2-40576_04M32.JPG
morph_1715,morph,morph_1715/1-40589_00M50.JPG,morph_1715/2-40589_03M50.JPG
morph_1716,morph,morph_1716/1-40641_00M25.JPG,morph_1716/2-40641_02M26.JPG
morph_1717,morph,morph_1717/1-40715_01M37.JPG,morph_1717/2-40715_04M38.JPG
morph_1718,morph,morph_1718/1-40745_00M23.JPG,morph_1718/2-40745_02M24.JPG
morph_1719,morph,morph_1719/1-40757_02M44.JPG,morph_1719/2-40757_04M44.JPG
morph_172,morph,morph_172/1-3274_05M40.JPG,morph_172/2-3274_07M40.JPG
morph_1720,morph,morph_1720/1-40801_03F24.JPG,morph_1720/2-40801_06F24.JPG
morph_1721,morph,morph_1721/1-40833_00M21.JPG,morph_1721/2-40833_01M22.JPG
morph_1722,morph,morph_1722/1-40837_00F33.JPG,morph_1722/2-40837_02F34.JPG
morph_1723,morph,morph_1723/1-40850_02M16.JPG,morph_1723/2-40850_03M16.JPG
morph_1724,morph,morph_1724/1-40865_00M38.JPG,morph_1724/2-40865_06M40.JPG
morph_1725,morph,morph_1725/1-40897_00M23.JPG,morph_1725/2-40897_05M25.JPG
morph_1726,morph,morph_1726/1-40929_01M26.JPG,morph_1726/2-40929_02M27.JPG
morph_1727,morph,morph_1727/1-41030_00M19.JPG,morph_1727/2-41030_01M20.JPG
morph_1728,morph,morph_1728/1-41047_00M22.JPG,morph_1728/2-41047_01M22.JPG
morph_1729,morph,morph_1729/1-41101_00M17.JPG,morph_1729/2-41101_02M18.JPG
morph_173,morph,morph_173/1-3301_00F25.JPG,morph_173/2-3301_01F26.JPG
morph_1730,morph,morph_1730/1-41139_00M36.JPG,morph_1730/2-41139_03M36.JPG
morph_1731,morph,morph_1731/1-41159_00M32.JPG,morph_1731/2-41159_01M32.JPG
morph_1732,morph,morph_1732/1-41171_00M29.JPG,morph_1732/2-41171_02M30.JPG
morph_1733,morph,morph_1733/1-41174_00M24.JPG,morph_1733/2-41174_01M24.JPG
morph_1734,morph,morph_1734/1-41178_00M24.JPG,morph_1734/2-41178_03M25.JPG
morph_1735,morph,morph_1735/1-41186_01M18.JPG,morph_1735/2-41186_02M18.JPG
morph_1736,morph,morph_1736/1-41265_00M16.JPG,morph_1736/2-41265_03M16.JPG
morph_1737,morph,morph_1737/1-41310_00M24.JPG,morph_1737/2-41310_02M24.JPG
morph_1738,morph,morph_1738/1-41319_00M21.JPG,morph_1738/2-41319_04M22.JPG
morph_1739,morph,morph_1739/1-41342_00M42.JPG,morph_1739/2-41342_02M43.JPG
morph_174,morph,morph_174/1-3358_01M25.JPG,morph_174/2-3358_03M25.JPG
morph_1740,morph,morph_1740/1-41353_00M23.JPG,morph_1740/2-41353_05M24.JPG
morph_1741,morph,morph_1741/1-41373_01M23.JPG,morph_1741/2-41373_02M16.JPG
morph_1742,morph,morph_1742/1-41376_02M35.JPG,morph_1742/2-41376_03M25.JPG
morph_1743,morph,morph_1743/1-41390_01M26.JPG,morph_1743/2-41390_02M27.JPG
morph_1744,morph,morph_1744/1-41424_01M16.JPG,morph_1744/2-41424_02M16.JPG
morph_1745,morph,morph_1745/1-41489_00M23.JPG,morph_1745/2-41489_04M24.JPG
morph_1746,morph,morph_1746/1-41515_01M33.JPG,morph_1746/2-41515_02M33.JPG
morph_1747,morph,morph_1747/1-41594_03M23.JPG,morph_1747/2-41594_07M24.JPG
morph_1748,morph,morph_1748/1-41774_00M16.JPG,morph_1748/2-41774_01M16.JPG
morph_1749,morph,morph_1749/1-41780_01F28.JPG,morph_1749/2-41780_02F28.JPG
morph_175,morph,morph_175/1-3393_01M29.JPG,morph_175/2-3393_02M29.JPG
morph_1751,morph,morph_1751/1-41940_00M22.JPG,morph_1751/2-41940_02M24.JPG
morph_1752,morph,morph_1752/1-41970_02M33.JPG,morph_1752/2-41970_03M33.JPG
morph_1753,morph,morph_1753/1-42012_02M33.JPG,morph_1753/2-42012_03M33.JPG
morph_1754,morph,morph_1754/1-42149_00M23.JPG,morph_1754/2-42149_01M24.JPG
morph_1755,morph,morph_1755/1-42170_01M22.JPG,morph_1755/2-42170_04M23.JPG
morph_1756,morph,morph_1756/1-42200_00M43.JPG,morph_1756/2-42200_01M43.JPG
morph_1757,morph,morph_1757/1-42241_00M33.JPG,morph_1757/2-42241_02M33.JPG
morph_1758,morph,morph_1758/1-42266_03F24.JPG,morph_1758/2-42266_04F24.JPG
morph_1759,morph,morph_1759/1-42296_00M24.JPG,morph_1759/2-42296_02M24.JPG
morph_176,morph,morph_176/1-3513_1M42.JPG,morph_176/2-3513_2M42.JPG
morph_1760,morph,morph_1760/1-42304_00M18.JPG,morph_1760/2-42304_01M18.JPG
morph_1761,morph,morph_1761/1-42326_02M16.JPG,morph_1761/2-42326_03M16.JPG
morph_1762,morph,morph_1762/1-42352_04M24.JPG,morph_1762/2-42352_05M24.JPG
morph_1763,morph,morph_1763/1-42388_00M33.JPG,morph_1763/2-42388_01M33.JPG
morph_1764,morph,morph_1764/1-42394_01M27.JPG,morph_1764/2-42394_02M27.JPG
morph_1765,morph,morph_1765/1-42397_01M36.JPG,morph_1765/2-42397_02M36.JPG
morph_1766,morph,morph_1766/1-42486_01M17.JPG,morph_1766/2-42486_02M17.JPG
morph_1767,morph,morph_1767/1-42622_01M18.JPG,morph_1767/2-42622_02M19.JPG
morph_1768,morph,morph_1768/1-42655_00M24.JPG,morph_1768/2-42655_01M24.JPG
morph_1769,morph,morph_1769/1-42687_00M17.JPG,morph_1769/2-42687_01M18.JPG
morph_177,morph,morph_177/1-3539_04M25.JPG,morph_177/2-3539_05M25.JPG
morph_1770,morph,morph_1770/1-42716_00M36.JPG,morph_1770/2-42716_02M37.JPG
morph_1771,morph,morph_1771/1-42739_02M37.JPG,morph_1771/2-42739_03M37.JPG
morph_1772,morph,morph_1772/1-42846_01M23.JPG,morph_1772/2-42846_04M24.JPG
morph_1773,morph,morph_1773/1-42910_00F24.JPG,morph_1773/2-42910_01F24.JPG
morph_1774,morph,morph_1774/1-42975_00M52.JPG,morph_1774/2-42975_04M53.JPG
morph_1775,morph,morph_1775/1-43250_00F35.JPG,morph_1775/2-43250_06F36.JPG
morph_1776,morph,morph_1776/1-43332_03M24.JPG,morph_1776/2-43332_04M24.JPG
morph_1777,morph,morph_1777/1-43388_03M23.JPG,morph_1777/2-43388_06M24.JPG
morph_1778,morph,morph_1778/1-43455_02M24.JPG,morph_1778/2-43455_03M25.JPG
morph_1779,morph,morph_1779/1-43465_00M38.JPG,morph_1779/2-43465_01M39.JPG
morph_178,morph,morph_178/1-3587_0M36.JPG,morph_178/2-3587_1M37.JPG
morph_1780,morph,morph_1780/1-43541_04M34.JPG,morph_1780/2-43541_05M34.JPG
morph_1781,morph,morph_1781/1-43613_08M39.JPG,morph_1781/2-43613_09M39.JPG
morph_1782,morph,morph_1782/1-43630_02M25.JPG,morph_1782/2-43630_03M21.JPG
morph_1783,morph,morph_1783/1-43659_01F41.JPG,morph_1783/2-43659_02F41.JPG
morph_1784,morph,morph_1784/1-43795_00M38.JPG,morph_1784/2-43795_05M39.JPG
morph_1785,morph,morph_1785/1-43875_01M20.JPG,morph_1785/2-43875_03M24.JPG
morph_1786,morph,morph_1786/1-43933_02M23.JPG,morph_1786/2-43933_03M23.JPG
morph_1787,morph,morph_1787/1-44047_00M40.JPG,morph_1787/2-44047_04M41.JPG
morph_1788,morph,morph_1788/1-44097_02M53.JPG,morph_1788/2-44097_05M54.JPG
morph_1789,morph,morph_1789/1-44187_01M39.JPG,morph_1789/2-44187_02M40.JPG
morph_179,morph,morph_179/1-3621_0F36.JPG,morph_179/2-3621_3F37.JPG
morph_1790,morph,morph_1790/1-44271_00M26.JPG,morph_1790/2-44271_01M29.JPG
morph_1791,morph,morph_1791/1-44318_01F26.JPG,morph_1791/2-44318_06F27.JPG
morph_1792,morph,morph_1792/1-44321_01M24.JPG,morph_1792/2-44321_02M25.JPG
morph_1793,morph,morph_1793/1-44344_00M23.JPG,morph_1793/2-44344_01M21.JPG
morph_1794,morph,morph_1794/1-44463_02M23.JPG,morph_1794/2-44463_03M23.JPG
morph_1795,morph,morph_1795/1-44469_02F25.JPG,morph_1795/2-44469_05F25.JPG
morph_1796,morph,morph_1796/1-44548_02M26.JPG,morph_1796/2-44548_04M26.JPG
morph_1797,morph,morph_1797/1-44637_03M42.JPG,morph_1797/2-44637_06M42.JPG
morph_1798,morph,morph_1798/1-44666_00M25.JPG,morph_1798/2-44666_02M25.JPG
morph_1799,morph,morph_1799/1-44760_02F41.JPG,morph_1799/2-44760_04F42.JPG
morph_18,morph,morph_18/1-465_00M24.JPG,morph_18/2-465_01M26.JPG
morph_180,morph,morph_180/1-3624_06M45.JPG,morph_180/2-3624_4M42.JPG
morph_1800,morph,morph_1800/1-44868_02M51.JPG,morph_1800/2-44868_05M52.JPG
morph_1801,morph,morph_1801/1-44900_02M23.JPG,morph_1801/2-44900_03M24.JPG
morph_1802,morph,morph_1802/1-44969_00M43.JPG,morph_1802/2-44969_02M44.JPG
morph_1803,morph,morph_1803/1-44973_03M43.JPG,morph_1803/2-44973_05M43.JPG
morph_1804,morph,morph_1804/1-45100_03M23.JPG,morph_1804/2-45100_04M23.JPG
morph_1805,morph,morph_1805/1-45167_01M23.JPG,morph_1805/2-45167_02M24.JPG
morph_1806,morph,morph_1806/1-45226_00M22.JPG,morph_1806/2-45226_02M22.JPG
morph_1807,morph,morph_1807/1-45313_02F26.JPG,morph_1807/2-45313_03F26.JPG
morph_1808,morph,morph_1808/1-45382_02M42.JPG,morph_1808/2-45382_05M43.JPG
morph_1809,morph,morph_1809/1-45464_00M26.JPG,morph_1809/2-45464_02M26.JPG
morph_181,morph,morph_181/1-3663_02M43.JPG,morph_181/2-3663_03M44.JPG
morph_1810,morph,morph_1810/1-45700_00M32.JPG,morph_1810/2-45700_01M33.JPG
morph_1811,morph,morph_1811/1-45737_01M34.JPG,morph_1811/2-45737_03M34.JPG
morph_1812,morph,morph_1812/1-45897_01M24.JPG,morph_1812/2-45897_03M24.JPG
morph_1813,morph,morph_1813/1-45901_02M33.JPG,morph_1813/2-45901_06M33.JPG
morph_1814,morph,morph_1814/1-45906_00M39.JPG,morph_1814/2-45906_01M39.JPG
morph_1815,morph,morph_1815/1-45925_02M24.JPG,morph_1815/2-45925_03M25.JPG
morph_1816,morph,morph_1816/1-45970_01F23.JPG,morph_1816/2-45970_02F23.JPG
morph_1817,morph,morph_1817/1-45976_00M23.JPG,morph_1817/2-45976_01M23.JPG
morph_1818,morph,morph_1818/1-45982_02M23.JPG,morph_1818/2-45982_03M23.JPG
morph_1819,morph,morph_1819/1-46125_00M40.JPG,morph_1819/2-46125_02M41.JPG
morph_182,morph,morph_182/1-3694_03F26.JPG,morph_182/2-3694_04F27.JPG
morph_1820,morph,morph_1820/1-46249_00M22.JPG,morph_1820/2-46249_04M24.JPG
morph_1821,morph,morph_1821/1-46261_00M22.JPG,morph_1821/2-46261_03M23.JPG
morph_1822,morph,morph_1822/1-46340_02M31.JPG,morph_1822/2-46340_04M32.JPG
morph_1823,morph,morph_1823/1-46361_01M25.JPG,morph_1823/2-46361_02M26.JPG
morph_1824,morph,morph_1824/1-46414_00M34.JPG,morph_1824/2-46414_01M34.JPG
morph_1825,morph,morph_1825/1-46469_03M23.JPG,morph_1825/2-46469_06M24.JPG
morph_1826,morph,morph_1826/1-46518_00M25.JPG,morph_1826/2-46518_02M26.JPG
morph_1827,morph,morph_1827/1-46769_04F25.JPG,morph_1827/2-46769_05F25.JPG
morph_1828,morph,morph_1828/1-46814_04M34.JPG,morph_1828/2-46814_06M34.JPG
morph_1829,morph,morph_1829/1-46828_00M26.JPG,morph_1829/2-46828_02M26.JPG
morph_183,morph,morph_183/1-3724_1M31.JPG,morph_183/2-3724_2M32.JPG
morph_1830,morph,morph_1830/1-46869_02M24.JPG,morph_1830/2-46869_05M26.JPG
morph_1831,morph,morph_1831/1-46920_02M27.JPG,morph_1831/2-46920_06M28.JPG
morph_1832,morph,morph_1832/1-46921_00M23.JPG,morph_1832/2-46921_01M24.JPG
morph_1833,morph,morph_1833/1-46950_02M22.JPG,morph_1833/2-46950_03M22.JPG
morph_1834,morph,morph_1834/1-47095_02M24.JPG,morph_1834/2-47095_05M25.JPG
morph_1835,morph,morph_1835/1-47317_00M44.JPG,morph_1835/2-47317_01M45.JPG
morph_1836,morph,morph_1836/1-47345_05M24.JPG,morph_1836/2-47345_06M24.JPG
morph_1837,morph,morph_1837/1-47610_01F22.JPG,morph_1837/2-47610_04F22.JPG
morph_1838,morph,morph_1838/1-47613_02M45.JPG,morph_1838/2-47613_05M46.JPG
morph_1839,morph,morph_1839/1-47671_00M24.JPG,morph_1839/2-47671_01M25.JPG
morph_184,morph,morph_184/1-3838_6M34.JPG,morph_184/2-3838_7M34.JPG
morph_1840,morph,morph_1840/1-47858_02M22.JPG,morph_1840/2-47858_04M23.JPG
morph_1841,morph,morph_1841/1-47901_00M24.JPG,morph_1841/2-47901_03M24.JPG
morph_1842,morph,morph_1842/1-48075_01M22.JPG,morph_1842/2-48075_04M26.JPG
morph_1843,morph,morph_1843/1-48155_00M32.JPG,morph_1843/2-48155_02M33.JPG
morph_1844,morph,morph_1844/1-48264_02M24.JPG,morph_1844/2-48264_05M25.JPG
morph_1845,morph,morph_1845/1-48411_00M22.JPG,morph_1845/2-48411_07M24.JPG
morph_1846,morph,morph_1846/1-48509_09M41.JPG,morph_1846/2-48509_10M42.JPG
morph_1847,morph,morph_1847/1-48575_00M48.JPG,morph_1847/2-48575_01M48.JPG
morph_1848,morph,morph_1848/1-48586_00M37.JPG,morph_1848/2-48586_01M37.JPG
morph_1849,morph,morph_1849/1-48675_03M25.JPG,morph_1849/2-48675_04M25.JPG
morph_185,morph,morph_185/1-4004_02M26.JPG,morph_185/2-4004_03M26.JPG
morph_1850,morph,morph_1850/1-48708_00M32.JPG,morph_1850/2-48708_02M32.JPG
morph_1851,morph,morph_1851/1-48733_00M40.JPG,morph_1851/2-48733_05M42.JPG
morph_1852,morph,morph_1852/1-48766_01M22.JPG,morph_1852/2-48766_05M23.JPG
morph_1853,morph,morph_1853/1-48846_00M34.JPG,morph_1853/2-48846_03M36.JPG
morph_1854,morph,morph_1854/1-49070_00M27.JPG,morph_1854/2-49070_02M29.JPG
morph_1855,morph,morph_1855/1-49103_01M41.JPG,morph_1855/2-49103_04M43.JPG
morph_1856,morph,morph_1856/1-49113_00F31.JPG,morph_1856/2-49113_02F31.JPG
morph_1857,morph,morph_1857/1-49452_02M53.JPG,morph_1857/2-49452_06M24.JPG
morph_1858,morph,morph_1858/1-49501_00M33.JPG,morph_1858/2-49501_02M34.JPG
morph_1859,morph,morph_1859/1-49597_01M32.JPG,morph_1859/2-49597_04M33.JPG
morph_186,morph,morph_186/1-4017_05M36.JPG,morph_186/2-4017_3M36.JPG
morph_1860,morph,morph_1860/1-49734_00M22.JPG,morph_1860/2-49734_01M22.JPG
morph_1861,morph,morph_1861/1-49740_02M31.JPG,morph_1861/2-49740_12M32.JPG
morph_1862,morph,morph_1862/1-49919_02M42.JPG,morph_1862/2-49919_03M42.JPG
morph_1863,morph,morph_1863/1-49984_00M24.JPG,morph_1863/2-49984_02M27.JPG
morph_1864,morph,morph_1864/1-50019_00M22.JPG,morph_1864/2-50019_01M23.JPG
morph_1865,morph,morph_1865/1-50093_01M25.JPG,morph_1865/2-50093_02M25.JPG
morph_1866,morph,morph_1866/1-50137_00M31.JPG,morph_1866/2-50137_02M32.JPG
morph_1867,morph,morph_1867/1-50148_00M22.JPG,morph_1867/2-50148_01M22.JPG
morph_1868,morph,morph_1868/1-50293_02M47.JPG,morph_1868/2-50293_07M48.JPG
morph_1869,morph,morph_1869/1-50301_00M35.JPG,morph_1869/2-50301_01M35.JPG
morph_187,morph,morph_187/1-4028_03M19.JPG,morph_187/2-4028_04M19.JPG
morph_1870,morph,morph_1870/1-50462_01M22.JPG,morph_1870/2-50462_03M23.JPG
morph_1872,morph,morph_1872/1-50523_00M23.JPG,morph_1872/2-50523_01M24.JPG
morph_1873,morph,morph_1873/1-50719_00M30.JPG,morph_1873/2-50719_03M32.JPG
morph_1874,morph,morph_1874/1-50798_00M25.JPG,morph_1874/2-50798_01M25.JPG
morph_1875,morph,morph_1875/1-50801_01M22.JPG,morph_1875/2-50801_04M22.JPG
morph_1876,morph,morph_1876/1-50879_02M43.JPG,morph_1876/2-50879_03M44.JPG
morph_1877,morph,morph_1877/1-50896_00M50.JPG,morph_1877/2-50896_05M52.JPG
morph_1878,morph,morph_1878/1-51182_03M34.JPG,morph_1878/2-51182_08M35.JPG
morph_1879,morph,morph_1879/1-51232_01F42.JPG,morph_1879/2-51232_02F42.JPG
morph_188,morph,morph_188/1-4043_01M41.JPG,morph_188/2-4043_02M41.JPG
morph_1880,morph,morph_1880/1-51285_00M22.JPG,morph_1880/2-51285_09M24.JPG
morph_1881,morph,morph_1881/1-51325_00M31.JPG,morph_1881/2-51325_03M32.JPG
morph_1882,morph,morph_1882/1-51349_01M30.JPG,morph_1882/2-51349_07M31.JPG
morph_1883,morph,morph_1883/1-51460_01M21.JPG,morph_1883/2-51460_07M22.JPG
morph_1884,morph,morph_1884/1-51615_01M33.JPG,morph_1884/2-51615_02M33.JPG
morph_1885,morph,morph_1885/1-51744_02M18.JPG,morph_1885/2-51744_05M19.JPG
morph_1886,morph,morph_1886/1-51867_02M32.JPG,morph_1886/2-51867_05M33.JPG
morph_1887,morph,morph_1887/1-51871_02M21.JPG,morph_1887/2-51871_05M24.JPG
morph_1888,morph,morph_1888/1-52060_00M35.JPG,morph_1888/2-52060_01M35.JPG
morph_1889,morph,morph_1889/1-52117_03M24.JPG,morph_1889/2-52117_05M25.JPG
morph_189,morph,morph_189/1-4062_00M17.JPG,morph_189/2-4062_01M18.JPG
morph_1890,morph,morph_1890/1-52129_02M22.JPG,morph_1890/2-52129_07M23.JPG
morph_1891,morph,morph_1891/1-52165_00M31.JPG,morph_1891/2-52165_01M32.JPG
morph_1892,morph,morph_1892/1-52344_00M31.JPG,morph_1892/2-52344_01M32.JPG
morph_1893,morph,morph_1893/1-52414_02M46.JPG,morph_1893/2-52414_09M47.JPG
morph_1894,morph,morph_1894/1-52480_00F40.JPG,morph_1894/2-52480_05F41.JPG
morph_1895,morph,morph_1895/1-52650_05F26.JPG,morph_1895/2-52650_06F26.JPG
morph_1896,morph,morph_1896/1-52722_03M41.JPG,morph_1896/2-52722_05M41.JPG
morph_1897,morph,morph_1897/1-52819_00M36.JPG,morph_1897/2-52819_01M37.JPG
morph_1898,morph,morph_1898/1-52822_01M21.JPG,morph_1898/2-52822_04M22.JPG
morph_1899,morph,morph_1899/1-52836_01M26.JPG,morph_1899/2-52836_02M27.JPG
morph_19,morph,morph_19/1-485_00F34.JPG,morph_19/2-485_01F35.JPG
morph_190,morph,morph_190/1-4066_00F24.JPG,morph_190/2-4066_02F25.JPG
morph_1900,morph,morph_1900/1-52847_02M23.JPG,morph_1900/2-52847_03M23.JPG
morph_1901,morph,morph_1901/1-52944_01M23.JPG,morph_1901/2-52944_05M24.JPG
morph_1902,morph,morph_1902/1-52953_00M33.JPG,morph_1902/2-52953_01M33.JPG
morph_1903,morph,morph_1903/1-52971_01M43.JPG,morph_1903/2-52971_02M43.JPG
morph_1904,morph,morph_1904/1-52979_01M22.JPG,morph_1904/2-52979_02M23.JPG
morph_1905,morph,morph_1905/1-53175_01M32.JPG,morph_1905/2-53175_02M39.JPG
morph_1906,morph,morph_1906/1-53454_01M22.JPG,morph_1906/2-53454_05M24.JPG
morph_1907,morph,morph_1907/1-53472_03M22.JPG,morph_1907/2-53472_04M23.JPG
morph_1908,morph,morph_1908/1-53510_03M19.JPG,morph_1908/2-53510_04M19.JPG
morph_1909,morph,morph_1909/1-53606_04M48.JPG,morph_1909/2-53606_15M49.JPG
morph_191,morph,morph_191/1-4070_00M16.JPG,morph_191/2-4070_01M16.JPG
morph_1910,morph,morph_1910/1-53634_01F23.JPG,morph_1910/2-53634_02F24.JPG
morph_1911,morph,morph_1911/1-53641_00M31.JPG,morph_1911/2-53641_01M31.JPG
morph_1912,morph,morph_1912/1-53791_00M35.JPG,morph_1912/2-53791_02M36.JPG
morph_1913,morph,morph_1913/1-53907_01F37.JPG,morph_1913/2-53907_05F38.JPG
morph_1914,morph,morph_1914/1-54167_00M22.JPG,morph_1914/2-54167_04M24.JPG
morph_1915,morph,morph_1915/1-54310_03M22.JPG,morph_1915/2-54310_04M22.JPG
morph_1916,morph,morph_1916/1-54599_00F25.JPG,morph_1916/2-54599_01F27.JPG
morph_1917,morph,morph_1917/1-54777_00M35.JPG,morph_1917/2-54777_01M35.JPG
morph_1918,morph,morph_1918/1-54779_00F30.JPG,morph_1918/2-54779_02F31.JPG
morph_1919,morph,morph_1919/1-54792_01F33.JPG,morph_1919/2-54792_03F35.JPG
morph_192,morph,morph_192/1-4098_00M16.JPG,morph_192/2-4098_01M16.JPG
morph_1920,morph,morph_1920/1-54829_01M36.JPG,morph_1920/2-54829_02M36.JPG
morph_1921,morph,morph_1921/1-54854_06M38.JPG,morph_1921/2-54854_16M38.JPG
morph_1922,morph,morph_1922/1-54860_01F25.JPG,morph_1922/2-54860_05F26.JPG
morph_1923,morph,morph_1923/1-54960_00M21.JPG,morph_1923/2-54960_02M23.JPG
morph_1924,morph,morph_1924/1-54962_00M24.JPG,morph_1924/2-54962_01M25.JPG
morph_1925,morph,morph_1925/1-55094_03M22.JPG,morph_1925/2-55094_05M22.JPG
morph_1926,morph,morph_1926/1-55107_00M21.JPG,morph_1926/2-55107_02M22.JPG
morph_1927,morph,morph_1927/1-55127_01F31.JPG,morph_1927/2-55127_02F32.JPG
morph_1928,morph,morph_1928/1-55345_00M52.JPG,morph_1928/2-55345_01M52.JPG
morph_1929,morph,morph_1929/1-55785_00M24.JPG,morph_1929/2-55785_01M24.JPG
morph_193,morph,morph_193/1-4107_01M43.JPG,morph_193/2-4107_02M44.JPG
morph_1930,morph,morph_1930/1-55809_00M31.JPG,morph_1930/2-55809_03M33.JPG
morph_1931,morph,morph_1931/1-55989_02F37.JPG,morph_1931/2-55989_04F38.JPG
morph_1932,morph,morph_1932/1-56117_00M30.JPG,morph_1932/2-56117_03M32.JPG
morph_1933,morph,morph_1933/1-56330_13F37.JPG,morph_1933/2-56330_14F37.JPG
morph_1934,morph,morph_1934/1-56345_00M23.JPG,morph_1934/2-56345_07M25.JPG
morph_1935,morph,morph_1935/1-56381_00M57.JPG,morph_1935/2-56381_16M58.JPG
morph_1936,morph,morph_1936/1-56550_06M36.JPG,morph_1936/2-56550_08M36.JPG
morph_1937,morph,morph_1937/1-56709_01M36.JPG,morph_1937/2-56709_03M37.JPG
morph_1938,morph,morph_1938/1-56734_01M43.JPG,morph_1938/2-56734_02M44.JPG
morph_1939,morph,morph_1939/1-56813_06M23.JPG,morph_1939/2-56813_07M23.JPG
morph_194,morph,morph_194/1-4125_01M24.JPG,morph_194/2-4125_03M24.JPG
morph_1940,morph,morph_1940/1-56834_00M22.JPG,morph_1940/2-56834_02M22.JPG
morph_1941,morph,morph_1941/1-57037_00M30.JPG,morph_1941/2-57037_01M32.JPG
morph_1942,morph,morph_1942/1-57103_00F27.JPG,morph_1942/2-57103_02F27.JPG
morph_1943,morph,morph_1943/1-57110_00M34.JPG,morph_1943/2-57110_01M35.JPG
morph_1944,morph,morph_1944/1-57276_02M19.JPG,morph_1944/2-57276_05M20.JPG
morph_1945,morph,morph_1945/1-57292_00M47.JPG,morph_1945/2-57292_02M47.JPG
morph_1946,morph,morph_1946/1-57349_00M21.JPG,morph_1946/2-57349_02M21.JPG
morph_1947,morph,morph_1947/1-57597_01M21.JPG,morph_1947/2-57597_02M21.JPG
morph_1948,morph,morph_1948/1-57678_02M31.JPG,morph_1948/2-57678_05M32.JPG
morph_1949,morph,morph_1949/1-57720_01M21.JPG,morph_1949/2-57720_04M22.JPG
morph_195,morph,morph_195/1-4128_00M19.JPG,morph_195/2-4128_01M21.JPG
morph_1950,morph,morph_1950/1-57779_00F22.JPG,morph_1950/2-57779_03F22.JPG
morph_1951,morph,morph_1951/1-57786_03M31.JPG,morph_1951/2-57786_08M32.JPG
morph_1952,morph,morph_1952/1-57843_00F35.JPG,morph_1952/2-57843_01F36.JPG
morph_1953,morph,morph_1953/1-58051_01M41.JPG,morph_1953/2-58051_02M41.JPG
morph_1954,morph,morph_1954/1-58064_03M32.JPG,morph_1954/2-58064_04M33.JPG
morph_1955,morph,morph_1955/1-58175_00M54.JPG,morph_1955/2-58175_28M56.JPG
morph_1956,morph,morph_1956/1-58191_00F40.JPG,morph_1956/2-58191_04F42.JPG
morph_1957,morph,morph_1957/1-58362_01M40.JPG,morph_1957/2-58362_02M40.JPG
morph_1958,morph,morph_1958/1-58374_01M22.JPG,morph_1958/2-58374_03M22.JPG
morph_1959,morph,morph_1959/1-58399_01M35.JPG,morph_1959/2-58399_02M35.JPG
morph_196,morph,morph_196/1-4149_00M44.JPG,morph_196/2-4149_04M41.JPG
morph_1960,morph,morph_1960/1-58513_02M31.JPG,morph_1960/2-58513_08M31.JPG
morph_1961,morph,morph_1961/1-58583_01M24.JPG,morph_1961/2-58583_02M25.JPG
morph_1962,morph,morph_1962/1-58591_01M45.JPG,morph_1962/2-58591_05M46.JPG
morph_1963,morph,morph_1963/1-58608_02M23.JPG,morph_1963/2-58608_04M23.JPG
morph_1964,morph,morph_1964/1-58946_01F29.JPG,morph_1964/2-58946_02F29.JPG
morph_1965,morph,morph_1965/1-59021_00M50.JPG,morph_1965/2-59021_01M50.JPG
morph_1966,morph,morph_1966/1-59095_04M23.JPG,morph_1966/2-59095_05M23.JPG
morph_1967,morph,morph_1967/1-59410_00M20.JPG,morph_1967/2-59410_03M21.JPG
morph_1968,morph,morph_1968/1-59454_00M44.JPG,morph_1968/2-59454_02M45.JPG
morph_1969,morph,morph_1969/1-59649_03M37.JPG,morph_1969/2-59649_06M38.JPG
morph_197,morph,morph_197/1-4151_01M28.JPG,morph_197/2-4151_02M28.JPG
morph_1970,morph,morph_1970/1-59740_02M31.JPG,morph_1970/2-59740_03M31.JPG
morph_1971,morph,morph_1971/1-59774_00M36.JPG,morph_1971/2-59774_04M38.JPG
morph_1972,morph,morph_1972/1-59806_00M27.JPG,morph_1972/2-59806_02M28.JPG
morph_1973,morph,morph_1973/1-59842_00F31.JPG,morph_1973/2-59842_05F31.JPG
morph_1974,morph,morph_1974/1-59991_02M21.JPG,morph_1974/2-59991_03M22.JPG
morph_1975,morph,morph_1975/1-60073_00M43.JPG,morph_1975/2-60073_01M44.JPG
morph_1976,morph,morph_1976/1-60252_00M22.JPG,morph_1976/2-60252_04M24.JPG
morph_1977,morph,morph_1977/1-60313_00F34.JPG,morph_1977/2-60313_01F34.JPG
morph_1978,morph,morph_1978/1-60467_01M22.JPG,morph_1978/2-60467_10M24.JPG
morph_1979,morph,morph_1979/1-60616_00M25.JPG,morph_1979/2-60616_02M26.JPG
morph_198,morph,morph_198/1-4161_00M36.JPG,morph_198/2-4161_07M37.JPG
morph_1980,morph,morph_1980/1-60639_04F35.JPG,morph_1980/2-60639_06F36.JPG
morph_1981,morph,morph_1981/1-60710_12M51.JPG,morph_1981/2-60710_45M52.JPG
morph_1982,morph,morph_1982/1-60752_00M26.JPG,morph_1982/2-60752_02M27.JPG
morph_1983,morph,morph_1983/1-61073_02M23.JPG,morph_1983/2-61073_03M24.JPG
morph_1984,morph,morph_1984/1-61078_01F26.JPG,morph_1984/2-61078_02F27.JPG
morph_1985,morph,morph_1985/1-61134_00M29.JPG,morph_1985/2-61134_01M29.JPG
morph_1986,morph,morph_1986/1-61247_02M23.JPG,morph_1986/2-61247_07M25.JPG
morph_1987,morph,morph_1987/1-61285_00M32.JPG,morph_1987/2-61285_02M33.JPG
morph_1988,morph,morph_1988/1-61317_05M24.JPG,morph_1988/2-61317_08M25.JPG
morph_1989,morph,morph_1989/1-61319_01M31.JPG,morph_1989/2-61319_04M33.JPG
morph_199,morph,morph_199/1-4224_00M19.JPG,morph_199/2-4224_01M20.JPG
morph_1990,morph,morph_1990/1-61458_01M45.JPG,morph_1990/2-61458_03M46.JPG
morph_1991,morph,morph_1991/1-61485_01M21.JPG,morph_1991/2-61485_03M22.JPG
morph_1992,morph,morph_1992/1-61543_01M28.JPG,morph_1992/2-61543_02M28.JPG
morph_1993,morph,morph_1993/1-61733_01M45.JPG,morph_1993/2-61733_02M45.JPG
morph_1994,morph,morph_1994/1-61735_01M22.JPG,morph_1994/2-61735_03M23.JPG
morph_1995,morph,morph_1995/1-61780_05M19.JPG,morph_1995/2-61780_07M19.JPG
morph_1996,morph,morph_1996/1-61794_00M22.JPG,morph_1996/2-61794_01M23.JPG
morph_1997,morph,morph_1997/1-61887_00M26.JPG,morph_1997/2-61887_05M28.JPG
morph_1998,morph,morph_1998/1-61921_01M24.JPG,morph_1998/2-61921_02M24.JPG
morph_1999,morph,morph_1999/1-61996_00M52.JPG,morph_1999/2-61996_02M53.JPG
morph_2,morph,morph_2/1-56_10M35.JPG,morph_2/2-56_1M34.JPG
morph_20,morph,morph_20/1-505_0M49.JPG,morph_20/2-505_2M50.JPG
morph_200,morph,morph_200/1-4244_00M18.JPG,morph_200/2-4244_01M19.JPG
morph_2000,morph,morph_2000/1-62022_00F33.JPG,morph_2000/2-62022_03F35.JPG
morph_2001,morph,morph_2001/1-62048_01M21.JPG,morph_2001/2-62048_02M21.JPG
morph_2002,morph,morph_2002/1-62054_03M24.JPG,morph_2002/2-62054_04M24.JPG
morph_2003,morph,morph_2003/1-62059_01M22.JPG,morph_2003/2-62059_06M23.JPG
morph_2004,morph,morph_2004/1-62134_00M21.JPG,morph_2004/2-62134_01M24.JPG
morph_2005,morph,morph_2005/1-62146_00M46.JPG,morph_2005/2-62146_01M46.JPG
morph_2006,morph,morph_2006/1-62189_01M22.JPG,morph_2006/2-62189_03M23.JPG
morph_2007,morph,morph_2007/1-62274_00M21.JPG,morph_2007/2-62274_05M22.JPG
morph_2008,morph,morph_2008/1-62297_00M23.JPG,morph_2008/2-62297_05M24.JPG
morph_2009,morph,morph_2009/1-62310_00F44.JPG,morph_2009/2-62310_02F46.JPG
morph_201,morph,morph_201/1-4286_00M22.JPG,morph_201/2-4286_01M23.JPG
morph_2010,morph,morph_2010/1-62348_01M23.JPG,morph_2010/2-62348_02M23.JPG
morph_2011,morph,morph_2011/1-62476_01M48.JPG,morph_2011/2-62476_02M48.JPG
morph_2012,morph,morph_2012/1-62502_00F43.JPG,morph_2012/2-62502_03F44.JPG
morph_2013,morph,morph_2013/1-62549_05M39.JPG,morph_2013/2-62549_07M40.JPG
morph_2014,morph,morph_2014/1-62680_01M19.JPG,morph_2014/2-62680_02M20.JPG
morph_2015,morph,morph_2015/1-62693_00M35.JPG,morph_2015/2-62693_06M36.JPG
morph_2016,morph,morph_2016/1-62741_01M36.JPG,morph_2016/2-62741_04M37.JPG
morph_2017,morph,morph_2017/1-62897_00F35.JPG,morph_2017/2-62897_02F36.JPG
morph_2018,morph,morph_2018/1-62928_07M22.JPG,morph_2018/2-62928_12M23.JPG
morph_2019,morph,morph_2019/1-63007_00M47.JPG,morph_2019/2-63007_01M47.JPG
morph_202,morph,morph_202/1-4292_02M31.JPG,morph_202/2-4292_03M31.JPG
morph_2020,morph,morph_2020/1-63073_00M19.JPG,morph_2020/2-63073_03M20.JPG
morph_2021,morph,morph_2021/1-63120_06M22.JPG,morph_2021/2-63120_09M22.JPG
morph_2022,morph,morph_2022/1-63235_00M41.JPG,morph_2022/2-63235_07M41.JPG
morph_2024,morph,morph_2024/1-63327_00M21.JPG,morph_2024/2-63327_01M22.JPG
morph_2025,morph,morph_2025/1-63402_00M44.JPG,morph_2025/2-63402_01M44.JPG
morph_2026,morph,morph_2026/1-63574_00M18.JPG,morph_2026/2-63574_01M19.JPG
morph_2027,morph,morph_2027/1-63638_02F33.JPG,morph_2027/2-63638_03F34.JPG
morph_2028,morph,morph_2028/1-63696_01F31.JPG,morph_2028/2-63696_03F32.JPG
morph_2029,morph,morph_2029/1-63797_01F33.JPG,morph_2029/2-63797_02F35.JPG
morph_203,morph,morph_203/1-4300_00M24.JPG,morph_203/2-4300_04M24.JPG
morph_2030,morph,morph_2030/1-63905_00M21.JPG,morph_2030/2-63905_02M22.JPG
morph_2031,morph,morph_2031/1-63909_01M45.JPG,morph_2031/2-63909_02M46.JPG
morph_2032,morph,morph_2032/1-63988_01M30.JPG,morph_2032/2-63988_07M32.JPG
morph_2033,morph,morph_2033/1-64141_00M25.JPG,morph_2033/2-64141_03M26.JPG
morph_2034,morph,morph_2034/1-64223_01M29.JPG,morph_2034/2-64223_04M30.JPG
morph_2035,morph,morph_2035/1-64304_05M22.JPG,morph_2035/2-64304_09M23.JPG
morph_2036,morph,morph_2036/1-64434_03M30.JPG,morph_2036/2-64434_05M31.JPG
morph_2037,morph,morph_2037/1-64436_00M18.JPG,morph_2037/2-64436_01M18.JPG
morph_2038,morph,morph_2038/1-64525_02M21.JPG,morph_2038/2-64525_05M22.JPG
morph_2039,morph,morph_2039/1-64791_05M51.JPG,morph_2039/2-64791_08M52.JPG
morph_204,morph,morph_204/1-4348_02M51.JPG,morph_204/2-4348_07M22.JPG
morph_2040,morph,morph_2040/1-64819_03M21.JPG,morph_2040/2-64819_04M21.JPG
morph_2041,morph,morph_2041/1-64841_01F21.JPG,morph_2041/2-64841_03F21.JPG
morph_2042,morph,morph_2042/1-64851_03F24.JPG,morph_2042/2-64851_08F25.JPG
morph_2043,morph,morph_2043/1-65215_03M22.JPG,morph_2043/2-65215_04M23.JPG
morph_2044,morph,morph_2044/1-65347_00M25.JPG,morph_2044/2-65347_02M27.JPG
morph_2045,morph,morph_2045/1-65370_00F30.JPG,morph_2045/2-65370_01F31.JPG
morph_2046,morph,morph_2046/1-65417_00M40.JPG,morph_2046/2-65417_03M42.JPG
morph_2047,morph,morph_2047/1-65553_02M48.JPG,morph_2047/2-65553_04M49.JPG
morph_2048,morph,morph_2048/1-65610_01M35.JPG,morph_2048/2-65610_02M35.JPG
morph_2049,morph,morph_2049/1-65613_05F33.JPG,morph_2049/2-65613_06F34.JPG
morph_205,morph,morph_205/1-4392_03M55.JPG,morph_205/2-4392_04M55.JPG
morph_2050,morph,morph_2050/1-65750_00F29.JPG,morph_2050/2-65750_01F29.JPG
morph_2051,morph,morph_2051/1-65810_02M44.JPG,morph_2051/2-65810_03M44.JPG
morph_2052,morph,morph_2052/1-65859_03M21.JPG,morph_2052/2-65859_04M22.JPG
morph_2053,morph,morph_2053/1-65885_00M21.JPG,morph_2053/2-65885_01M21.JPG
morph_2054,morph,morph_2054/1-65888_03M21.JPG,morph_2054/2-65888_04M21.JPG
morph_2055,morph,morph_2055/1-65917_00M26.JPG,morph_2055/2-65917_03M27.JPG
morph_2056,morph,morph_2056/1-66191_02M22.JPG,morph_2056/2-66191_04M22.JPG
morph_2057,morph,morph_2057/1-66384_01M31.JPG,morph_2057/2-66384_02M31.JPG
morph_2058,morph,morph_2058/1-66403_00M21.JPG,morph_2058/2-66403_07M22.JPG
morph_2059,morph,morph_2059/1-66593_01M21.JPG,morph_2059/2-66593_02M22.JPG
morph_206,morph,morph_206/1-4427_00F19.JPG,morph_206/2-4427_01F19.JPG
morph_2060,morph,morph_2060/1-66720_00M31.JPG,morph_2060/2-66720_03M32.JPG
morph_2061,morph,morph_2061/1-66745_00F25.JPG,morph_2061/2-66745_03F26.JPG
morph_2062,morph,morph_2062/1-66762_01M26.JPG,morph_2062/2-66762_02M27.JPG
morph_2063,morph,morph_2063/1-66831_00M53.JPG,morph_2063/2-66831_04M53.JPG
morph_2064,morph,morph_2064/1-66833_02M21.JPG,morph_2064/2-66833_03M21.JPG
morph_2065,morph,morph_2065/1-67086_01M39.JPG,morph_2065/2-67086_05M41.JPG
morph_2067,morph,morph_2067/1-67471_02M22.JPG,morph_2067/2-67471_03M22.JPG
morph_2068,morph,morph_2068/1-67660_03M22.JPG,morph_2068/2-67660_04M22.JPG
morph_2069,morph,morph_2069/1-67674_00F27.JPG,morph_2069/2-67674_01F28.JPG
morph_207,morph,morph_207/1-4468_02M26.JPG,morph_207/2-4468_03M26.JPG
morph_2070,morph,morph_2070/1-67827_00M20.JPG,morph_2070/2-67827_02M21.JPG
morph_2071,morph,morph_2071/1-67943_01M43.JPG,morph_2071/2-67943_02M43.JPG
morph_2072,morph,morph_2072/1-67957_02M40.JPG,morph_2072/2-67957_05M41.JPG
morph_2073,morph,morph_2073/1-68096_01M22.JPG,morph_2073/2-68096_03M23.JPG
morph_2074,morph,morph_2074/1-68100_02M19.JPG,morph_2074/2-68100_03M20.JPG
morph_2075,morph,morph_2075/1-68104_01M22.JPG,morph_2075/2-68104_02M23.JPG
morph_2076,morph,morph_2076/1-68108_02M21.JPG,morph_2076/2-68108_04M22.JPG
morph_2077,morph,morph_2077/1-68175_01M35.JPG,morph_2077/2-68175_02M28.JPG
morph_2078,morph,morph_2078/1-68285_00M20.JPG,morph_2078/2-68285_02M21.JPG
morph_2079,morph,morph_2079/1-68361_00M20.JPG,morph_2079/2-68361_01M21.JPG
morph_208,morph,morph_208/1-4602_01M18.JPG,morph_208/2-4602_02M19.JPG
morph_2080,morph,morph_2080/1-68461_01F30.JPG,morph_2080/2-68461_02F31.JPG
morph_2081,morph,morph_2081/1-68633_04M48.JPG,morph_2081/2-68633_05M53.JPG
morph_2082,morph,morph_2082/1-68697_00M32.JPG,morph_2082/2-68697_01M32.JPG
morph_2083,morph,morph_2083/1-68855_00M46.JPG,morph_2083/2-68855_01M48.JPG
morph_2084,morph,morph_2084/1-68974_01M41.JPG,morph_2084/2-68974_02M42.JPG
morph_2085,morph,morph_2085/1-69079_00M21.JPG,morph_2085/2-69079_02M21.JPG
morph_2086,morph,morph_2086/1-69194_01M19.JPG,morph_2086/2-69194_03M19.JPG
morph_2087,morph,morph_2087/1-69215_00F29.JPG,morph_2087/2-69215_01F30.JPG
morph_2088,morph,morph_2088/1-69237_01M39.JPG,morph_2088/2-69237_03M40.JPG
morph_2089,morph,morph_2089/1-69245_04M33.JPG,morph_2089/2-69245_05M33.JPG
morph_209,morph,morph_209/1-4622_02M42.JPG,morph_209/2-4622_03M42.JPG
morph_2090,morph,morph_2090/1-69295_03M21.JPG,morph_2090/2-69295_05M22.JPG
morph_2091,morph,morph_2091/1-69343_02M31.JPG,morph_2091/2-69343_03M30.JPG
morph_2092,morph,morph_2092/1-69354_00M29.JPG,morph_2092/2-69354_03M27.JPG
morph_2093,morph,morph_2093/1-69382_00M30.JPG,morph_2093/2-69382_03M32.JPG
morph_2094,morph,morph_2094/1-69440_02M32.JPG,morph_2094/2-69440_04M33.JPG
morph_2095,morph,morph_2095/1-69512_01M37.JPG,morph_2095/2-69512_03M37.JPG
morph_2096,morph,morph_2096/1-69588_02M21.JPG,morph_2096/2-69588_06M23.JPG
morph_2097,morph,morph_2097/1-69627_05M24.JPG,morph_2097/2-69627_07M24.JPG
morph_2098,morph,morph_2098/1-69775_02M30.JPG,morph_2098/2-69775_08M31.JPG
morph_2099,morph,morph_2099/1-69873_00M29.JPG,morph_2099/2-69873_01M29.JPG
morph_21,morph,morph_21/1-534_0M42.JPG,morph_21/2-534_6M45.JPG
morph_210,morph,morph_210/1-4629_00M55.JPG,morph_210/2-4629_03M56.JPG
morph_2100,morph,morph_2100/1-69943_02M51.JPG,morph_2100/2-69943_06M52.JPG
morph_2101,morph,morph_2101/1-69947_01M40.JPG,morph_2101/2-69947_03M41.JPG
morph_2102,morph,morph_2102/1-69952_01M30.JPG,morph_2102/2-69952_02M31.JPG
morph_2103,morph,morph_2103/1-69973_02F44.JPG,morph_2103/2-69973_04F39.JPG
morph_2104,morph,morph_2104/1-69985_02F21.JPG,morph_2104/2-69985_03F22.JPG
morph_2105,morph,morph_2105/1-70201_00M20.JPG,morph_2105/2-70201_06M22.JPG
morph_2106,morph,morph_2106/1-70253_05M24.JPG,morph_2106/2-70253_06M24.JPG
morph_2107,morph,morph_2107/1-70458_00M29.JPG,morph_2107/2-70458_02M29.JPG
morph_2108,morph,morph_2108/1-70465_00M20.JPG,morph_2108/2-70465_03M21.JPG
morph_2109,morph,morph_2109/1-70571_00M23.JPG,morph_2109/2-70571_02M23.JPG
morph_211,morph,morph_211/1-4633_00M19.JPG,morph_211/2-4633_01M19.JPG
morph_2110,morph,morph_2110/1-70868_00M21.JPG,morph_2110/2-70868_02M22.JPG
morph_2111,morph,morph_2111/1-70942_00M41.JPG,morph_2111/2-70942_02M42.JPG
morph_2112,morph,morph_2112/1-70983_02M22.JPG,morph_2112/2-70983_03M22.JPG
morph_2113,morph,morph_2113/1-71002_03M30.JPG,morph_2113/2-71002_04M30.JPG
morph_2114,morph,morph_2114/1-71018_00M19.JPG,morph_2114/2-71018_04M21.JPG
morph_2115,morph,morph_2115/1-71020_03F34.JPG,morph_2115/2-71020_05F35.JPG
morph_2116,morph,morph_2116/1-71117_00M27.JPG,morph_2116/2-71117_03M29.JPG
morph_2117,morph,morph_2117/1-71147_00F22.JPG,morph_2117/2-71147_03F23.JPG
morph_2118,morph,morph_2118/1-71176_02M23.JPG,morph_2118/2-71176_06M23.JPG
morph_2119,morph,morph_2119/1-71214_04M21.JPG,morph_2119/2-71214_05M21.JPG
morph_212,morph,morph_212/1-4670_01M48.JPG,morph_212/2-4670_02M49.JPG
morph_2120,morph,morph_2120/1-71275_01M29.JPG,morph_2120/2-71275_02M30.JPG
morph_2121,morph,morph_2121/1-71375_04M57.JPG,morph_2121/2-71375_05M57.JPG
morph_2122,morph,morph_2122/1-71476_00M30.JPG,morph_2122/2-71476_01M30.JPG
morph_2123,morph,morph_2123/1-71479_01F34.JPG,morph_2123/2-71479_03F35.JPG
morph_2124,morph,morph_2124/1-71495_00M24.JPG,morph_2124/2-71495_01M25.JPG
morph_2125,morph,morph_2125/1-71505_00M24.JPG,morph_2125/2-71505_04M25.JPG
morph_2126,morph,morph_2126/1-71549_00M29.JPG,morph_2126/2-71549_03M30.JPG
morph_2127,morph,morph_2127/1-71742_03F45.JPG,morph_2127/2-71742_05F44.JPG
morph_2128,morph,morph_2128/1-71758_00M21.JPG,morph_2128/2-71758_01M21.JPG
morph_2129,morph,morph_2129/1-71847_00F22.JPG,morph_2129/2-71847_01F22.JPG
morph_213,morph,morph_213/1-4692_06M34.JPG,morph_213/2-4692_07M35.JPG
morph_2130,morph,morph_2130/1-71859_00M33.JPG,morph_2130/2-71859_02M33.JPG
morph_2131,morph,morph_2131/1-71949_01M22.JPG,morph_2131/2-71949_03M22.JPG
morph_2132,morph,morph_2132/1-72151_00M21.JPG,morph_2132/2-72151_01M22.JPG
morph_2133,morph,morph_2133/1-72378_00M30.JPG,morph_2133/2-72378_01M31.JPG
morph_2134,morph,morph_2134/1-72396_01M29.JPG,morph_2134/2-72396_04M31.JPG
morph_2135,morph,morph_2135/1-72418_00M36.JPG,morph_2135/2-72418_01M36.JPG
morph_2136,morph,morph_2136/1-72428_01M23.JPG,morph_2136/2-72428_04M25.JPG
morph_2137,morph,morph_2137/1-72450_03M39.JPG,morph_2137/2-72450_04M39.JPG
morph_2138,morph,morph_2138/1-72502_00M29.JPG,morph_2138/2-72502_01M30.JPG
morph_2139,morph,morph_2139/1-72535_00F29.JPG,morph_2139/2-72535_01F30.JPG
morph_214,morph,morph_214/1-4719_01M16.JPG,morph_214/2-4719_02M16.JPG
morph_2140,morph,morph_2140/1-72569_00M28.JPG,morph_2140/2-72569_06M30.JPG
morph_2141,morph,morph_2141/1-72594_01M21.JPG,morph_2141/2-72594_02M21.JPG
morph_2142,morph,morph_2142/1-72664_01M39.JPG,morph_2142/2-72664_03M41.JPG
morph_2143,morph,morph_2143/1-72781_00M20.JPG,morph_2143/2-72781_01M21.JPG
morph_2144,morph,morph_2144/1-72810_00M47.JPG,morph_2144/2-72810_02M47.JPG
morph_2145,morph,morph_2145/1-72952_01M30.JPG,morph_2145/2-72952_02M30.JPG
morph_2146,morph,morph_2146/1-72980_01M37.JPG,morph_2146/2-72980_03M39.JPG
morph_2147,morph,morph_2147/1-73412_01M29.JPG,morph_2147/2-73412_03M30.JPG
morph_2148,morph,morph_2148/1-73458_04M53.JPG,morph_2148/2-73458_19M45.JPG
morph_2149,morph,morph_2149/1-73493_03M52.JPG,morph_2149/2-73493_04M52.JPG
morph_215,morph,morph_215/1-4746_01F31.JPG,morph_215/2-4746_02F32.JPG
morph_2150,morph,morph_2150/1-73557_02M36.JPG,morph_2150/2-73557_03M36.JPG
morph_2151,morph,morph_2151/1-73605_02M30.JPG,morph_2151/2-73605_03M30.JPG
morph_2152,morph,morph_2152/1-73607_00M21.JPG,morph_2152/2-73607_02M23.JPG
morph_2153,morph,morph_2153/1-73641_02M24.JPG,morph_2153/2-73641_04M25.JPG
morph_2154,morph,morph_2154/1-73642_01M35.JPG,morph_2154/2-73642_06M36.JPG
morph_2155,morph,morph_2155/1-73791_02M19.JPG,morph_2155/2-73791_07M21.JPG
morph_2156,morph,morph_2156/1-73863_07M44.JPG,morph_2156/2-73863_09M44.JPG
morph_2157,morph,morph_2157/1-73917_00M30.JPG,morph_2157/2-73917_06M31.JPG
morph_2158,morph,morph_2158/1-73982_01M24.JPG,morph_2158/2-73982_04M26.JPG
morph_2159,morph,morph_2159/1-73983_01M28.JPG,morph_2159/2-73983_09M30.JPG
morph_216,morph,morph_216/1-4788_02M17.JPG,morph_216/2-4788_03M17.JPG
morph_2160,morph,morph_2160/1-73995_00M28.JPG,morph_2160/2-73995_03M31.JPG
morph_2161,morph,morph_2161/1-74071_03M20.JPG,morph_2161/2-74071_12M21.JPG
morph_2162,morph,morph_2162/1-74123_01M22.JPG,morph_2162/2-74123_04M21.JPG
morph_2163,morph,morph_2163/1-74164_01M21.JPG,morph_2163/2-74164_03M21.JPG
morph_2164,morph,morph_2164/1-74220_00M23.JPG,morph_2164/2-74220_07M24.JPG
morph_2165,morph,morph_2165/1-74255_00M18.JPG,morph_2165/2-74255_04M19.JPG
morph_2167,morph,morph_2167/1-74427_01M25.JPG,morph_2167/2-74427_02M26.JPG
morph_2168,morph,morph_2168/1-74442_10M29.JPG,morph_2168/2-74442_19M30.JPG
morph_2169,morph,morph_2169/1-74580_00M29.JPG,morph_2169/2-74580_13M32.JPG
morph_217,morph,morph_217/1-4816_00M26.JPG,morph_217/2-4816_03M26.JPG
morph_2170,morph,morph_2170/1-74650_00F23.JPG,morph_2170/2-74650_01F24.JPG
morph_2171,morph,morph_2171/1-74944_00M38.JPG,morph_2171/2-74944_09M39.JPG
morph_2172,morph,morph_2172/1-74958_00F54.JPG,morph_2172/2-74958_02F55.JPG
morph_2173,morph,morph_2173/1-75123_01F31.JPG,morph_2173/2-75123_05F32.JPG
morph_2174,morph,morph_2174/1-75209_00M39.JPG,morph_2174/2-75209_02M39.JPG
morph_2175,morph,morph_2175/1-75237_02M29.JPG,morph_2175/2-75237_03M29.JPG
morph_2176,morph,morph_2176/1-75275_02M27.JPG,morph_2176/2-75275_03M18.JPG
morph_2177,morph,morph_2177/1-75438_00M30.JPG,morph_2177/2-75438_01M30.JPG
morph_2178,morph,morph_2178/1-75595_02M41.JPG,morph_2178/2-75595_13M43.JPG
morph_2179,morph,morph_2179/1-75647_03M36.JPG,morph_2179/2-75647_04M38.JPG
morph_218,morph,morph_218/1-4854_03M34.JPG,morph_218/2-4854_1M32.JPG
morph_2180,morph,morph_2180/1-75732_01M22.JPG,morph_2180/2-75732_02M22.JPG
morph_2181,morph,morph_2181/1-76186_02M20.JPG,morph_2181/2-76186_04M20.JPG
morph_2182,morph,morph_2182/1-76259_03M21.JPG,morph_2182/2-76259_04M21.JPG
morph_2183,morph,morph_2183/1-76265_01F29.JPG,morph_2183/2-76265_03F30.JPG
morph_2184,morph,morph_2184/1-76393_01F26.JPG,morph_2184/2-76393_03F28.JPG
morph_2185,morph,morph_2185/1-76447_03M29.JPG,morph_2185/2-76447_11M30.JPG
morph_2186,morph,morph_2186/1-76472_03M20.JPG,morph_2186/2-76472_07M21.JPG
morph_2187,morph,morph_2187/1-76521_00M39.JPG,morph_2187/2-76521_03M39.JPG
morph_2188,morph,morph_2188/1-76585_03M21.JPG,morph_2188/2-76585_04M21.JPG
morph_2189,morph,morph_2189/1-76587_02F37.JPG,morph_2189/2-76587_03F47.JPG
morph_219,morph,morph_219/1-4906_00M24.JPG,morph_219/2-4906_03M25.JPG
morph_2190,morph,morph_2190/1-76828_00F29.JPG,morph_2190/2-76828_03F30.JPG
morph_2191,morph,morph_2191/1-76980_04M42.JPG,morph_2191/2-76980_05M43.JPG
morph_2192,morph,morph_2192/1-76998_01M30.JPG,morph_2192/2-76998_04M31.JPG
morph_2193,morph,morph_2193/1-77057_00M29.JPG,morph_2193/2-77057_02M30.JPG
morph_2194,morph,morph_2194/1-77102_00F28.JPG,morph_2194/2-77102_02F29.JPG
morph_2195,morph,morph_2195/1-77131_00M22.JPG,morph_2195/2-77131_01M22.JPG
morph_2196,morph,morph_2196/1-77299_02M21.JPG,morph_2196/2-77299_03M21.JPG
morph_2197,morph,morph_2197/1-77342_00M29.JPG,morph_2197/2-77342_03M31.JPG
morph_2198,morph,morph_2198/1-77384_03M23.JPG,morph_2198/2-77384_04M23.JPG
morph_2199,morph,morph_2199/1-77394_01M29.JPG,morph_2199/2-77394_03M30.JPG
morph_22,morph,morph_22/1-547_0M53.JPG,morph_22/2-547_1M53.JPG
morph_220,morph,morph_220/1-4915_00M36.JPG,morph_220/2-4915_04M38.JPG
morph_2200,morph,morph_2200/1-77434_01M23.JPG,morph_2200/2-77434_02M23.JPG
morph_2201,morph,morph_2201/1-77602_04M22.JPG,morph_2201/2-77602_05M22.JPG
morph_2202,morph,morph_2202/1-77620_03F20.JPG,morph_2202/2-77620_08F22.JPG
morph_2203,morph,morph_2203/1-77815_00F45.JPG,morph_2203/2-77815_01F45.JPG
morph_2204,morph,morph_2204/1-77942_00M21.JPG,morph_2204/2-77942_04M22.JPG
morph_2205,morph,morph_2205/1-77944_00M38.JPG,morph_2205/2-77944_03M41.JPG
morph_2206,morph,morph_2206/1-77950_00F30.JPG,morph_2206/2-77950_02F30.JPG
morph_2207,morph,morph_2207/1-77957_01M23.JPG,morph_2207/2-77957_02M24.JPG
morph_2208,morph,morph_2208/1-77963_01M52.JPG,morph_2208/2-77963_02M53.JPG
morph_2209,morph,morph_2209/1-78014_00M29.JPG,morph_2209/2-78014_03M31.JPG
morph_221,morph,morph_221/1-4921_00M16.JPG,morph_221/2-4921_01M16.JPG
morph_2210,morph,morph_2210/1-78098_04M20.JPG,morph_2210/2-78098_06M21.JPG
morph_2211,morph,morph_2211/1-78163_00F20.JPG,morph_2211/2-78163_01F21.JPG
morph_2212,morph,morph_2212/1-78177_00M21.JPG,morph_2212/2-78177_04M23.JPG
morph_2213,morph,morph_2213/1-78187_00M34.JPG,morph_2213/2-78187_02M35.JPG
morph_2214,morph,morph_2214/1-78196_01M19.JPG,morph_2214/2-78196_02M20.JPG
morph_2215,morph,morph_2215/1-78244_06M20.JPG,morph_2215/2-78244_08M20.JPG
morph_2216,morph,morph_2216/1-78368_00M16.JPG,morph_2216/2-78368_02M17.JPG
morph_2217,morph,morph_2217/1-78382_00M46.JPG,morph_2217/2-78382_03M46.JPG
morph_2218,morph,morph_2218/1-78408_01F28.JPG,morph_2218/2-78408_02F29.JPG
morph_2219,morph,morph_2219/1-78691_01M28.JPG,morph_2219/2-78691_04M29.JPG
morph_222,morph,morph_222/1-4927_01M37.JPG,morph_222/2-4927_03M37.JPG
morph_2220,morph,morph_2220/1-78726_00M20.JPG,morph_2220/2-78726_01M20.JPG
morph_2221,morph,morph_2221/1-78767_00M23.JPG,morph_2221/2-78767_05M24.JPG
morph_2222,morph,morph_2222/1-78984_03M30.JPG,morph_2222/2-78984_04M30.JPG
morph_2223,morph,morph_2223/1-78992_00M28.JPG,morph_2223/2-78992_04M29.JPG
morph_2224,morph,morph_2224/1-79065_00M21.JPG,morph_2224/2-79065_02M23.JPG
morph_2225,morph,morph_2225/1-79138_01M43.JPG,morph_2225/2-79138_04M44.JPG
morph_2226,morph,morph_2226/1-79176_01F34.JPG,morph_2226/2-79176_03F36.JPG
morph_2227,morph,morph_2227/1-79202_06M29.JPG,morph_2227/2-79202_09M30.JPG
morph_2228,morph,morph_2228/1-79228_00M47.JPG,morph_2228/2-79228_03M48.JPG
morph_2229,morph,morph_2229/1-79249_01M22.JPG,morph_2229/2-79249_02M22.JPG
morph_223,morph,morph_223/1-5014_0M32.JPG,morph_223/2-5014_2M32.JPG
morph_2230,morph,morph_2230/1-79259_01F28.JPG,morph_2230/2-79259_04F29.JPG
morph_2231,morph,morph_2231/1-79436_00M47.JPG,morph_2231/2-79436_05M49.JPG
morph_2232,morph,morph_2232/1-79546_01M20.JPG,morph_2232/2-79546_03M22.JPG
morph_2233,morph,morph_2233/1-79549_03M23.JPG,morph_2233/2-79549_04M23.JPG
morph_2234,morph,morph_2234/1-79574_00M33.JPG,morph_2234/2-79574_04M34.JPG
morph_2235,morph,morph_2235/1-79580_05F31.JPG,morph_2235/2-79580_09F32.JPG
morph_2236,morph,morph_2236/1-79594_01M39.JPG,morph_2236/2-79594_02M39.JPG
morph_2237,morph,morph_2237/1-79597_00M25.JPG,morph_2237/2-79597_02M26.JPG
morph_2238,morph,morph_2238/1-79624_00M20.JPG,morph_2238/2-79624_01M20.JPG
morph_2239,morph,morph_2239/1-79632_01M30.JPG,morph_2239/2-79632_02M30.JPG
morph_224,morph,morph_224/1-5048_05M18.JPG,morph_224/2-5048_06M18.JPG
morph_2240,morph,morph_2240/1-79710_01M19.JPG,morph_2240/2-79710_02M19.JPG
morph_2241,morph,morph_2241/1-79784_01M54.JPG,morph_2241/2-79784_03M55.JPG
morph_2242,morph,morph_2242/1-79808_02M25.JPG,morph_2242/2-79808_04M26.JPG
morph_2243,morph,morph_2243/1-79931_13M30.JPG,morph_2243/2-79931_16M30.JPG
morph_2244,morph,morph_2244/1-79969_02M20.JPG,morph_2244/2-79969_03M20.JPG
morph_2245,morph,morph_2245/1-80006_01M29.JPG,morph_2245/2-80006_02M29.JPG
morph_2246,morph,morph_2246/1-80365_02M21.JPG,morph_2246/2-80365_03M21.JPG
morph_2247,morph,morph_2247/1-80431_00M35.JPG,morph_2247/2-80431_01M35.JPG
morph_2248,morph,morph_2248/1-80436_00M21.JPG,morph_2248/2-80436_03M22.JPG
morph_2249,morph,morph_2249/1-80449_00M28.JPG,morph_2249/2-80449_01M28.JPG
morph_225,morph,morph_225/1-5066_00M20.JPG,morph_225/2-5066_01M20.JPG
morph_2250,morph,morph_2250/1-80467_00F44.JPG,morph_2250/2-80467_02F45.JPG
morph_2251,morph,morph_2251/1-80477_06M20.JPG,morph_2251/2-80477_09M21.JPG
morph_2252,morph,morph_2252/1-80562_00F39.JPG,morph_2252/2-80562_02F40.JPG
morph_2253,morph,morph_2253/1-80588_02M22.JPG,morph_2253/2-80588_04M22.JPG
morph_2254,morph,morph_2254/1-80649_00M21.JPG,morph_2254/2-80649_03M23.JPG
morph_2255,morph,morph_2255/1-80733_04M22.JPG,morph_2255/2-80733_07M22.JPG
morph_2256,morph,morph_2256/1-80808_00M36.JPG,morph_2256/2-80808_01M36.JPG
morph_2257,morph,morph_2257/1-80811_00F42.JPG,morph_2257/2-80811_01F42.JPG
morph_2258,morph,morph_2258/1-80986_01M19.JPG,morph_2258/2-80986_02M20.JPG
morph_2259,morph,morph_2259/1-81030_00M48.JPG,morph_2259/2-81030_01M50.JPG
morph_226,morph,morph_226/1-5073_01F22.JPG,morph_226/2-5073_02F22.JPG
morph_2260,morph,morph_2260/1-81046_00F22.JPG,morph_2260/2-81046_07F23.JPG
morph_2261,morph,morph_2261/1-81080_00M20.JPG,morph_2261/2-81080_02M22.JPG
morph_2262,morph,morph_2262/1-81085_02M28.JPG,morph_2262/2-81085_05M29.JPG
morph_2263,morph,morph_2263/1-81272_00M28.JPG,morph_2263/2-81272_03M29.JPG
morph_2264,morph,morph_2264/1-81298_00F33.JPG,morph_2264/2-81298_02F33.JPG
morph_2265,morph,morph_2265/1-81329_01M19.JPG,morph_2265/2-81329_03M21.JPG
morph_2266,morph,morph_2266/1-81407_00M34.JPG,morph_2266/2-81407_01M34.JPG
morph_2267,morph,morph_2267/1-81448_04M22.JPG,morph_2267/2-81448_05M22.JPG
morph_2268,morph,morph_2268/1-81547_00M36.JPG,morph_2268/2-81547_04M38.JPG
morph_2269,morph,morph_2269/1-81555_00M36.JPG,morph_2269/2-81555_02M37.JPG
morph_2270,morph,morph_2270/1-81651_00M22.JPG,morph_2270/2-81651_03M23.JPG
morph_2271,morph,morph_2271/1-81835_00M20.JPG,morph_2271/2-81835_03M22.JPG
morph_2272,morph,morph_2272/1-81852_01M29.JPG,morph_2272/2-81852_02M29.JPG
morph_2273,morph,morph_2273/1-81873_08M22.JPG,morph_2273/2-81873_09M22.JPG
morph_2274,morph,morph_2274/1-81929_01M20.JPG,morph_2274/2-81929_03M20.JPG
morph_2275,morph,morph_2275/1-81943_00M40.JPG,morph_2275/2-81943_01M41.JPG
morph_2276,morph,morph_2276/1-81983_01F22.JPG,morph_2276/2-81983_03F22.JPG
morph_2277,morph,morph_2277/1-82036_01M19.JPG,morph_2277/2-82036_04M20.JPG
morph_2278,morph,morph_2278/1-82098_02M28.JPG,morph_2278/2-82098_03M30.JPG
morph_2279,morph,morph_2279/1-82116_02M28.JPG,morph_2279/2-82116_03M29.JPG
morph_228,morph,morph_228/1-5122_01M20.JPG,morph_228/2-5122_01M26.JPG
morph_2280,morph,morph_2280/1-82194_02M32.JPG,morph_2280/2-82194_03M32.JPG
morph_2281,morph,morph_2281/1-82278_01M19.JPG,morph_2281/2-82278_02M19.JPG
morph_2282,morph,morph_2282/1-82351_00M28.JPG,morph_2282/2-82351_02M29.JPG
morph_2283,morph,morph_2283/1-82408_06F20.JPG,morph_2283/2-82408_08F20.JPG
morph_2284,morph,morph_2284/1-82413_01M35.JPG,morph_2284/2-82413_03M36.JPG
morph_2285,morph,morph_2285/1-82424_00M20.JPG,morph_2285/2-82424_06M22.JPG
morph_2286,morph,morph_2286/1-82472_01M20.JPG,morph_2286/2-82472_03M20.JPG
morph_2287,morph,morph_2287/1-82575_02M22.JPG,morph_2287/2-82575_03M23.JPG
morph_2288,morph,morph_2288/1-82635_02M49.JPG,morph_2288/2-82635_04M50.JPG
morph_2289,morph,morph_2289/1-82645_00M28.JPG,morph_2289/2-82645_01M28.JPG
morph_229,morph,morph_229/1-5127_00M25.JPG,morph_229/2-5127_03M26.JPG
morph_2290,morph,morph_2290/1-82705_01M53.JPG,morph_2290/2-82705_04M53.JPG
morph_2291,morph,morph_2291/1-82731_04M24.JPG,morph_2291/2-82731_06M24.JPG
morph_2292,morph,morph_2292/1-82794_00M27.JPG,morph_2292/2-82794_01M27.JPG
morph_2293,morph,morph_2293/1-82911_02M20.JPG,morph_2293/2-82911_03M21.JPG
morph_2294,morph,morph_2294/1-82955_00M45.JPG,morph_2294/2-82955_01M46.JPG
morph_2295,morph,morph_2295/1-82964_00M20.JPG,morph_2295/2-82964_05M22.JPG
morph_2296,morph,morph_2296/1-82966_00M20.JPG,morph_2296/2-82966_03M21.JPG
morph_2297,morph,morph_2297/1-82973_01M23.JPG,morph_2297/2-82973_02M23.JPG
morph_2298,morph,morph_2298/1-83040_02F22.JPG,morph_2298/2-83040_04F22.JPG
morph_2299,morph,morph_2299/1-83076_01M29.JPG,morph_2299/2-83076_03M30.JPG
morph_23,morph,morph_23/1-583_01M19.JPG,morph_23/2-583_03M20.JPG
morph_230,morph,morph_230/1-5176_00M27.JPG,morph_230/2-5176_01M27.JPG
morph_2300,morph,morph_2300/1-83094_01M22.JPG,morph_2300/2-83094_03M22.JPG
morph_2301,morph,morph_2301/1-83140_06M33.JPG,morph_2301/2-83140_07M33.JPG
morph_2302,morph,morph_2302/1-83212_02M39.JPG,morph_2302/2-83212_04M39.JPG
morph_2303,morph,morph_2303/1-83329_02M21.JPG,morph_2303/2-83329_03M21.JPG
morph_2304,morph,morph_2304/1-83400_00F20.JPG,morph_2304/2-83400_02F21.JPG
morph_2305,morph,morph_2305/1-83610_00M23.JPG,morph_2305/2-83610_02M24.JPG
morph_2306,morph,morph_2306/1-83611_01M34.JPG,morph_2306/2-83611_05M35.JPG
morph_2307,morph,morph_2307/1-83707_01M43.JPG,morph_2307/2-83707_02M44.JPG
morph_2308,morph,morph_2308/1-83744_01M21.JPG,morph_2308/2-83744_02M23.JPG
morph_2309,morph,morph_2309/1-83771_01M38.JPG,morph_2309/2-83771_02M39.JPG
morph_231,morph,morph_231/1-5182_00M18.JPG,morph_231/2-5182_06M19.JPG
morph_2310,morph,morph_2310/1-83799_04M20.JPG,morph_2310/2-83799_16M22.JPG
morph_2311,morph,morph_2311/1-83802_01M19.JPG,morph_2311/2-83802_02M20.JPG
morph_2312,morph,morph_2312/1-83818_01M23.JPG,morph_2312/2-83818_06M24.JPG
morph_2313,morph,morph_2313/1-83874_00F44.JPG,morph_2313/2-83874_02F45.JPG
morph_2314,morph,morph_2314/1-83913_03M20.JPG,morph_2314/2-83913_04M20.JPG
morph_2315,morph,morph_2315/1-83928_00M48.JPG,morph_2315/2-83928_07M50.JPG
morph_2316,morph,morph_2316/1-84032_00M27.JPG,morph_2316/2-84032_01M27.JPG
morph_2317,morph,morph_2317/1-84037_01M30.JPG,morph_2317/2-84037_02M30.JPG
morph_2318,morph,morph_2318/1-84039_00M32.JPG,morph_2318/2-84039_03M32.JPG
morph_2319,morph,morph_2319/1-84118_06M19.JPG,morph_2319/2-84118_09M19.JPG
morph_232,morph,morph_232/1-5207_01M17.JPG,morph_232/2-5207_03M18.JPG
morph_2320,morph,morph_2320/1-84288_00M19.JPG,morph_2320/2-84288_02M20.JPG
morph_2321,morph,morph_2321/1-84327_00M19.JPG,morph_2321/2-84327_02M21.JPG
morph_2322,morph,morph_2322/1-84358_01M29.JPG,morph_2322/2-84358_03M29.JPG
morph_2323,morph,morph_2323/1-84374_02M25.JPG,morph_2323/2-84374_05M25.JPG
morph_2324,morph,morph_2324/1-84488_01M21.JPG,morph_2324/2-84488_02M22.JPG
morph_2325,morph,morph_2325/1-84495_01M21.JPG,morph_2325/2-84495_03M22.JPG
morph_2326,morph,morph_2326/1-84528_00M44.JPG,morph_2326/2-84528_01M46.JPG
morph_2327,morph,morph_2327/1-84541_01M35.JPG,morph_2327/2-84541_03M36.JPG
morph_2328,morph,morph_2328/1-84588_00F24.JPG,morph_2328/2-84588_02F25.JPG
morph_2329,morph,morph_2329/1-84592_01M29.JPG,morph_2329/2-84592_02M30.JPG
morph_233,morph,morph_233/1-5233_02M19.JPG,morph_233/2-5233_03M19.JPG
morph_2330,morph,morph_2330/1-84602_00M27.JPG,morph_2330/2-84602_02M28.JPG
morph_2331,morph,morph_2331/1-84679_02M24.JPG,morph_2331/2-84679_03M24.JPG
morph_2332,morph,morph_2332/1-84802_03M19.JPG,morph_2332/2-84802_08M20.JPG
morph_2333,morph,morph_2333/1-84970_02M19.JPG,morph_2333/2-84970_09M20.JPG
morph_2334,morph,morph_2334/1-84991_01M18.JPG,morph_2334/2-84991_04M20.JPG
morph_2335,morph,morph_2335/1-85039_02M19.JPG,morph_2335/2-85039_04M19.JPG
morph_2336,morph,morph_2336/1-85078_00M37.JPG,morph_2336/2-85078_02M39.JPG
morph_2337,morph,morph_2337/1-85223_02M26.JPG,morph_2337/2-85223_03M26.JPG
morph_2338,morph,morph_2338/1-85240_00M32.JPG,morph_2338/2-85240_01M33.JPG
morph_2339,morph,morph_2339/1-85321_00M23.JPG,morph_2339/2-85321_02M24.JPG
morph_234,morph,morph_234/1-5249_00F19.JPG,morph_234/2-5249_02F20.JPG
morph_2340,morph,morph_2340/1-85382_00M28.JPG,morph_2340/2-85382_02M28.JPG
morph_2341,morph,morph_2341/1-85438_00M19.JPG,morph_2341/2-85438_05M21.JPG
morph_2342,morph,morph_2342/1-85486_00M34.JPG,morph_2342/2-85486_03M36.JPG
morph_2343,morph,morph_2343/1-85530_04M19.JPG,morph_2343/2-85530_05M19.JPG
morph_2344,morph,morph_2344/1-85623_01M20.JPG,morph_2344/2-85623_06M21.JPG
morph_2345,morph,morph_2345/1-85676_00M28.JPG,morph_2345/2-85676_02M29.JPG
morph_2346,morph,morph_2346/1-85847_00M19.JPG,morph_2346/2-85847_09M20.JPG
morph_2347,morph,morph_2347/1-85882_02M51.JPG,morph_2347/2-85882_03M52.JPG
morph_2348,morph,morph_2348/1-85907_00F37.JPG,morph_2348/2-85907_01F39.JPG
morph_2349,morph,morph_2349/1-85989_00M33.JPG,morph_2349/2-85989_03M33.JPG
morph_235,morph,morph_235/1-5305_00M26.JPG,morph_235/2-5305_01M28.JPG
morph_2350,morph,morph_2350/1-86100_01M22.JPG,morph_2350/2-86100_03M22.JPG
morph_2351,morph,morph_2351/1-86103_09M21.JPG,morph_2351/2-86103_11M21.JPG
morph_2352,morph,morph_2352/1-86107_00M41.JPG,morph_2352/2-86107_02M41.JPG
morph_2353,morph,morph_2353/1-86309_00M28.JPG,morph_2353/2-86309_01M28.JPG
morph_2354,morph,morph_2354/1-86348_01M24.JPG,morph_2354/2-86348_03M24.JPG
morph_2355,morph,morph_2355/1-86365_00F28.JPG,morph_2355/2-86365_02F29.JPG
morph_2356,morph,morph_2356/1-86374_01M28.JPG,morph_2356/2-86374_02M28.JPG
morph_2357,morph,morph_2357/1-86476_00F30.JPG,morph_2357/2-86476_07F30.JPG
morph_2358,morph,morph_2358/1-86516_01M18.JPG,morph_2358/2-86516_05M21.JPG
morph_2359,morph,morph_2359/1-86540_00M22.JPG,morph_2359/2-86540_01M22.JPG
morph_236,morph,morph_236/1-5311_04F41.JPG,morph_236/2-5311_0F39.JPG
morph_2360,morph,morph_2360/1-86557_01M31.JPG,morph_2360/2-86557_02M31.JPG
morph_2361,morph,morph_2361/1-86581_01F55.JPG,morph_2361/2-86581_03F55.JPG
morph_2362,morph,morph_2362/1-86654_01M19.JPG,morph_2362/2-86654_04M21.JPG
morph_2363,morph,morph_2363/1-86657_00M22.JPG,morph_2363/2-86657_02M22.JPG
morph_2364,morph,morph_2364/1-86684_00M28.JPG,morph_2364/2-86684_01M28.JPG
morph_2365,morph,morph_2365/1-86747_06M29.JPG,morph_2365/2-86747_09M30.JPG
morph_2366,morph,morph_2366/1-86810_00M19.JPG,morph_2366/2-86810_02M20.JPG
morph_2367,morph,morph_2367/1-86817_01F23.JPG,morph_2367/2-86817_02F24.JPG
morph_2368,morph,morph_2368/1-86845_00F44.JPG,morph_2368/2-86845_01F44.JPG
morph_2369,morph,morph_2369/1-86968_03M42.JPG,morph_2369/2-86968_06M44.JPG
morph_237,morph,morph_237/1-5450_1M36.JPG,morph_237/2-5450_3M28.JPG
morph_2370,morph,morph_2370/1-87044_02M43.JPG,morph_2370/2-87044_04M44.JPG
morph_2371,morph,morph_2371/1-87131_01M44.JPG,morph_2371/2-87131_02M44.JPG
morph_2372,morph,morph_2372/1-87234_03M20.JPG,morph_2372/2-87234_04M20.JPG
morph_2373,morph,morph_2373/1-87235_05M22.JPG,morph_2373/2-87235_06M23.JPG
morph_2374,morph,morph_2374/1-87362_00M21.JPG,morph_2374/2-87362_01M21.JPG
morph_2375,morph,morph_2375/1-87564_00F27.JPG,morph_2375/2-87564_03F29.JPG
morph_2376,morph,morph_2376/1-87602_03M27.JPG,morph_2376/2-87602_08M28.JPG
morph_2377,morph,morph_2377/1-87657_00F33.JPG,morph_2377/2-87657_04F35.JPG
morph_2378,morph,morph_2378/1-87676_00M22.JPG,morph_2378/2-87676_02M23.JPG
morph_2379,morph,morph_2379/1-87697_02F21.JPG,morph_2379/2-87697_04F22.JPG
morph_238,morph,morph_238/1-5452_06M36.JPG,morph_238/2-5452_1M32.JPG
morph_2380,morph,morph_2380/1-88143_04M43.JPG,morph_2380/2-88143_07M43.JPG
morph_2381,morph,morph_2381/1-88152_12M21.JPG,morph_2381/2-88152_13M21.JPG
morph_2382,morph,morph_2382/1-88240_01F19.JPG,morph_2382/2-88240_02F21.JPG
morph_2383,morph,morph_2383/1-88313_00M29.JPG,morph_2383/2-88313_01M29.JPG
morph_2384,morph,morph_2384/1-88349_00M19.JPG,morph_2384/2-88349_01M19.JPG
morph_2385,morph,morph_2385/1-88355_00M26.JPG,morph_2385/2-88355_02M26.JPG
morph_2386,morph,morph_2386/1-88383_00M24.JPG,morph_2386/2-88383_01M25.JPG
morph_2387,morph,morph_2387/1-88437_00M28.JPG,morph_2387/2-88437_06M30.JPG
morph_2388,morph,morph_2388/1-88454_01M28.JPG,morph_2388/2-88454_04M30.JPG
morph_2389,morph,morph_2389/1-88522_02M38.JPG,morph_2389/2-88522_06M38.JPG
morph_239,morph,morph_239/1-5480_00M17.JPG,morph_239/2-5480_04M17.JPG
morph_2390,morph,morph_2390/1-88523_00M34.JPG,morph_2390/2-88523_02M34.JPG
morph_2391,morph,morph_2391/1-88533_03M19.JPG,morph_2391/2-88533_06M19.JPG
morph_2392,morph,morph_2392/1-88654_00M22.JPG,morph_2392/2-88654_02M24.JPG
morph_2393,morph,morph_2393/1-88667_03M33.JPG,morph_2393/2-88667_04M34.JPG
morph_2394,morph,morph_2394/1-88746_00M35.JPG,morph_2394/2-88746_09M35.JPG
morph_2395,morph,morph_2395/1-88820_00M20.JPG,morph_2395/2-88820_01M20.JPG
morph_2396,morph,morph_2396/1-88869_02M40.JPG,morph_2396/2-88869_13M41.JPG
morph_2397,morph,morph_2397/1-88901_01M35.JPG,morph_2397/2-88901_02M35.JPG
morph_2398,morph,morph_2398/1-88914_02M28.JPG,morph_2398/2-88914_06M29.JPG
morph_2399,morph,morph_2399/1-89026_00M29.JPG,morph_2399/2-89026_01M29.JPG
morph_24,morph,morph_24/1-612_01M35.JPG,morph_24/2-612_03M36.JPG
morph_240,morph,morph_240/1-5529_05M16.JPG,morph_240/2-5529_08M16.JPG
morph_2400,morph,morph_2400/1-89206_01M49.JPG,morph_2400/2-89206_03M49.JPG
morph_2401,morph,morph_2401/1-89207_00M20.JPG,morph_2401/2-89207_01M21.JPG
morph_2402,morph,morph_2402/1-89247_01M54.JPG,morph_2402/2-89247_02M54.JPG
morph_2403,morph,morph_2403/1-89278_00M29.JPG,morph_2403/2-89278_02M30.JPG
morph_2404,morph,morph_2404/1-89279_02M28.JPG,morph_2404/2-89279_03M29.JPG
morph_2405,morph,morph_2405/1-89319_00F19.JPG,morph_2405/2-89319_01F20.JPG
morph_2406,morph,morph_2406/1-89332_00M19.JPG,morph_2406/2-89332_02M20.JPG
morph_2407,morph,morph_2407/1-89402_03M35.JPG,morph_2407/2-89402_04M35.JPG
morph_2408,morph,morph_2408/1-89409_03M30.JPG,morph_2408/2-89409_04M30.JPG
morph_2409,morph,morph_2409/1-89448_01M43.JPG,morph_2409/2-89448_02M43.JPG
morph_241,morph,morph_241/1-5547_01M17.JPG,morph_241/2-5547_02M17.JPG
morph_2410,morph,morph_2410/1-89451_02M21.JPG,morph_2410/2-89451_05M22.JPG
morph_2411,morph,morph_2411/1-89457_00M31.JPG,morph_2411/2-89457_02M33.JPG
morph_2412,morph,morph_2412/1-89479_00F33.JPG,morph_2412/2-89479_07F34.JPG
morph_2413,morph,morph_2413/1-89486_04M38.JPG,morph_2413/2-89486_05M40.JPG
morph_2414,morph,morph_2414/1-89500_01M18.JPG,morph_2414/2-89500_02M20.JPG
morph_2415,morph,morph_2415/1-89632_00M27.JPG,morph_2415/2-89632_02M28.JPG
morph_2416,morph,morph_2416/1-89661_00M25.JPG,morph_2416/2-89661_03M27.JPG
morph_2417,morph,morph_2417/1-89684_00M18.JPG,morph_2417/2-89684_01M18.JPG
morph_2418,morph,morph_2418/1-89746_00M20.JPG,morph_2418/2-89746_01M20.JPG
morph_2419,morph,morph_2419/1-89754_04M20.JPG,morph_2419/2-89754_13M20.JPG
morph_242,morph,morph_242/1-5566_0M36.JPG,morph_242/2-5566_1M36.JPG
morph_2420,morph,morph_2420/1-89924_00M21.JPG,morph_2420/2-89924_02M22.JPG
morph_2421,morph,morph_2421/1-89959_02F20.JPG,morph_2421/2-89959_05F22.JPG
morph_2422,morph,morph_2422/1-90009_01M35.JPG,morph_2422/2-90009_02M36.JPG
morph_2423,morph,morph_2423/1-90024_00F35.JPG,morph_2423/2-90024_02F36.JPG
morph_2424,morph,morph_2424/1-90052_01M47.JPG,morph_2424/2-90052_03M47.JPG
morph_2425,morph,morph_2425/1-90132_01M22.JPG,morph_2425/2-90132_03M24.JPG
morph_2426,morph,morph_2426/1-90173_03M28.JPG,morph_2426/2-90173_10M29.JPG
morph_2427,morph,morph_2427/1-90182_06F23.JPG,morph_2427/2-90182_07F23.JPG
morph_2428,morph,morph_2428/1-90186_00M29.JPG,morph_2428/2-90186_02M29.JPG
morph_2429,morph,morph_2429/1-90202_02M19.JPG,morph_2429/2-90202_09M21.JPG
morph_243,morph,morph_243/1-5587_01M16.JPG,morph_243/2-5587_04M17.JPG
morph_2430,morph,morph_2430/1-90266_01M28.JPG,morph_2430/2-90266_04M29.JPG
morph_2431,morph,morph_2431/1-90275_00F18.JPG,morph_2431/2-90275_01F19.JPG
morph_2432,morph,morph_2432/1-90286_06M19.JPG,morph_2432/2-90286_07M19.JPG
morph_2433,morph,morph_2433/1-90387_02F31.JPG,morph_2433/2-90387_05F31.JPG
morph_2434,morph,morph_2434/1-90483_06M20.JPG,morph_2434/2-90483_08M20.JPG
morph_2435,morph,morph_2435/1-90523_00M23.JPG,morph_2435/2-90523_03M25.JPG
morph_2436,morph,morph_2436/1-90674_00M19.JPG,morph_2436/2-90674_01M19.JPG
morph_2437,morph,morph_2437/1-90686_02M29.JPG,morph_2437/2-90686_03M29.JPG
morph_2438,morph,morph_2438/1-90764_07M28.JPG,morph_2438/2-90764_08M29.JPG
morph_2439,morph,morph_2439/1-90775_01M42.JPG,morph_2439/2-90775_02M42.JPG
morph_244,morph,morph_244/1-5593_00M19.JPG,morph_244/2-5593_03M19.JPG
morph_2440,morph,morph_2440/1-90789_03M20.JPG,morph_2440/2-90789_04M20.JPG
morph_2441,morph,morph_2441/1-91087_00M25.JPG,morph_2441/2-91087_03M25.JPG
morph_2442,morph,morph_2442/1-91090_00M19.JPG,morph_2442/2-91090_01M19.JPG
morph_2443,morph,morph_2443/1-91187_00M28.JPG,morph_2443/2-91187_01M28.JPG
morph_2444,morph,morph_2444/1-91326_07M34.JPG,morph_2444/2-91326_09M35.JPG
morph_2445,morph,morph_2445/1-91341_02M25.JPG,morph_2445/2-91341_03M26.JPG
morph_2446,morph,morph_2446/1-91517_02M17.JPG,morph_2446/2-91517_04M18.JPG
morph_2447,morph,morph_2447/1-91548_07F37.JPG,morph_2447/2-91548_08F37.JPG
morph_2448,morph,morph_2448/1-91584_08M22.JPG,morph_2448/2-91584_10M23.JPG
morph_2449,morph,morph_2449/1-91585_00M19.JPG,morph_2449/2-91585_01M20.JPG
morph_245,morph,morph_245/1-5596_05M41.JPG,morph_245/2-5596_3M40.JPG
morph_2450,morph,morph_2450/1-91641_00F52.JPG,morph_2450/2-91641_01F52.JPG
morph_2451,morph,morph_2451/1-91694_01M37.JPG,morph_2451/2-91694_06M39.JPG
morph_2452,morph,morph_2452/1-91707_00M32.JPG,morph_2452/2-91707_01M32.JPG
morph_2453,morph,morph_2453/1-91770_04M28.JPG,morph_2453/2-91770_05M28.JPG
morph_2454,morph,morph_2454/1-91823_04M29.JPG,morph_2454/2-91823_07M29.JPG
morph_2455,morph,morph_2455/1-91933_01M19.JPG,morph_2455/2-91933_02M20.JPG
morph_2456,morph,morph_2456/1-92055_01M20.JPG,morph_2456/2-92055_02M21.JPG
morph_2457,morph,morph_2457/1-92149_00M18.JPG,morph_2457/2-92149_03M20.JPG
morph_2458,morph,morph_2458/1-92153_01M27.JPG,morph_2458/2-92153_03M29.JPG
morph_2459,morph,morph_2459/1-92166_02M22.JPG,morph_2459/2-92166_03M22.JPG
morph_246,morph,morph_246/1-5620_00M19.JPG,morph_246/2-5620_03M20.JPG
morph_2460,morph,morph_2460/1-92320_02M19.JPG,morph_2460/2-92320_04M20.JPG
morph_2461,morph,morph_2461/1-92485_01M18.JPG,morph_2461/2-92485_05M20.JPG
morph_2462,morph,morph_2462/1-92594_01M28.JPG,morph_2462/2-92594_05M29.JPG
morph_2463,morph,morph_2463/1-92612_01M27.JPG,morph_2463/2-92612_05M27.JPG
morph_2464,morph,morph_2464/1-92795_01M20.JPG,morph_2464/2-92795_02M20.JPG
morph_2465,morph,morph_2465/1-92880_01M36.JPG,morph_2465/2-92880_02M37.JPG
morph_2466,morph,morph_2466/1-92888_01M24.JPG,morph_2466/2-92888_02M25.JPG
morph_2467,morph,morph_2467/1-92921_04M20.JPG,morph_2467/2-92921_08M21.JPG
morph_2468,morph,morph_2468/1-92973_02M21.JPG,morph_2468/2-92973_05M23.JPG
morph_2469,morph,morph_2469/1-92975_00M24.JPG,morph_2469/2-92975_01M24.JPG
morph_247,morph,morph_247/1-5621_04M38.JPG,morph_247/2-5621_0M33.JPG
morph_2470,morph,morph_2470/1-93000_00M44.JPG,morph_2470/2-93000_05M45.JPG
morph_2471,morph,morph_2471/1-93013_00M42.JPG,morph_2471/2-93013_03M44.JPG
morph_2472,morph,morph_2472/1-93074_03M23.JPG,morph_2472/2-93074_05M23.JPG
morph_2473,morph,morph_2473/1-93094_00M22.JPG,morph_2473/2-93094_02M23.JPG
morph_2474,morph,morph_2474/1-93160_01M19.JPG,morph_2474/2-93160_02M21.JPG
morph_2475,morph,morph_2475/1-93174_00M43.JPG,morph_2475/2-93174_03M45.JPG
morph_2476,morph,morph_2476/1-93220_02M28.JPG,morph_2476/2-93220_03M29.JPG
morph_2477,morph,morph_2477/1-93228_00M25.JPG,morph_2477/2-93228_01M26.JPG
morph_2478,morph,morph_2478/1-93257_00M18.JPG,morph_2478/2-93257_05M19.JPG
morph_2479,morph,morph_2479/1-93294_00M28.JPG,morph_2479/2-93294_03M33.JPG
morph_248,morph,morph_248/1-5649_04F34.JPG,morph_248/2-5649_1F32.JPG
morph_2480,morph,morph_2480/1-93315_00M27.JPG,morph_2480/2-93315_02M28.JPG
morph_2481,morph,morph_2481/1-93365_00M21.JPG,morph_2481/2-93365_01M21.JPG
morph_2482,morph,morph_2482/1-93455_04M21.JPG,morph_2482/2-93455_07M21.JPG
morph_2483,morph,morph_2483/1-93556_00M19.JPG,morph_2483/2-93556_01M19.JPG
morph_2484,morph,morph_2484/1-93573_01M27.JPG,morph_2484/2-93573_03M27.JPG
morph_2485,morph,morph_2485/1-93581_00M18.JPG,morph_2485/2-93581_02M18.JPG
morph_2486,morph,morph_2486/1-93600_00F24.JPG,morph_2486/2-93600_02F25.JPG
morph_2487,morph,morph_2487/1-93625_03F23.JPG,morph_2487/2-93625_04F24.JPG
morph_2488,morph,morph_2488/1-93683_01M19.JPG,morph_2488/2-93683_02M19.JPG
morph_2489,morph,morph_2489/1-93750_00M19.JPG,morph_2489/2-93750_02M19.JPG
morph_249,morph,morph_249/1-5713_00M20.JPG,morph_249/2-5713_01M21.JPG
morph_2490,morph,morph_2490/1-93752_04M20.JPG,morph_2490/2-93752_07M20.JPG
morph_2491,morph,morph_2491/1-93756_00M25.JPG,morph_2491/2-93756_03M26.JPG
morph_2492,morph,morph_2492/1-93838_00M19.JPG,morph_2492/2-93838_04M19.JPG
morph_2493,morph,morph_2493/1-93874_00M19.JPG,morph_2493/2-93874_02M22.JPG
morph_2494,morph,morph_2494/1-93908_01M19.JPG,morph_2494/2-93908_02M20.JPG
morph_2495,morph,morph_2495/1-93918_01M41.JPG,morph_2495/2-93918_02M41.JPG
morph_2496,morph,morph_2496/1-93992_02F36.JPG,morph_2496/2-93992_03F36.JPG
morph_2497,morph,morph_2497/1-94051_01M28.JPG,morph_2497/2-94051_02M28.JPG
morph_2498,morph,morph_2498/1-94055_01M27.JPG,morph_2498/2-94055_05M29.JPG
morph_2499,morph,morph_2499/1-94059_03M28.JPG,morph_2499/2-94059_06M28.JPG
morph_25,morph,morph_25/1-616_02M37.JPG,morph_25/2-616_0M35.JPG
morph_250,morph,morph_250/1-5740_1M37.JPG,morph_250/2-5740_3M48.JPG
morph_2500,morph,morph_2500/1-94093_00M19.JPG,morph_2500/2-94093_04M21.JPG
morph_2501,morph,morph_2501/1-94135_00M19.JPG,morph_2501/2-94135_06M21.JPG
morph_2502,morph,morph_2502/1-94261_02M38.JPG,morph_2502/2-94261_09M39.JPG
morph_2503,morph,morph_2503/1-94390_00M47.JPG,morph_2503/2-94390_01M47.JPG
morph_2504,morph,morph_2504/1-94436_02F30.JPG,morph_2504/2-94436_08F31.JPG
morph_2505,morph,morph_2505/1-94540_08M19.JPG,morph_2505/2-94540_09M20.JPG
morph_2506,morph,morph_2506/1-94555_01M19.JPG,morph_2506/2-94555_02M19.JPG
morph_2507,morph,morph_2507/1-94572_00M27.JPG,morph_2507/2-94572_02M28.JPG
morph_2508,morph,morph_2508/1-94583_01M22.JPG,morph_2508/2-94583_05M23.JPG
morph_2509,morph,morph_2509/1-94603_01M36.JPG,morph_2509/2-94603_03M37.JPG
morph_251,morph,morph_251/1-5749_14M34.JPG,morph_251/2-5749_19M35.JPG
morph_2510,morph,morph_2510/1-94658_00F23.JPG,morph_2510/2-94658_03F25.JPG
morph_2511,morph,morph_2511/1-94712_02M44.JPG,morph_2511/2-94712_05M45.JPG
morph_2512,morph,morph_2512/1-94803_01M21.JPG,morph_2512/2-94803_02M22.JPG
morph_2513,morph,morph_2513/1-94852_03M19.JPG,morph_2513/2-94852_04M19.JPG
morph_2514,morph,morph_2514/1-94905_01F19.JPG,morph_2514/2-94905_02F19.JPG
morph_2515,morph,morph_2515/1-94918_00M18.JPG,morph_2515/2-94918_01M19.JPG
morph_252,morph,morph_252/1-5765_03M36.JPG,morph_252/2-5765_1M34.JPG
morph_253,morph,morph_253/1-5817_0M33.JPG,morph_253/2-5817_2M33.JPG
morph_254,morph,morph_254/1-5836_00M16.JPG,morph_254/2-5836_01M17.JPG
morph_255,morph,morph_255/1-5850_00F17.JPG,morph_255/2-5850_02F18.JPG
morph_256,morph,morph_256/1-5853_06M36.JPG,morph_256/2-5853_0M33.JPG
morph_257,morph,morph_257/1-5858_00M18.JPG,morph_257/2-5858_01M19.JPG
morph_258,morph,morph_258/1-5892_01M39.JPG,morph_258/2-5892_02M39.JPG
morph_259,morph,morph_259/1-5895_01M19.JPG,morph_259/2-5895_02M19.JPG
morph_26,morph,morph_26/1-663_00M17.JPG,morph_26/2-663_02M17.JPG
morph_260,morph,morph_260/1-5931_21M39.JPG,morph_260/2-5931_22M40.JPG
morph_261,morph,morph_261/1-5959_00F20.JPG,morph_261/2-5959_02F20.JPG
morph_262,morph,morph_262/1-6000_0M51.JPG,morph_262/2-6000_1M51.JPG
morph_263,morph,morph_263/1-6006_00M17.JPG,morph_263/2-6006_01M17.JPG
morph_264,morph,morph_264/1-6025_03F26.JPG,morph_264/2-6025_04F26.JPG
morph_265,morph,morph_265/1-6043_01M29.JPG,morph_265/2-6043_03M29.JPG
morph_266,morph,morph_266/1-6046_00M16.JPG,morph_266/2-6046_01M16.JPG
morph_267,morph,morph_267/1-6059_01F18.JPG,morph_267/2-6059_02F19.JPG
morph_268,morph,morph_268/1-6133_00M29.JPG,morph_268/2-6133_01M30.JPG
morph_269,morph,morph_269/1-6162_02F19.JPG,morph_269/2-6162_09F19.JPG
morph_27,morph,morph_27/1-668_0M35.JPG,morph_27/2-668_4M36.JPG
morph_270,morph,morph_270/1-6189_00M16.JPG,morph_270/2-6189_05M17.JPG
morph_271,morph,morph_271/1-6225_00M55.JPG,morph_271/2-6225_01M55.JPG
morph_272,morph,morph_272/1-6227_06M44.JPG,morph_272/2-6227_0M38.JPG
morph_273,morph,morph_273/1-6305_00M20.JPG,morph_273/2-6305_02M21.JPG
morph_274,morph,morph_274/1-6381_00M22.JPG,morph_274/2-6381_02M23.JPG
morph_275,morph,morph_275/1-6442_02M18.JPG,morph_275/2-6442_03M19.JPG
morph_276,morph,morph_276/1-6448_01M16.JPG,morph_276/2-6448_02M16.JPG
morph_277,morph,morph_277/1-6554_01M17.JPG,morph_277/2-6554_02M17.JPG
morph_278,morph,morph_278/1-6556_00M16.JPG,morph_278/2-6556_02M17.JPG
morph_279,morph,morph_279/1-6558_01M39.JPG,morph_279/2-6558_03M40.JPG
morph_28,morph,morph_28/1-670_01M31.JPG,morph_28/2-670_02M31.JPG
morph_280,morph,morph_280/1-6559_00M52.JPG,morph_280/2-6559_01M52.JPG
morph_281,morph,morph_281/1-6563_05M18.JPG,morph_281/2-6563_06M18.JPG
morph_282,morph,morph_282/1-6572_01M17.JPG,morph_282/2-6572_02M18.JPG
morph_283,morph,morph_283/1-6582_1M40.JPG,morph_283/2-6582_2M40.JPG
morph_284,morph,morph_284/1-6636_00M39.JPG,morph_284/2-6636_02M40.JPG
morph_285,morph,morph_285/1-6650_00M16.JPG,morph_285/2-6650_02M16.JPG
morph_286,morph,morph_286/1-6684_0M37.JPG,morph_286/2-6684_1M37.JPG
morph_287,morph,morph_287/1-6722_01M20.JPG,morph_287/2-6722_02M20.JPG
morph_288,morph,morph_288/1-6727_00F38.JPG,morph_288/2-6727_02F39.JPG
morph_289,morph,morph_289/1-6747_00M26.JPG,morph_289/2-6747_02M28.JPG
morph_29,morph,morph_29/1-685_00M16.JPG,morph_29/2-685_02M17.JPG
morph_290,morph,morph_290/1-6793_00F26.JPG,morph_290/2-6793_02F27.JPG
morph_291,morph,morph_291/1-6796_01M28.JPG,morph_291/2-6796_03M28.JPG
morph_292,morph,morph_292/1-6797_00F27.JPG,morph_292/2-6797_03F28.JPG
morph_293,morph,morph_293/1-6805_10M35.JPG,morph_293/2-6805_4M34.JPG
morph_294,morph,morph_294/1-6857_00F43.JPG,morph_294/2-6857_01F43.JPG
morph_295,morph,morph_295/1-6930_00F17.JPG,morph_295/2-6930_02F17.JPG
morph_296,morph,morph_296/1-6959_00M18.JPG,morph_296/2-6959_01M19.JPG
morph_297,morph,morph_297/1-7002_00M16.JPG,morph_297/2-7002_02M17.JPG
morph_298,morph,morph_298/1-7009_00M39.JPG,morph_298/2-7009_04M41.JPG
morph_299,morph,morph_299/1-7017_11M36.JPG,morph_299/2-7017_4M35.JPG
morph_3,morph,morph_3/1-57_01M26.JPG,morph_3/2-57_02M26.JPG
morph_30,morph,morph_30/1-690_00F21.JPG,morph_30/2-690_03F22.JPG
morph_300,morph,morph_300/1-7042_00M22.JPG,morph_300/2-7042_01M22.JPG
morph_301,morph,morph_301/1-7055_00M21.JPG,morph_301/2-7055_01M21.JPG
morph_302,morph,morph_302/1-7111_03M36.JPG,morph_302/2-7111_04M36.JPG
morph_303,morph,morph_303/1-7146_02F30.JPG,morph_303/2-7146_03F30.JPG
morph_304,morph,morph_304/1-7147_01M24.JPG,morph_304/2-7147_02M24.JPG
morph_305,morph,morph_305/1-7252_01M17.JPG,morph_305/2-7252_07M18.JPG
morph_306,morph,morph_306/1-7258_0M37.JPG,morph_306/2-7258_1M38.JPG
morph_307,morph,morph_307/1-7324_01M30.JPG,morph_307/2-7324_02M30.JPG
morph_308,morph,morph_308/1-7326_09F50.JPG,morph_308/2-7326_0F46.JPG
morph_309,morph,morph_309/1-7343_05M37.JPG,morph_309/2-7343_0M34.JPG
morph_31,morph,morph_31/1-691_01M49.JPG,morph_31/2-691_02M49.JPG
morph_310,morph,morph_310/1-7348_00M25.JPG,morph_310/2-7348_06M26.JPG
morph_311,morph,morph_311/1-7377_01M22.JPG,morph_311/2-7377_05M23.JPG
morph_312,morph,morph_312/1-7425_07M35.JPG,morph_312/2-7425_0M32.JPG
morph_313,morph,morph_313/1-7435_00M17.JPG,morph_313/2-7435_01M17.JPG
morph_314,morph,morph_314/1-7484_00M16.JPG,morph_314/2-7484_02M16.JPG
morph_315,morph,morph_315/1-7503_02M16.JPG,morph_315/2-7503_03M16.JPG
morph_316,morph,morph_316/1-7508_00M31.JPG,morph_316/2-7508_02M26.JPG
morph_317,morph,morph_317/1-7524_05M35.JPG,morph_317/2-7524_0M31.JPG
morph_319,morph,morph_319/1-7599_00F20.JPG,morph_319/2-7599_01F20.JPG
morph_32,morph,morph_32/1-733_1M33.JPG,morph_32/2-733_3M33.JPG
morph_320,morph,morph_320/1-7632_00M18.JPG,morph_320/2-7632_01M19.JPG
morph_321,morph,morph_321/1-7662_00M19.JPG,morph_321/2-7662_09M19.JPG
morph_322,morph,morph_322/1-7697_10F35.JPG,morph_322/2-7697_11F35.JPG
morph_323,morph,morph_323/1-7701_00M23.JPG,morph_323/2-7701_01M25.JPG
morph_324,morph,morph_324/1-7734_02F18.JPG,morph_324/2-7734_03F19.JPG
morph_325,morph,morph_325/1-7737_00M20.JPG,morph_325/2-7737_01M20.JPG
morph_326,morph,morph_326/1-7751_07M37.JPG,morph_326/2-7751_08M37.JPG
morph_327,morph,morph_327/1-7755_00M17.JPG,morph_327/2-7755_02M17.JPG
morph_328,morph,morph_328/1-7757_16M49.JPG,morph_328/2-7757_19M50.JPG
morph_329,morph,morph_329/1-7789_01M35.JPG,morph_329/2-7789_02M36.JPG
morph_33,morph,morph_33/1-751_03M35.JPG,morph_33/2-751_05M35.JPG
morph_330,morph,morph_330/1-7805_02M30.JPG,morph_330/2-7805_03M30.JPG
morph_331,morph,morph_331/1-7808_08M34.JPG,morph_331/2-7808_3M32.JPG
morph_332,morph,morph_332/1-7833_00M16.JPG,morph_332/2-7833_02M17.JPG
morph_333,morph,morph_333/1-7843_1M46.JPG,morph_333/2-7843_5M46.JPG
morph_334,morph,morph_334/1-7844_01M27.JPG,morph_334/2-7844_02M27.JPG
morph_335,morph,morph_335/1-7899_05M38.JPG,morph_335/2-7899_06M39.JPG
morph_336,morph,morph_336/1-7914_04M17.JPG,morph_336/2-7914_07M17.JPG
morph_337,morph,morph_337/1-7962_03F35.JPG,morph_337/2-7962_04F35.JPG
morph_338,morph,morph_338/1-7986_01M16.JPG,morph_338/2-7986_02M16.JPG
morph_339,morph,morph_339/1-7999_01M16.JPG,morph_339/2-7999_03M16.JPG
morph_34,morph,morph_34/1-785_00M26.JPG,morph_34/2-785_04M27.JPG
morph_340,morph,morph_340/1-8009_01M17.JPG,morph_340/2-8009_02M18.JPG
morph_341,morph,morph_341/1-8013_06M34.JPG,morph_341/2-8013_3M31.JPG
morph_342,morph,morph_342/1-8025_01F39.JPG,morph_342/2-8025_02F40.JPG
morph_343,morph,morph_343/1-8063_01F22.JPG,morph_343/2-8063_02F22.JPG
morph_344,morph,morph_344/1-8078_00M23.JPG,morph_344/2-8078_02M23.JPG
morph_345,morph,morph_345/1-8097_01M24.JPG,morph_345/2-8097_02M24.JPG
morph_346,morph,morph_346/1-8112_03M47.JPG,morph_346/2-8112_0M45.JPG
morph_347,morph,morph_347/1-8151_3M32.JPG,morph_347/2-8151_8M33.JPG
morph_348,morph,morph_348/1-8198_08M41.JPG,morph_348/2-8198_0M37.JPG
morph_349,morph,morph_349/1-8204_07F41.JPG,morph_349/2-8204_1F37.JPG
morph_35,morph,morph_35/1-788_00M17.JPG,morph_35/2-788_05M18.JPG
morph_350,morph,morph_350/1-8216_00M16.JPG,morph_350/2-8216_01M17.JPG
morph_351,morph,morph_351/1-8230_00M24.JPG,morph_351/2-8230_02M25.JPG
morph_352,morph,morph_352/1-8233_00M24.JPG,morph_352/2-8233_04M26.JPG
morph_353,morph,morph_353/1-8332_00M16.JPG,morph_353/2-8332_01M17.JPG
morph_354,morph,morph_354/1-8347_01M22.JPG,morph_354/2-8347_02M22.JPG
morph_355,morph,morph_355/1-8366_04M17.JPG,morph_355/2-8366_05M17.JPG
morph_356,morph,morph_356/1-8377_04M35.JPG,morph_356/2-8377_05M36.JPG
morph_357,morph,morph_357/1-8390_03M23.JPG,morph_357/2-8390_04M23.JPG
morph_358,morph,morph_358/1-8424_03M25.JPG,morph_358/2-8424_06M25.JPG
morph_359,morph,morph_359/1-8453_01M17.JPG,morph_359/2-8453_02M17.JPG
morph_36,morph,morph_36/1-809_01F26.JPG,morph_36/2-809_02F27.JPG
morph_360,morph,morph_360/1-8507_01F26.JPG,morph_360/2-8507_02F26.JPG
morph_361,morph,morph_361/1-8510_0M41.JPG,morph_361/2-8510_1M41.JPG
morph_362,morph,morph_362/1-8533_00M25.JPG,morph_362/2-8533_02M26.JPG
morph_363,morph,morph_363/1-8543_00M34.JPG,morph_363/2-8543_02M34.JPG
morph_364,morph,morph_364/1-8578_00F21.JPG,morph_364/2-8578_01F21.JPG
morph_365,morph,morph_365/1-8605_0M31.JPG,morph_365/2-8605_3M33.JPG
morph_366,morph,morph_366/1-8784_01F16.JPG,morph_366/2-8784_04F16.JPG
morph_367,morph,morph_367/1-8804_00M26.JPG,morph_367/2-8804_01M26.JPG
morph_368,morph,morph_368/1-8843_0M35.JPG,morph_368/2-8843_3M37.JPG
morph_369,morph,morph_369/1-8856_07M37.JPG,morph_369/2-8856_3M36.JPG
morph_37,morph,morph_37/1-827_02M17.JPG,morph_37/2-827_03M18.JPG
morph_370,morph,morph_370/1-8876_00M16.JPG,morph_370/2-8876_01M16.JPG
morph_371,morph,morph_371/1-8878_1M52.JPG,morph_371/2-8878_4M53.JPG
morph_372,morph,morph_372/1-8881_1M39.JPG,morph_372/2-8881_6M41.JPG
morph_373,morph,morph_373/1-9007_00F17.JPG,morph_373/2-9007_01M23.JPG
morph_374,morph,morph_374/1-9027_0M37.JPG,morph_374/2-9027_1M37.JPG
morph_375,morph,morph_375/1-9029_04M25.JPG,morph_375/2-9029_05M25.JPG
morph_376,morph,morph_376/1-9042_08M47.JPG,morph_376/2-9042_09M47.JPG
morph_377,morph,morph_377/1-9081_0M42.JPG,morph_377/2-9081_2M42.JPG
morph_378,morph,morph_378/1-9082_02M24.JPG,morph_378/2-9082_03M25.JPG
morph_379,morph,morph_379/1-9089_00M17.JPG,morph_379/2-9089_0F43.JPG
morph_38,morph,morph_38/1-854_04M53.JPG,morph_38/2-854_17M54.JPG
morph_380,morph,morph_380/1-9107_0M47.JPG,morph_380/2-9107_2M47.JPG
morph_381,morph,morph_381/1-9132_03M35.JPG,morph_381/2-9132_1M32.JPG
morph_382,morph,morph_382/1-9223_01M25.JPG,morph_382/2-9223_04M25.JPG
morph_383,morph,morph_383/1-9248_01F25.JPG,morph_383/2-9248_02F25.JPG
morph_384,morph,morph_384/1-9287_1M46.JPG,morph_384/2-9287_2M46.JPG
morph_385,morph,morph_385/1-9338_1M31.JPG,morph_385/2-9338_2M34.JPG
morph_386,morph,morph_386/1-9373_04M36.JPG,morph_386/2-9373_07M36.JPG
morph_387,morph,morph_387/1-9392_16M33.JPG,morph_387/2-9392_28M36.JPG
morph_388,morph,morph_388/1-9401_2M36.JPG,morph_388/2-9401_4M38.JPG
morph_389,morph,morph_389/1-9419_03M34.JPG,morph_389/2-9419_2M33.JPG
morph_39,morph,morph_39/1-873_00M21.JPG,morph_39/2-873_02M22.JPG
morph_390,morph,morph_390/1-9481_18M38.JPG,morph_390/2-9481_5M35.JPG
morph_391,morph,morph_391/1-9631_03M24.JPG,morph_391/2-9631_05M25.JPG
morph_392,morph,morph_392/1-9733_00M24.JPG,morph_392/2-9733_05M24.JPG
morph_393,morph,morph_393/1-9835_02M33.JPG,morph_393/2-9835_04M34.JPG
morph_394,morph,morph_394/1-9893_2M55.JPG,morph_394/2-9893_35M50.JPG
morph_395,morph,morph_395/1-9948_00M24.JPG,morph_395/2-9948_03M25.JPG
morph_396,morph,morph_396/1-00013_01M19.JPG,morph_396/2-00013_02M19.JPG
morph_397,morph,morph_397/1-00022_03M19.JPG,morph_397/2-00022_04M20.JPG
morph_398,morph,morph_398/1-00027_00M30.JPG,morph_398/2-00027_01M30.JPG
morph_399,morph,morph_399/1-00033_00F17.JPG,morph_399/2-00033_02F19.JPG
morph_4,morph,morph_4/1-58_02M42.JPG,morph_4/2-58_04M42.JPG
morph_40,morph,morph_40/1-901_02F37.JPG,morph_40/2-901_0F37.JPG
morph_400,morph,morph_400/1-00073_00M40.JPG,morph_400/2-00073_01M40.JPG
morph_401,morph,morph_401/1-00111_03M41.JPG,morph_401/2-00111_06M41.JPG
morph_402,morph,morph_402/1-00144_02M35.JPG,morph_402/2-00144_04M37.JPG
morph_403,morph,morph_403/1-00217_00M19.JPG,morph_403/2-00217_01M20.JPG
morph_404,morph,morph_404/1-00222_0F38.JPG,morph_404/2-00222_1F39.JPG
morph_405,morph,morph_405/1-00242_04M18.JPG,morph_405/2-00242_06M19.JPG
morph_406,morph,morph_406/1-00243_01M25.JPG,morph_406/2-00243_02M25.JPG
morph_407,morph,morph_407/1-00260_01M23.JPG,morph_407/2-00260_03M23.JPG
morph_408,morph,morph_408/1-00281_1M50.JPG,morph_408/2-00281_2M51.JPG
morph_409,morph,morph_409/1-00308_02M36.JPG,morph_409/2-00308_04M37.JPG
morph_41,morph,morph_41/1-944_00M30.JPG,morph_41/2-944_02M30.JPG
morph_410,morph,morph_410/1-00333_01F42.JPG,morph_410/2-00333_02F43.JPG
morph_411,morph,morph_411/1-00370_0M35.JPG,morph_411/2-00370_1M35.JPG
morph_412,morph,morph_412/1-00423_07M54.JPG,morph_412/2-00423_3M42.JPG
morph_413,morph,morph_413/1-00457_0F36.JPG,morph_413/2-00457_1F37.JPG
morph_414,morph,morph_414/1-00553_04F44.JPG,morph_414/2-00553_0F40.JPG
morph_415,morph,morph_415/1-00581_00M18.JPG,morph_415/2-00581_01M18.JPG
morph_416,morph,morph_416/1-00653_01M19.JPG,morph_416/2-00653_02M19.JPG
morph_417,morph,morph_417/1-00730_01M20.JPG,morph_417/2-00730_02M20.JPG
morph_418,morph,morph_418/1-00744_12M36.JPG,morph_418/2-00744_24M39.JPG
morph_419,morph,morph_419/1-00761_00M24.JPG,morph_419/2-00761_04M26.JPG
morph_42,morph,morph_42/1-0007_01M16.JPG,morph_42/2-0007_04M17.JPG
morph_420,morph,morph_420/1-00796_05M26.JPG,morph_420/2-00796_06M27.JPG
morph_421,morph,morph_421/1-00837_06F45.JPG,morph_421/2-00837_10F46.JPG
morph_422,morph,morph_422/1-00849_00M41.JPG,morph_422/2-00849_05M43.JPG
morph_423,morph,morph_423/1-00872_00F17.JPG,morph_423/2-00872_01F18.JPG
morph_424,morph,morph_424/1-00881_01M27.JPG,morph_424/2-00881_03M28.JPG
morph_425,morph,morph_425/1-00895_07M35.JPG,morph_425/2-00895_6M34.JPG
morph_426,morph,morph_426/1-00902_0M33.JPG,morph_426/2-00902_11M35.JPG
morph_427,morph,morph_427/1-00948_02F32.JPG,morph_427/2-00948_03F32.JPG
morph_428,morph,morph_428/1-00978_12M36.JPG,morph_428/2-00978_8M35.JPG
morph_429,morph,morph_429/1-01005_00M27.JPG,morph_429/2-01005_03M28.JPG
morph_43,morph,morph_43/1-0054_05M45.JPG,morph_43/2-0054_3M43.JPG
morph_430,morph,morph_430/1-01015_00M42.JPG,morph_430/2-01015_02M43.JPG
morph_431,morph,morph_431/1-01081_01M26.JPG,morph_431/2-01081_04M27.JPG
morph_432,morph,morph_432/1-01083_02M26.JPG,morph_432/2-01083_04M27.JPG
morph_433,morph,morph_433/1-01092_00M18.JPG,morph_433/2-01092_02M20.JPG
morph_434,morph,morph_434/1-01145_07M43.JPG,morph_434/2-01145_2M40.JPG
morph_435,morph,morph_435/1-01157_1F38.JPG,morph_435/2-01157_3F39.JPG
morph_436,morph,morph_436/1-01204_00M30.JPG,morph_436/2-01204_01M30.JPG
morph_437,morph,morph_437/1-01221_02M30.JPG,morph_437/2-01221_03M30.JPG
morph_438,morph,morph_438/1-01239_02M26.JPG,morph_438/2-01239_06M27.JPG
morph_439,morph,morph_439/1-01322_04M26.JPG,morph_439/2-01322_06M26.JPG
morph_44,morph,morph_44/1-0068_03M17.JPG,morph_44/2-0068_05M18.JPG
morph_440,morph,morph_440/1-01345_02M30.JPG,morph_440/2-01345_03M32.JPG
morph_441,morph,morph_441/1-01347_01M44.JPG,morph_441/2-01347_02M45.JPG
morph_442,morph,morph_442/1-01505_04M28.JPG,morph_442/2-01505_05M28.JPG
morph_443,morph,morph_443/1-01523_03M21.JPG,morph_443/2-01523_05M21.JPG
morph_444,morph,morph_444/1-01561_00M42.JPG,morph_444/2-01561_01M42.JPG
morph_445,morph,morph_445/1-01566_02M27.JPG,morph_445/2-01566_03M28.JPG
morph_446,morph,morph_446/1-01572_02M19.JPG,morph_446/2-01572_03M19.JPG
morph_447,morph,morph_447/1-01591_00M18.JPG,morph_447/2-01591_02M20.JPG
morph_448,morph,morph_448/1-01594_01M18.JPG,morph_448/2-01594_02M18.JPG
morph_449,morph,morph_449/1-01614_10F30.JPG,morph_449/2-01614_12F30.JPG
morph_45,morph,morph_45/1-0074_00M21.JPG,morph_45/2-0074_02M22.JPG
morph_450,morph,morph_450/1-01627_03F39.JPG,morph_450/2-01627_06F40.JPG
morph_451,morph,morph_451/1-01680_15F33.JPG,morph_451/2-01680_17F34.JPG
morph_452,morph,morph_452/1-01741_01M36.JPG,morph_452/2-01741_02M36.JPG
morph_453,morph,morph_453/1-01755_00M22.JPG,morph_453/2-01755_03M23.JPG
morph_454,morph,morph_454/1-01761_02F27.JPG,morph_454/2-01761_05F28.JPG
morph_455,morph,morph_455/1-01817_06M27.JPG,morph_455/2-01817_09M27.JPG
morph_456,morph,morph_456/1-01893_03M26.JPG,morph_456/2-01893_06M27.JPG
morph_457,morph,morph_457/1-01894_00M17.JPG,morph_457/2-01894_02M18.JPG
morph_458,morph,morph_458/1-02013_06M41.JPG,morph_458/2-02013_0M38.JPG
morph_459,morph,morph_459/1-02020_00M17.JPG,morph_459/2-02020_01M17.JPG
morph_46,morph,morph_46/1-0075_01M18.JPG,morph_46/2-0075_03M18.JPG
morph_460,morph,morph_460/1-02023_00M26.JPG,morph_460/2-02023_03M27.JPG
morph_461,morph,morph_461/1-02044_08M37.JPG,morph_461/2-02044_3M35.JPG
morph_462,morph,morph_462/1-02045_01M26.JPG,morph_462/2-02045_14M27.JPG
morph_463,morph,morph_463/1-02056_02M27.JPG,morph_463/2-02056_03M28.JPG
morph_464,morph,morph_464/1-02100_00M36.JPG,morph_464/2-02100_06M38.JPG
morph_465,morph,morph_465/1-02108_03M23.JPG,morph_465/2-02108_06M24.JPG
morph_466,morph,morph_466/1-02128_00M17.JPG,morph_466/2-02128_06M18.JPG
morph_467,morph,morph_467/1-02129_01M35.JPG,morph_467/2-02129_04M36.JPG
morph_468,morph,morph_468/1-02140_02F27.JPG,morph_468/2-02140_04F27.JPG
morph_469,morph,morph_469/1-02146_02M43.JPG,morph_469/2-02146_0M40.JPG
morph_47,morph,morph_47/1-0089_01F38.JPG,morph_47/2-0089_03F38.JPG
morph_470,morph,morph_470/1-02168_05M43.JPG,morph_470/2-02168_4M42.JPG
morph_471,morph,morph_471/1-02178_01M47.JPG,morph_471/2-02178_1M60.JPG
morph_472,morph,morph_472/1-02183_02M26.JPG,morph_472/2-02183_07M27.JPG
morph_473,morph,morph_473/1-02186_01M18.JPG,morph_473/2-02186_02M20.JPG
morph_474,morph,morph_474/1-02195_02M41.JPG,morph_474/2-02195_04M42.JPG
morph_475,morph,morph_475/1-02199_00F20.JPG,morph_475/2-02199_01F20.JPG
morph_476,morph,morph_476/1-02218_00M27.JPG,morph_476/2-02218_01M27.JPG
morph_477,morph,morph_477/1-02265_05M21.JPG,morph_477/2-02265_08M21.JPG
morph_478,morph,morph_478/1-02284_00M19.JPG,morph_478/2-02284_01M21.JPG
morph_479,morph,morph_479/1-02295_6M34.JPG,morph_479/2-02295_7M35.JPG
morph_48,morph,morph_48/1-0092_00F24.JPG,morph_48/2-0092_01F27.JPG
morph_480,morph,morph_480/1-02314_00M19.JPG,morph_480/2-02314_01M20.JPG
morph_481,morph,morph_481/1-02319_00M17.JPG,morph_481/2-02319_02M18.JPG
morph_482,morph,morph_482/1-02335_01M45.JPG,morph_482/2-02335_02M45.JPG
morph_483,morph,morph_483/1-02380_00F44.JPG,morph_483/2-02380_01F45.JPG
morph_484,morph,morph_484/1-02400_02M18.JPG,morph_484/2-02400_05M18.JPG
morph_485,morph,morph_485/1-02434_00M18.JPG,morph_485/2-02434_03M19.JPG
morph_486,morph,morph_486/1-02493_09F44.JPG,morph_486/2-02493_3F42.JPG
morph_487,morph,morph_487/1-02496_00M33.JPG,morph_487/2-02496_01M35.JPG
morph_488,morph,morph_488/1-02531_3F33.JPG,morph_488/2-02531_6F33.JPG
morph_489,morph,morph_489/1-02596_09M35.JPG,morph_489/2-02596_4M34.JPG
morph_49,morph,morph_49/1-0122_00F30.JPG,morph_49/2-0122_01F30.JPG
morph_490,morph,morph_490/1-02609_0M41.JPG,morph_490/2-02609_2M43.JPG
morph_491,morph,morph_491/1-02616_00M26.JPG,morph_491/2-02616_01M27.JPG
morph_492,morph,morph_492/1-02636_02M40.JPG,morph_492/2-02636_03M40.JPG
morph_493,morph,morph_493/1-02648_0M42.JPG,morph_493/2-02648_1M42.JPG
morph_494,morph,morph_494/1-02669_02M48.JPG,morph_494/2-02669_0M47.JPG
morph_495,morph,morph_495/1-02675_00M20.JPG,morph_495/2-02675_01M20.JPG
morph_496,morph,morph_496/1-02701_08M46.JPG,morph_496/2-02701_09M48.JPG
morph_497,morph,morph_497/1-02707_01M29.JPG,morph_497/2-02707_02M30.JPG
morph_498,morph,morph_498/1-02738_05M41.JPG,morph_498/2-02738_06M41.JPG
morph_499,morph,morph_499/1-02748_00M50.JPG,morph_499/2-02748_01M50.JPG
morph_5,morph,morph_5/1-82_00M18.JPG,morph_5/2-82_01M18.JPG
morph_50,morph,morph_50/1-0137_1M33.JPG,morph_50/2-0137_5M34.JPG
morph_500,morph,morph_500/1-02807_03M26.JPG,morph_500/2-02807_04M26.JPG
morph_501,morph,morph_501/1-02843_03M35.JPG,morph_501/2-02843_04M35.JPG
morph_502,morph,morph_502/1-02858_1M42.JPG,morph_502/2-02858_2M43.JPG
morph_503,morph,morph_503/1-02863_0M33.JPG,morph_503/2-02863_2M34.JPG
morph_504,morph,morph_504/1-02878_00M29.JPG,morph_504/2-02878_02M29.JPG
morph_505,morph,morph_505/1-02885_01M18.JPG,morph_505/2-02885_03M19.JPG
morph_506,morph,morph_506/1-02909_0M44.JPG,morph_506/2-02909_1M45.JPG
morph_507,morph,morph_507/1-02953_03F28.JPG,morph_507/2-02953_05F28.JPG
morph_508,morph,morph_508/1-02985_01M18.JPG,morph_508/2-02985_02M19.JPG
morph_509,morph,morph_509/1-03007_01F30.JPG,morph_509/2-03007_02F30.JPG
morph_51,morph,morph_51/1-0142_05M40.JPG,morph_51/2-0142_3M39.JPG
morph_510,morph,morph_510/1-03025_00M18.JPG,morph_510/2-03025_04M18.JPG
morph_511,morph,morph_511/1-03029_06M37.JPG,morph_511/2-03029_1M34.JPG
morph_512,morph,morph_512/1-03061_07M39.JPG,morph_512/2-03061_1M36.JPG
morph_513,morph,morph_513/1-03156_01M19.JPG,morph_513/2-03156_03M19.JPG
morph_514,morph,morph_514/1-03193_00M28.JPG,morph_514/2-03193_02M29.JPG
morph_515,morph,morph_515/1-03206_00M24.JPG,morph_515/2-03206_01M25.JPG
morph_516,morph,morph_516/1-03220_00M52.JPG,morph_516/2-03220_07M53.JPG
morph_517,morph,morph_517/1-03243_10M41.JPG,morph_517/2-03243_6M38.JPG
morph_518,morph,morph_518/1-03343_09M35.JPG,morph_518/2-03343_1M32.JPG
morph_519,morph,morph_519/1-03353_00M22.JPG,morph_519/2-03353_01M22.JPG
morph_52,morph,morph_52/1-0166_00M42.JPG,morph_52/2-0166_01M43.JPG
morph_520,morph,morph_520/1-03361_00M21.JPG,morph_520/2-03361_02M22.JPG
morph_521,morph,morph_521/1-03379_02M46.JPG,morph_521/2-03379_1M42.JPG
morph_522,morph,morph_522/1-03385_00M20.JPG,morph_522/2-03385_01M20.JPG
morph_524,morph,morph_524/1-03396_00M20.JPG,morph_524/2-03396_01M21.JPG
morph_525,morph,morph_525/1-03409_00M29.JPG,morph_525/2-03409_01M30.JPG
morph_526,morph,morph_526/1-03477_03M23.JPG,morph_526/2-03477_06M23.JPG
morph_527,morph,morph_527/1-03495_03M41.JPG,morph_527/2-03495_10M43.JPG
morph_528,morph,morph_528/1-03538_00M26.JPG,morph_528/2-03538_01M26.JPG
morph_529,morph,morph_529/1-03541_0M34.JPG,morph_529/2-03541_2M35.JPG
morph_53,morph,morph_53/1-0170_0F33.JPG,morph_53/2-0170_3F34.JPG
morph_530,morph,morph_530/1-03619_03M40.JPG,morph_530/2-03619_1M37.JPG
morph_531,morph,morph_531/1-03655_00F32.JPG,morph_531/2-03655_01F33.JPG
morph_532,morph,morph_532/1-03664_5F35.JPG,morph_532/2-03664_6F35.JPG
morph_533,morph,morph_533/1-03696_00M22.JPG,morph_533/2-03696_04M23.JPG
morph_534,morph,morph_534/1-03712_00M29.JPG,morph_534/2-03712_03M31.JPG
morph_535,morph,morph_535/1-03729_00M18.JPG,morph_535/2-03729_05M19.JPG
morph_536,morph,morph_536/1-03743_3M37.JPG,morph_536/2-03743_5M38.JPG
morph_537,morph,morph_537/1-03795_03M39.JPG,morph_537/2-03795_1M36.JPG
morph_538,morph,morph_538/1-03800_09M19.JPG,morph_538/2-03800_10M19.JPG
morph_539,morph,morph_539/1-03815_02M17.JPG,morph_539/2-03815_07M19.JPG
morph_54,morph,morph_54/1-0221_00M24.JPG,morph_54/2-0221_01M24.JPG
morph_540,morph,morph_540/1-03832_01M27.JPG,morph_540/2-03832_02M28.JPG
morph_541,morph,morph_541/1-03957_01F37.JPG,morph_541/2-03957_05F37.JPG
morph_542,morph,morph_542/1-04022_00M18.JPG,morph_542/2-04022_01M19.JPG
morph_543,morph,morph_543/1-04043_0M45.JPG,morph_543/2-04043_1M47.JPG
morph_544,morph,morph_544/1-04061_01M17.JPG,morph_544/2-04061_03M18.JPG
morph_545,morph,morph_545/1-04121_16M37.JPG,morph_545/2-04121_22M37.JPG
morph_546,morph,morph_546/1-04178_0M36.JPG,morph_546/2-04178_1M37.JPG
morph_547,morph,morph_547/1-04180_2F40.JPG,morph_547/2-04180_6F41.JPG
morph_548,morph,morph_548/1-04181_00F35.JPG,morph_548/2-04181_02F35.JPG
morph_549,morph,morph_549/1-04222_02F21.JPG,morph_549/2-04222_03F22.JPG
morph_55,morph,morph_55/1-0262_02M18.JPG,morph_55/2-0262_03M18.JPG
morph_550,morph,morph_550/1-04231_00M29.JPG,morph_550/2-04231_02M29.JPG
morph_551,morph,morph_551/1-04244_00M18.JPG,morph_551/2-04244_01M19.JPG
morph_552,morph,morph_552/1-04333_00F43.JPG,morph_552/2-04333_01F43.JPG
morph_553,morph,morph_553/1-04368_00M27.JPG,morph_553/2-04368_01M27.JPG
morph_554,morph,morph_554/1-04386_01M25.JPG,morph_554/2-04386_02M26.JPG
morph_555,morph,morph_555/1-04394_03F27.JPG,morph_555/2-04394_05F27.JPG
morph_556,morph,morph_556/1-04399_00M47.JPG,morph_556/2-04399_02M48.JPG
morph_557,morph,morph_557/1-04402_01M23.JPG,morph_557/2-04402_02M23.JPG
morph_558,morph,morph_558/1-04475_01M18.JPG,morph_558/2-04475_02M18.JPG
morph_559,morph,morph_559/1-04512_01M21.JPG,morph_559/2-04512_02M22.JPG
morph_56,morph,morph_56/1-0313_02M35.JPG,morph_56/2-0313_03M35.JPG
morph_560,morph,morph_560/1-04513_00M19.JPG,morph_560/2-04513_02M21.JPG
morph_561,morph,morph_561/1-04558_00M24.JPG,morph_561/2-04558_02M26.JPG
morph_562,morph,morph_562/1-04581_06F27.JPG,morph_562/2-04581_08F28.JPG
morph_563,morph,morph_563/1-04601_01M21.JPG,morph_563/2-04601_03M21.JPG
morph_564,morph,morph_564/1-04697_00M28.JPG,morph_564/2-04697_02M30.JPG
morph_565,morph,morph_565/1-04713_00M19.JPG,morph_565/2-04713_02M19.JPG
morph_566,morph,morph_566/1-04733_00M17.JPG,morph_566/2-04733_03M18.JPG
morph_567,morph,morph_567/1-04740_02F33.JPG,morph_567/2-04740_10F34.JPG
morph_568,morph,morph_568/1-04757_00M46.JPG,morph_568/2-04757_03M47.JPG
morph_569,morph,morph_569/1-04821_01F36.JPG,morph_569/2-04821_03F36.JPG
morph_57,morph,morph_57/1-0314_1M40.JPG,morph_57/2-0314_4M42.JPG
morph_570,morph,morph_570/1-04842_02F47.JPG,morph_570/2-04842_07F49.JPG
morph_571,morph,morph_571/1-04850_00M38.JPG,morph_571/2-04850_03M39.JPG
morph_572,morph,morph_572/1-04893_10M36.JPG,morph_572/2-04893_1M33.JPG
morph_573,morph,morph_573/1-04909_00M28.JPG,morph_573/2-04909_01M28.JPG
morph_574,morph,morph_574/1-04968_01M36.JPG,morph_574/2-04968_02M37.JPG
morph_575,morph,morph_575/1-04989_00M31.JPG,morph_575/2-04989_01M32.JPG
morph_576,morph,morph_576/1-04994_0M43.JPG,morph_576/2-04994_2M44.JPG
morph_577,morph,morph_577/1-05004_00M17.JPG,morph_577/2-05004_02M17.JPG
morph_578,morph,morph_578/1-05007_01M26.JPG,morph_578/2-05007_03M26.JPG
morph_579,morph,morph_579/1-05047_0M32.JPG,morph_579/2-05047_5M33.JPG
morph_58,morph,morph_58/1-0332_00M25.JPG,morph_58/2-0332_01M26.JPG
morph_580,morph,morph_580/1-05058_05M38.JPG,morph_580/2-05058_1M35.JPG
morph_581,morph,morph_581/1-05158_00M17.JPG,morph_581/2-05158_03M19.JPG
morph_582,morph,morph_582/1-05167_01M18.JPG,morph_582/2-05167_03M18.JPG
morph_583,morph,morph_583/1-05192_02M19.JPG,morph_583/2-05192_04M19.JPG
morph_585,morph,morph_585/1-05225_03M36.JPG,morph_585/2-05225_1M35.JPG
morph_586,morph,morph_586/1-05234_08F20.JPG,morph_586/2-05234_09F20.JPG
morph_587,morph,morph_587/1-05253_01M18.JPG,morph_587/2-05253_03M19.JPG
morph_588,morph,morph_588/1-05260_00M46.JPG,morph_588/2-05260_01M47.JPG
morph_589,morph,morph_589/1-05277_04M40.JPG,morph_589/2-05277_07M41.JPG
morph_59,morph,morph_59/1-0352_11M55.JPG,morph_59/2-0352_3M54.JPG
morph_590,morph,morph_590/1-05319_00M20.JPG,morph_590/2-05319_02M21.JPG
morph_591,morph,morph_591/1-05342_09M45.JPG,morph_591/2-05342_21M46.JPG
morph_592,morph,morph_592/1-05439_03M26.JPG,morph_592/2-05439_04M27.JPG
morph_593,morph,morph_593/1-05458_10F37.JPG,morph_593/2-05458_3F35.JPG
morph_594,morph,morph_594/1-05459_05M36.JPG,morph_594/2-05459_0M32.JPG
morph_595,morph,morph_595/1-05466_02M19.JPG,morph_595/2-05466_03M19.JPG
morph_596,morph,morph_596/1-05531_01M20.JPG,morph_596/2-05531_05M21.JPG
morph_597,morph,morph_597/1-05561_00F40.JPG,morph_597/2-05561_03F42.JPG
morph_598,morph,morph_598/1-05566_00M19.JPG,morph_598/2-05566_05M20.JPG
morph_599,morph,morph_599/1-05572_1M35.JPG,morph_599/2-05572_2M35.JPG
morph_6,morph,morph_6/1-036_02M39.JPG,morph_6/2-036_1M38.JPG
morph_60,morph,morph_60/1-0357_01M37.JPG,morph_60/2-0357_02M37.JPG
morph_600,morph,morph_600/1-05601_01M18.JPG,morph_600/2-05601_02M19.JPG
morph_601,morph,morph_601/1-05642_00M17.JPG,morph_601/2-05642_01M18.JPG
morph_602,morph,morph_602/1-05646_01M26.JPG,morph_602/2-05646_02M27.JPG
morph_603,morph,morph_603/1-05678_08M32.JPG,morph_603/2-05678_10M33.JPG
morph_604,morph,morph_604/1-05694_00M27.JPG,morph_604/2-05694_01M27.JPG
morph_605,morph,morph_605/1-05788_0F32.JPG,morph_605/2-05788_3F33.JPG
morph_606,morph,morph_606/1-05813_00M44.JPG,morph_606/2-05813_01M40.JPG
morph_607,morph,morph_607/1-05832_02M18.JPG,morph_607/2-05832_05M18.JPG
morph_608,morph,morph_608/1-05846_01M18.JPG,morph_608/2-05846_02M18.JPG
morph_609,morph,morph_609/1-05971_0M32.JPG,morph_609/2-05971_1M32.JPG
morph_61,morph,morph_61/1-0366_2M37.JPG,morph_61/2-0366_4M38.JPG
morph_610,morph,morph_610/1-05992_04M39.JPG,morph_610/2-05992_09M40.JPG
morph_611,morph,morph_611/1-06058_02M37.JPG,morph_611/2-06058_04M37.JPG
morph_612,morph,morph_612/1-06060_00M38.JPG,morph_612/2-06060_01M38.JPG
morph_613,morph,morph_613/1-06063_04F56.JPG,morph_613/2-06063_13F58.JPG
morph_614,morph,morph_614/1-06099_02M22.JPG,morph_614/2-06099_03M22.JPG
morph_615,morph,morph_615/1-06101_01M28.JPG,morph_615/2-06101_04M30.JPG
morph_616,morph,morph_616/1-06147_1M42.JPG,morph_616/2-06147_3M44.JPG
morph_617,morph,morph_617/1-06183_02F46.JPG,morph_617/2-06183_0F42.JPG
morph_618,morph,morph_618/1-06202_00M31.JPG,morph_618/2-06202_01M32.JPG
morph_619,morph,morph_619/1-06229_00F38.JPG,morph_619/2-06229_02F38.JPG
morph_62,morph,morph_62/1-0373_05M18.JPG,morph_62/2-0373_07M18.JPG
morph_620,morph,morph_620/1-06266_00M26.JPG,morph_620/2-06266_06M28.JPG
morph_621,morph,morph_621/1-06295_01M27.JPG,morph_621/2-06295_04M29.JPG
morph_622,morph,morph_622/1-06329_01F32.JPG,morph_622/2-06329_07F34.JPG
morph_623,morph,morph_623/1-06354_04M37.JPG,morph_623/2-06354_1M33.JPG
morph_624,morph,morph_624/1-06392_00M26.JPG,morph_624/2-06392_03M28.JPG
morph_625,morph,morph_625/1-06411_10M38.JPG,morph_625/2-06411_1M35.JPG
morph_626,morph,morph_626/1-06430_0M34.JPG,morph_626/2-06430_2M34.JPG
morph_627,morph,morph_627/1-06460_00F36.JPG,morph_627/2-06460_01F38.JPG
morph_628,morph,morph_628/1-06466_02M27.JPG,morph_628/2-06466_05M28.JPG
morph_629,morph,morph_629/1-06522_01M25.JPG,morph_629/2-06522_02M25.JPG
morph_63,morph,morph_63/1-0379_00M16.JPG,morph_63/2-0379_02M16.JPG
morph_630,morph,morph_630/1-06535_00M17.JPG,morph_630/2-06535_01M17.JPG
morph_631,morph,morph_631/1-06556_01M17.JPG,morph_631/2-06556_04M18.JPG
morph_632,morph,morph_632/1-06568_03M27.JPG,morph_632/2-06568_04M28.JPG
morph_633,morph,morph_633/1-06684_00M28.JPG,morph_633/2-06684_01M30.JPG
morph_634,morph,morph_634/1-06770_0M32.JPG,morph_634/2-06770_2M30.JPG
morph_635,morph,morph_635/1-06815_02M29.JPG,morph_635/2-06815_04M30.JPG
morph_636,morph,morph_636/1-06899_03F42.JPG,morph_636/2-06899_05F43.JPG
morph_637,morph,morph_637/1-06907_13M35.JPG,morph_637/2-06907_7M33.JPG
morph_638,morph,morph_638/1-06932_01M34.JPG,morph_638/2-06932_13M35.JPG
morph_639,morph,morph_639/1-06940_04F41.JPG,morph_639/2-06940_12F42.JPG
morph_64,morph,morph_64/1-0384_06M40.JPG,morph_64/2-0384_0M38.JPG
morph_640,morph,morph_640/1-06952_00M35.JPG,morph_640/2-06952_02M37.JPG
morph_641,morph,morph_641/1-06971_01M18.JPG,morph_641/2-06971_04M18.JPG
morph_642,morph,morph_642/1-06996_1M40.JPG,morph_642/2-06996_2M40.JPG
morph_643,morph,morph_643/1-07035_02M18.JPG,morph_643/2-07035_03M19.JPG
morph_644,morph,morph_644/1-07052_00M42.JPG,morph_644/2-07052_04M42.JPG
morph_645,morph,morph_645/1-07054_00M28.JPG,morph_645/2-07054_02M29.JPG
morph_646,morph,morph_646/1-07069_0M38.JPG,morph_646/2-07069_1M38.JPG
morph_647,morph,morph_647/1-07070_03M36.JPG,morph_647/2-07070_1M33.JPG
morph_648,morph,morph_648/1-07112_02M20.JPG,morph_648/2-07112_04M21.JPG
morph_649,morph,morph_649/1-07126_03M43.JPG,morph_649/2-07126_0M39.JPG
morph_65,morph,morph_65/1-0419_01M18.JPG,morph_65/2-0419_05M19.JPG
morph_650,morph,morph_650/1-07153_1M32.JPG,morph_650/2-07153_2M32.JPG
morph_651,morph,morph_651/1-07224_01M27.JPG,morph_651/2-07224_02M27.JPG
morph_652,morph,morph_652/1-07264_02F18.JPG,morph_652/2-07264_06F19.JPG
morph_653,morph,morph_653/1-07313_00M18.JPG,morph_653/2-07313_05M19.JPG
morph_654,morph,morph_654/1-07333_00M23.JPG,morph_654/2-07333_00M26.JPG
morph_655,morph,morph_655/1-07362_02M17.JPG,morph_655/2-07362_05M19.JPG
morph_656,morph,morph_656/1-07380_01M27.JPG,morph_656/2-07380_04M26.JPG
morph_657,morph,morph_657/1-07396_00M17.JPG,morph_657/2-07396_03M18.JPG
morph_658,morph,morph_658/1-07434_05F35.JPG,morph_658/2-07434_08F37.JPG
morph_659,morph,morph_659/1-07450_0F36.JPG,morph_659/2-07450_2F37.JPG
morph_66,morph,morph_66/1-0455_02M42.JPG,morph_66/2-0455_03M42.JPG
morph_660,morph,morph_660/1-07471_01F28.JPG,morph_660/2-07471_09F30.JPG
morph_661,morph,morph_661/1-07527_05M17.JPG,morph_661/2-07527_20M18.JPG
morph_662,morph,morph_662/1-07555_02F25.JPG,morph_662/2-07555_05F25.JPG
morph_663,morph,morph_663/1-07557_09F27.JPG,morph_663/2-07557_11F28.JPG
morph_664,morph,morph_664/1-07586_00M40.JPG,morph_664/2-07586_07M42.JPG
morph_665,morph,morph_665/1-07604_00M18.JPG,morph_665/2-07604_03M19.JPG
morph_666,morph,morph_666/1-07609_4M43.JPG,morph_666/2-07609_5M43.JPG
morph_667,morph,morph_667/1-07645_00F28.JPG,morph_667/2-07645_01F28.JPG
morph_668,morph,morph_668/1-07673_00M18.JPG,morph_668/2-07673_03M20.JPG
morph_669,morph,morph_669/1-07692_00M26.JPG,morph_669/2-07692_03M27.JPG
morph_67,morph,morph_67/1-0478_01F44.JPG,morph_67/2-0478_02F45.JPG
morph_670,morph,morph_670/1-07696_02M23.JPG,morph_670/2-07696_07M24.JPG
morph_671,morph,morph_671/1-07706_00M20.JPG,morph_671/2-07706_03M21.JPG
morph_672,morph,morph_672/1-07742_01M18.JPG,morph_672/2-07742_02M19.JPG
morph_673,morph,morph_673/1-07779_01M18.JPG,morph_673/2-07779_02M18.JPG
morph_674,morph,morph_674/1-07781_00M32.JPG,morph_674/2-07781_07M34.JPG
morph_675,morph,morph_675/1-07782_02F55.JPG,morph_675/2-07782_0F52.JPG
morph_676,morph,morph_676/1-07820_0M32.JPG,morph_676/2-07820_13M36.JPG
morph_677,morph,morph_677/1-07862_00M19.JPG,morph_677/2-07862_02M20.JPG
morph_678,morph,morph_678/1-07872_1M32.JPG,morph_678/2-07872_2M32.JPG
morph_679,morph,morph_679/1-07906_05M19.JPG,morph_679/2-07906_06M20.JPG
morph_68,morph,morph_68/1-0486_01F29.JPG,morph_68/2-0486_03F29.JPG
morph_680,morph,morph_680/1-07914_01M31.JPG,morph_680/2-07914_03M32.JPG
morph_681,morph,morph_681/1-07919_07F31.JPG,morph_681/2-07919_09F32.JPG
morph_682,morph,morph_682/1-07920_02M19.JPG,morph_682/2-07920_08M20.JPG
morph_683,morph,morph_683/1-07932_10M27.JPG,morph_683/2-07932_13M28.JPG
morph_684,morph,morph_684/1-07935_00M36.JPG,morph_684/2-07935_04M37.JPG
morph_685,morph,morph_685/1-07999_0F39.JPG,morph_685/2-07999_5F40.JPG
morph_686,morph,morph_686/1-08007_0F36.JPG,morph_686/2-08007_3F36.JPG
morph_687,morph,morph_687/1-08041_00M53.JPG,morph_687/2-08041_01M53.JPG
morph_688,morph,morph_688/1-08070_00M29.JPG,morph_688/2-08070_07M30.JPG
morph_689,morph,morph_689/1-08076_02M35.JPG,morph_689/2-08076_03M35.JPG
morph_69,morph,morph_69/1-0496_00M25.JPG,morph_69/2-0496_02M26.JPG
morph_690,morph,morph_690/1-08141_00F17.JPG,morph_690/2-08141_06F19.JPG
morph_691,morph,morph_691/1-08171_02M54.JPG,morph_691/2-08171_05M55.JPG
morph_692,morph,morph_692/1-08197_0M32.JPG,morph_692/2-08197_2M34.JPG
morph_693,morph,morph_693/1-08229_00M18.JPG,morph_693/2-08229_02M19.JPG
morph_694,morph,morph_694/1-08241_00M31.JPG,morph_694/2-08241_01M31.JPG
morph_695,morph,morph_695/1-08316_00M18.JPG,morph_695/2-08316_01M20.JPG
morph_696,morph,morph_696/1-08354_04M40.JPG,morph_696/2-08354_0M36.JPG
morph_697,morph,morph_697/1-08383_07M47.JPG,morph_697/2-08383_08M47.JPG
morph_698,morph,morph_698/1-08389_00M28.JPG,morph_698/2-08389_04M30.JPG
morph_699,morph,morph_699/1-08430_01M17.JPG,morph_699/2-08430_03M19.JPG
morph_7,morph,morph_7/1-051_00M24.JPG,morph_7/2-051_01M24.JPG
morph_70,morph,morph_70/1-0503_00M21.JPG,morph_70/2-0503_01M22.JPG
morph_700,morph,morph_700/1-08477_05M22.JPG,morph_700/2-08477_06M23.JPG
morph_701,morph,morph_701/1-08482_01M28.JPG,morph_701/2-08482_03M29.JPG
morph_702,morph,morph_702/1-08486_0M35.JPG,morph_702/2-08486_2M35.JPG
morph_703,morph,morph_703/1-08514_02M43.JPG,morph_703/2-08514_03M44.JPG
morph_704,morph,morph_704/1-08541_04M36.JPG,morph_704/2-08541_07M37.JPG
morph_705,morph,morph_705/1-08573_02M51.JPG,morph_705/2-08573_11M52.JPG
morph_706,morph,morph_706/1-08590_05M40.JPG,morph_706/2-08590_3M37.JPG
morph_707,morph,morph_707/1-08616_02M19.JPG,morph_707/2-08616_03M19.JPG
morph_708,morph,morph_708/1-08686_08M46.JPG,morph_708/2-08686_4M46.JPG
morph_709,morph,morph_709/1-08696_04M37.JPG,morph_709/2-08696_2M35.JPG
morph_71,morph,morph_71/1-0515_01M17.JPG,morph_71/2-0515_02M18.JPG
morph_710,morph,morph_710/1-08700_00M28.JPG,morph_710/2-08700_02M29.JPG
morph_711,morph,morph_711/1-08707_01M18.JPG,morph_711/2-08707_06M19.JPG
morph_712,morph,morph_712/1-08765_0M39.JPG,morph_712/2-08765_1M44.JPG
morph_713,morph,morph_713/1-08771_03M37.JPG,morph_713/2-08771_04M37.JPG
morph_714,morph,morph_714/1-08790_00F24.JPG,morph_714/2-08790_04F26.JPG
morph_715,morph,morph_715/1-08802_00M18.JPG,morph_715/2-08802_02M18.JPG
morph_716,morph,morph_716/1-08863_00M17.JPG,morph_716/2-08863_02M18.JPG
morph_717,morph,morph_717/1-08886_03M40.JPG,morph_717/2-08886_1M38.JPG
morph_718,morph,morph_718/1-08891_00M26.JPG,morph_718/2-08891_02M28.JPG
morph_719,morph,morph_719/1-08911_00M19.JPG,morph_719/2-08911_02M21.JPG
morph_72,morph,morph_72/1-0519_00F16.JPG,morph_72/2-0519_02F17.JPG
morph_720,morph,morph_720/1-08960_04M27.JPG,morph_720/2-08960_05M27.JPG
morph_721,morph,morph_721/1-09021_02M36.JPG,morph_721/2-09021_03M36.JPG
morph_722,morph,morph_722/1-09025_5M42.JPG,morph_722/2-09025_7M43.JPG
morph_723,morph,morph_723/1-09037_02M17.JPG,morph_723/2-09037_10M18.JPG
morph_724,morph,morph_724/1-09060_00M27.JPG,morph_724/2-09060_01M27.JPG
morph_725,morph,morph_725/1-09122_1M36.JPG,morph_725/2-09122_4M38.JPG
morph_726,morph,morph_726/1-09153_06M49.JPG,morph_726/2-09153_0M45.JPG
morph_727,morph,morph_727/1-09169_00M17.JPG,morph_727/2-09169_03M19.JPG
morph_728,morph,morph_728/1-09191_01F22.JPG,morph_728/2-09191_04F23.JPG
morph_729,morph,morph_729/1-09196_17M47.JPG,morph_729/2-09196_21M49.JPG
morph_73,morph,morph_73/1-0576_00M16.JPG,morph_73/2-0576_01M17.JPG
morph_730,morph,morph_730/1-09210_00M48.JPG,morph_730/2-09210_01M48.JPG
morph_731,morph,morph_731/1-09217_02M23.JPG,morph_731/2-09217_03M34.JPG
morph_732,morph,morph_732/1-09262_00M16.JPG,morph_732/2-09262_01M17.JPG
morph_733,morph,morph_733/1-09285_01M26.JPG,morph_733/2-09285_03M28.JPG
morph_734,morph,morph_734/1-09301_00M25.JPG,morph_734/2-09301_03M26.JPG
morph_735,morph,morph_735/1-09340_0M39.JPG,morph_735/2-09340_1M40.JPG
morph_736,morph,morph_736/1-09343_04M28.JPG,morph_736/2-09343_05M29.JPG
morph_737,morph,morph_737/1-09349_01M18.JPG,morph_737/2-09349_03M18.JPG
morph_738,morph,morph_738/1-09372_01M18.JPG,morph_738/2-09372_02M18.JPG
morph_739,morph,morph_739/1-09386_03M38.JPG,morph_739/2-09386_05M44.JPG
morph_74,morph,morph_74/1-0622_00M17.JPG,morph_74/2-0622_01M18.JPG
morph_740,morph,morph_740/1-09407_02M36.JPG,morph_740/2-09407_1M36.JPG
morph_741,morph,morph_741/1-09418_00M23.JPG,morph_741/2-09418_02M25.JPG
morph_742,morph,morph_742/1-09432_03M36.JPG,morph_742/2-09432_1M34.JPG
morph_743,morph,morph_743/1-09495_00M18.JPG,morph_743/2-09495_03M20.JPG
morph_744,morph,morph_744/1-09503_0M34.JPG,morph_744/2-09503_1M35.JPG
morph_745,morph,morph_745/1-09504_02M36.JPG,morph_745/2-09504_0M33.JPG
morph_746,morph,morph_746/1-09520_00M26.JPG,morph_746/2-09520_02M28.JPG
morph_747,morph,morph_747/1-09537_00M25.JPG,morph_747/2-09537_06M27.JPG
morph_748,morph,morph_748/1-09554_1M35.JPG,morph_748/2-09554_2M36.JPG
morph_749,morph,morph_749/1-09560_02M39.JPG,morph_749/2-09560_03M40.JPG
morph_75,morph,morph_75/1-0645_01M21.JPG,morph_75/2-0645_04M22.JPG
morph_750,morph,morph_750/1-09574_00F18.JPG,morph_750/2-09574_03F20.JPG
morph_751,morph,morph_751/1-09578_2M33.JPG,morph_751/2-09578_5M35.JPG
morph_752,morph,morph_752/1-09589_02F41.JPG,morph_752/2-09589_04F42.JPG
morph_753,morph,morph_753/1-09590_03M51.JPG,morph_753/2-09590_09M52.JPG
morph_754,morph,morph_754/1-09619_00M21.JPG,morph_754/2-09619_02M22.JPG
morph_755,morph,morph_755/1-09627_02M25.JPG,morph_755/2-09627_04M26.JPG
morph_756,morph,morph_756/1-09637_01M30.JPG,morph_756/2-09637_02M31.JPG
morph_757,morph,morph_757/1-09670_03M36.JPG,morph_757/2-09670_2M32.JPG
morph_758,morph,morph_758/1-09726_06M36.JPG,morph_758/2-09726_4M34.JPG
morph_759,morph,morph_759/1-09803_01M27.JPG,morph_759/2-09803_03M28.JPG
morph_76,morph,morph_76/1-0691_10M24.JPG,morph_76/2-0691_12M24.JPG
morph_760,morph,morph_760/1-09833_18M49.JPG,morph_760/2-09833_20M50.JPG
morph_761,morph,morph_761/1-09867_01M16.JPG,morph_761/2-09867_03M17.JPG
morph_762,morph,morph_762/1-09877_00M44.JPG,morph_762/2-09877_02M45.JPG
morph_763,morph,morph_763/1-09893_02M34.JPG,morph_763/2-09893_03M34.JPG
morph_764,morph,morph_764/1-09910_1M60.JPG,morph_764/2-09910_3M61.JPG
morph_765,morph,morph_765/1-09987_3M36.JPG,morph_765/2-09987_5M37.JPG
morph_766,morph,morph_766/1-10017_00F36.JPG,morph_766/2-10017_01F36.JPG
morph_767,morph,morph_767/1-10028_01M34.JPG,morph_767/2-10028_02M35.JPG
morph_768,morph,morph_768/1-10046_02M23.JPG,morph_768/2-10046_04M24.JPG
morph_769,morph,morph_769/1-10081_01M17.JPG,morph_769/2-10081_07M20.JPG
morph_77,morph,morph_77/1-0728_01F37.JPG,morph_77/2-0728_02F38.JPG
morph_770,morph,morph_770/1-10153_01M19.JPG,morph_770/2-10153_02M19.JPG
morph_771,morph,morph_771/1-10170_01M23.JPG,morph_771/2-10170_02M23.JPG
morph_772,morph,morph_772/1-10262_00M35.JPG,morph_772/2-10262_04M36.JPG
morph_773,morph,morph_773/1-10291_00M20.JPG,morph_773/2-10291_08M22.JPG
morph_774,morph,morph_774/1-10304_01M27.JPG,morph_774/2-10304_05M28.JPG
morph_775,morph,morph_775/1-10330_03F29.JPG,morph_775/2-10330_04F29.JPG
morph_776,morph,morph_776/1-10334_00F24.JPG,morph_776/2-10334_02F24.JPG
morph_777,morph,morph_777/1-10366_00M16.JPG,morph_777/2-10366_01M17.JPG
morph_778,morph,morph_778/1-10370_01M22.JPG,morph_778/2-10370_03M24.JPG
morph_779,morph,morph_779/1-10375_01M25.JPG,morph_779/2-10375_07M26.JPG
morph_78,morph,morph_78/1-0746_0M32.JPG,morph_78/2-0746_4M34.JPG
morph_780,morph,morph_780/1-10411_01M17.JPG,morph_780/2-10411_06M19.JPG
morph_781,morph,morph_781/1-10463_01M17.JPG,morph_781/2-10463_07M18.JPG
morph_782,morph,morph_782/1-10481_01M29.JPG,morph_782/2-10481_02M31.JPG
morph_783,morph,morph_783/1-10490_00M41.JPG,morph_783/2-10490_02M41.JPG
morph_784,morph,morph_784/1-10514_00M19.JPG,morph_784/2-10514_02M21.JPG
morph_785,morph,morph_785/1-10550_01F27.JPG,morph_785/2-10550_02F27.JPG
morph_786,morph,morph_786/1-10565_01M43.JPG,morph_786/2-10565_02M43.JPG
morph_787,morph,morph_787/1-10617_00M19.JPG,morph_787/2-10617_02M19.JPG
morph_788,morph,morph_788/1-10624_00M35.JPG,morph_788/2-10624_01M35.JPG
morph_789,morph,morph_789/1-10800_02M20.JPG,morph_789/2-10800_03M20.JPG
morph_79,morph,morph_79/1-0756_04M47.JPG,morph_79/2-0756_3M46.JPG
morph_790,morph,morph_790/1-10846_04M21.JPG,morph_790/2-10846_06M22.JPG
morph_791,morph,morph_791/1-10889_01F17.JPG,morph_791/2-10889_02F19.JPG
morph_792,morph,morph_792/1-10892_01F18.JPG,morph_792/2-10892_02F19.JPG
morph_793,morph,morph_793/1-10905_02F51.JPG,morph_793/2-10905_05F41.JPG
morph_794,morph,morph_794/1-10927_02M25.JPG,morph_794/2-10927_08M26.JPG
morph_795,morph,morph_795/1-10928_01M39.JPG,morph_795/2-10928_04M40.JPG
morph_796,morph,morph_796/1-10974_11M19.JPG,morph_796/2-10974_12M22.JPG
morph_797,morph,morph_797/1-10982_11M31.JPG,morph_797/2-10982_16M31.JPG
morph_798,morph,morph_798/1-10988_01M25.JPG,morph_798/2-10988_02M26.JPG
morph_799,morph,morph_799/1-11040_04M18.JPG,morph_799/2-11040_05M19.JPG
morph_8,morph,morph_8/1-066_07M17.JPG,morph_8/2-066_10M17.JPG
morph_80,morph,morph_80/1-0759_01M17.JPG,morph_80/2-0759_02M17.JPG
morph_800,morph,morph_800/1-11106_02M25.JPG,morph_800/2-11106_05M26.JPG
morph_801,morph,morph_801/1-11109_02F32.JPG,morph_801/2-11109_03F32.JPG
morph_802,morph,morph_802/1-11147_01M17.JPG,morph_802/2-11147_03M17.JPG
morph_803,morph,morph_803/1-11160_16M53.JPG,morph_803/2-11160_19M53.JPG
morph_804,morph,morph_804/1-11177_02M18.JPG,morph_804/2-11177_03M19.JPG
morph_805,morph,morph_805/1-11189_00F34.JPG,morph_805/2-11189_02F27.JPG
morph_806,morph,morph_806/1-11276_00M16.JPG,morph_806/2-11276_01M17.JPG
morph_807,morph,morph_807/1-11284_08M47.JPG,morph_807/2-11284_10M47.JPG
morph_808,morph,morph_808/1-11326_00M17.JPG,morph_808/2-11326_03M19.JPG
morph_809,morph,morph_809/1-11538_00M18.JPG,morph_809/2-11538_01M19.JPG
morph_81,morph,morph_81/1-0765_00M24.JPG,morph_81/2-0765_02M26.JPG
morph_810,morph,morph_810/1-11548_01M20.JPG,morph_810/2-11548_03M20.JPG
morph_811,morph,morph_811/1-11588_01M21.JPG,morph_811/2-11588_02M22.JPG
morph_812,morph,morph_812/1-11593_03M28.JPG,morph_812/2-11593_06M29.JPG
morph_813,morph,morph_813/1-11627_00M26.JPG,morph_813/2-11627_04M27.JPG
morph_814,morph,morph_814/1-11633_00M37.JPG,morph_814/2-11633_01M37.JPG
morph_815,morph,morph_815/1-11653_02M34.JPG,morph_815/2-11653_07M35.JPG
morph_816,morph,morph_816/1-11720_02M20.JPG,morph_816/2-11720_09M21.JPG
morph_817,morph,morph_817/1-11724_00M30.JPG,morph_817/2-11724_03M30.JPG
morph_818,morph,morph_818/1-11753_03M17.JPG,morph_818/2-11753_04M17.JPG
morph_819,morph,morph_819/1-11754_00M27.JPG,morph_819/2-11754_01M27.JPG
morph_82,morph,morph_82/1-0771_00F16.JPG,morph_82/2-0771_03F17.JPG
morph_820,morph,morph_820/1-11781_04M26.JPG,morph_820/2-11781_05M26.JPG
morph_821,morph,morph_821/1-11822_02F26.JPG,morph_821/2-11822_05F26.JPG
morph_822,morph,morph_822/1-11829_01M38.JPG,morph_822/2-11829_03M39.JPG
morph_823,morph,morph_823/1-11839_00M23.JPG,morph_823/2-11839_02M25.JPG
morph_824,morph,morph_824/1-11868_00M22.JPG,morph_824/2-11868_02M22.JPG
morph_825,morph,morph_825/1-11881_02M39.JPG,morph_825/2-11881_03M39.JPG
morph_826,morph,morph_826/1-11963_02M25.JPG,morph_826/2-11963_05M26.JPG
morph_827,morph,morph_827/1-11997_00M21.JPG,morph_827/2-11997_04M23.JPG
morph_828,morph,morph_828/1-12000_03M19.JPG,morph_828/2-12000_05M19.JPG
morph_829,morph,morph_829/1-12235_00M26.JPG,morph_829/2-12235_01M27.JPG
morph_83,morph,morph_83/1-0817_01M52.JPG,morph_83/2-0817_02M53.JPG
morph_830,morph,morph_830/1-12258_01M27.JPG,morph_830/2-12258_02M28.JPG
morph_831,morph,morph_831/1-12277_00M46.JPG,morph_831/2-12277_06M47.JPG
morph_832,morph,morph_832/1-12338_01M32.JPG,morph_832/2-12338_02M32.JPG
morph_833,morph,morph_833/1-12343_00M18.JPG,morph_833/2-12343_01M19.JPG
morph_834,morph,morph_834/1-12351_00M31.JPG,morph_834/2-12351_02M32.JPG
morph_835,morph,morph_835/1-12374_01M19.JPG,morph_835/2-12374_02M19.JPG
morph_836,morph,morph_836/1-12379_00M39.JPG,morph_836/2-12379_04M40.JPG
morph_837,morph,morph_837/1-12461_01F18.JPG,morph_837/2-12461_04F19.JPG
morph_838,morph,morph_838/1-12528_04M25.JPG,morph_838/2-12528_06M25.JPG
morph_839,morph,morph_839/1-12609_00M19.JPG,morph_839/2-12609_01M19.JPG
morph_84,morph,morph_84/1-0853_00M16.JPG,morph_84/2-0853_01M17.JPG
morph_840,morph,morph_840/1-12739_00M17.JPG,morph_840/2-12739_02M17.JPG
morph_841,morph,morph_841/1-12740_00M35.JPG,morph_841/2-12740_03M27.JPG
morph_842,morph,morph_842/1-12776_00M38.JPG,morph_842/2-12776_01M38.JPG
morph_843,morph,morph_843/1-12841_00M18.JPG,morph_843/2-12841_05M19.JPG
morph_844,morph,morph_844/1-12879_00M25.JPG,morph_844/2-12879_03M27.JPG
morph_845,morph,morph_845/1-12881_00M24.JPG,morph_845/2-12881_01M25.JPG
morph_846,morph,morph_846/1-12882_00M25.JPG,morph_846/2-12882_02M26.JPG
morph_847,morph,morph_847/1-12896_01M30.JPG,morph_847/2-12896_02M30.JPG
morph_848,morph,morph_848/1-13019_01M33.JPG,morph_848/2-13019_02M33.JPG
morph_849,morph,morph_849/1-13044_04M26.JPG,morph_849/2-13044_05M26.JPG
morph_85,morph,morph_85/1-0867_00M37.JPG,morph_85/2-0867_03M38.JPG
morph_850,morph,morph_850/1-13050_01M24.JPG,morph_850/2-13050_04M26.JPG
morph_851,morph,morph_851/1-13134_01M27.JPG,morph_851/2-13134_02M27.JPG
morph_852,morph,morph_852/1-13209_01M19.JPG,morph_852/2-13209_03M20.JPG
morph_853,morph,morph_853/1-13218_03M28.JPG,morph_853/2-13218_07M29.JPG
morph_854,morph,morph_854/1-13228_01M29.JPG,morph_854/2-13228_02M30.JPG
morph_855,morph,morph_855/1-13306_02M22.JPG,morph_855/2-13306_06M23.JPG
morph_856,morph,morph_856/1-13309_00M28.JPG,morph_856/2-13309_04M29.JPG
morph_857,morph,morph_857/1-13331_01M33.JPG,morph_857/2-13331_02M32.JPG
morph_858,morph,morph_858/1-13375_00M22.JPG,morph_858/2-13375_03M24.JPG
morph_859,morph,morph_859/1-13422_00M16.JPG,morph_859/2-13422_03M18.JPG
morph_86,morph,morph_86/1-0871_00F36.JPG,morph_86/2-0871_01F37.JPG
morph_860,morph,morph_860/1-13441_01M38.JPG,morph_860/2-13441_02M38.JPG
morph_861,morph,morph_861/1-13446_02F32.JPG,morph_861/2-13446_08F33.JPG
morph_862,morph,morph_862/1-13470_00F34.JPG,morph_862/2-13470_04F35.JPG
morph_863,morph,morph_863/1-13498_00M18.JPG,morph_863/2-13498_02M19.JPG
morph_864,morph,morph_864/1-13529_01M26.JPG,morph_864/2-13529_03M26.JPG
morph_865,morph,morph_865/1-13549_06M29.JPG,morph_865/2-13549_07M29.JPG
morph_866,morph,morph_866/1-13552_08F37.JPG,morph_866/2-13552_09F37.JPG
morph_867,morph,morph_867/1-13555_02M27.JPG,morph_867/2-13555_03M27.JPG
morph_868,morph,morph_868/1-13576_00M18.JPG,morph_868/2-13576_01M18.JPG
morph_869,morph,morph_869/1-13608_00M24.JPG,morph_869/2-13608_01M25.JPG
morph_87,morph,morph_87/1-0886_03M27.JPG,morph_87/2-0886_09M28.JPG
morph_870,morph,morph_870/1-13615_04M23.JPG,morph_870/2-13615_05M23.JPG
morph_871,morph,morph_871/1-13674_00M16.JPG,morph_871/2-13674_05M18.JPG
morph_872,morph,morph_872/1-13682_01F17.JPG,morph_872/2-13682_05F18.JPG
morph_873,morph,morph_873/1-13694_00M17.JPG,morph_873/2-13694_03M19.JPG
morph_874,morph,morph_874/1-13772_00M17.JPG,morph_874/2-13772_01M17.JPG
morph_875,morph,morph_875/1-13851_01M32.JPG,morph_875/2-13851_03M34.JPG
morph_876,morph,morph_876/1-13874_03M26.JPG,morph_876/2-13874_04M27.JPG
morph_877,morph,morph_877/1-13884_01M27.JPG,morph_877/2-13884_03M27.JPG
morph_878,morph,morph_878/1-13887_01F49.JPG,morph_878/2-13887_03F51.JPG
morph_879,morph,morph_879/1-13915_01M21.JPG,morph_879/2-13915_02M22.JPG
morph_88,morph,morph_88/1-0897_01M19.JPG,morph_88/2-0897_02M19.JPG
morph_880,morph,morph_880/1-13925_01M17.JPG,morph_880/2-13925_03M18.JPG
morph_881,morph,morph_881/1-13938_00M32.JPG,morph_881/2-13938_03M32.JPG
morph_882,morph,morph_882/1-14008_01M46.JPG,morph_882/2-14008_03M46.JPG
morph_883,morph,morph_883/1-14031_04M38.JPG,morph_883/2-14031_05M38.JPG
morph_885,morph,morph_885/1-14131_02M41.JPG,morph_885/2-14131_03M41.JPG
morph_886,morph,morph_886/1-14146_00F19.JPG,morph_886/2-14146_02F20.JPG
morph_887,morph,morph_887/1-14217_01M34.JPG,morph_887/2-14217_02M34.JPG
morph_888,morph,morph_888/1-14260_01M53.JPG,morph_888/2-14260_02M53.JPG
morph_889,morph,morph_889/1-14286_00M24.JPG,morph_889/2-14286_01M25.JPG
morph_89,morph,morph_89/1-0901_4M32.JPG,morph_89/2-0901_6M33.JPG
morph_890,morph,morph_890/1-14287_00F27.JPG,morph_890/2-14287_03F29.JPG
morph_891,morph,morph_891/1-14295_06M19.JPG,morph_891/2-14295_09M19.JPG
morph_892,morph,morph_892/1-14298_00M26.JPG,morph_892/2-14298_02M27.JPG
morph_893,morph,morph_893/1-14320_00M25.JPG,morph_893/2-14320_03M25.JPG
morph_894,morph,morph_894/1-14334_09M42.JPG,morph_894/2-14334_11M42.JPG
morph_895,morph,morph_895/1-14362_00M23.JPG,morph_895/2-14362_01M23.JPG
morph_896,morph,morph_896/1-14390_00M19.JPG,morph_896/2-14390_01M19.JPG
morph_897,morph,morph_897/1-14404_00F36.JPG,morph_897/2-14404_04F37.JPG
morph_898,morph,morph_898/1-14450_01F23.JPG,morph_898/2-14450_02F23.JPG
morph_899,morph,morph_899/1-14459_00M24.JPG,morph_899/2-14459_02M25.JPG
morph_9,morph,morph_9/1-086_00F41.JPG,morph_9/2-086_02F41.JPG
morph_90,morph,morph_90/1-0955_07M41.JPG,morph_90/2-0955_1M38.JPG
morph_900,morph,morph_900/1-14497_00M39.JPG,morph_900/2-14497_03M41.JPG
morph_901,morph,morph_901/1-14518_01M26.JPG,morph_901/2-14518_04M27.JPG
morph_902,morph,morph_902/1-14574_01F36.JPG,morph_902/2-14574_05F37.JPG
morph_903,morph,morph_903/1-14769_05M17.JPG,morph_903/2-14769_06M18.JPG
morph_904,morph,morph_904/1-14807_00M25.JPG,morph_904/2-14807_03M25.JPG
morph_905,morph,morph_905/1-14810_00M27.JPG,morph_905/2-14810_02M28.JPG
morph_906,morph,morph_906/1-14814_00F16.JPG,morph_906/2-14814_02F16.JPG
morph_907,morph,morph_907/1-14897_00M22.JPG,morph_907/2-14897_01M22.JPG
morph_908,morph,morph_908/1-14945_00M45.JPG,morph_908/2-14945_01M46.JPG
morph_909,morph,morph_909/1-15017_01M61.JPG,morph_909/2-15017_02M61.JPG
morph_91,morph,morph_91/1-0967_00M18.JPG,morph_91/2-0967_02M19.JPG
morph_910,morph,morph_910/1-15029_03M16.JPG,morph_910/2-15029_06M18.JPG
morph_911,morph,morph_911/1-15062_01M17.JPG,morph_911/2-15062_07M18.JPG
morph_912,morph,morph_912/1-15099_08M45.JPG,morph_912/2-15099_12M46.JPG
morph_913,morph,morph_913/1-15141_02F35.JPG,morph_913/2-15141_03F35.JPG
morph_914,morph,morph_914/1-15185_05M17.JPG,morph_914/2-15185_11M18.JPG
morph_915,morph,morph_915/1-15200_02M17.JPG,morph_915/2-15200_05M18.JPG
morph_916,morph,morph_916/1-15239_00F25.JPG,morph_916/2-15239_01M28.JPG
morph_917,morph,morph_917/1-15248_01M54.JPG,morph_917/2-15248_02M54.JPG
morph_918,morph,morph_918/1-15249_01M51.JPG,morph_918/2-15249_03M52.JPG
morph_919,morph,morph_919/1-15279_00M17.JPG,morph_919/2-15279_03M19.JPG
morph_92,morph,morph_92/1-1015_04M29.JPG,morph_92/2-1015_07M29.JPG
morph_920,morph,morph_920/1-15284_01M17.JPG,morph_920/2-15284_05M18.JPG
morph_921,morph,morph_921/1-15288_00F27.JPG,morph_921/2-15288_01F28.JPG
morph_922,morph,morph_922/1-15293_01M18.JPG,morph_922/2-15293_07M18.JPG
morph_923,morph,morph_923/1-15300_02F19.JPG,morph_923/2-15300_05F19.JPG
morph_924,morph,morph_924/1-15385_00M44.JPG,morph_924/2-15385_02M44.JPG
morph_925,morph,morph_925/1-15458_00M19.JPG,morph_925/2-15458_03M19.JPG
morph_926,morph,morph_926/1-15486_01M17.JPG,morph_926/2-15486_03M17.JPG
morph_927,morph,morph_927/1-15499_02F39.JPG,morph_927/2-15499_06F39.JPG
morph_928,morph,morph_928/1-15549_00M17.JPG,morph_928/2-15549_03M19.JPG
morph_929,morph,morph_929/1-15611_02M45.JPG,morph_929/2-15611_03M46.JPG
morph_93,morph,morph_93/1-1030_00M17.JPG,morph_93/2-1030_02M18.JPG
morph_930,morph,morph_930/1-15677_00M23.JPG,morph_930/2-15677_02M23.JPG
morph_931,morph,morph_931/1-15728_00M25.JPG,morph_931/2-15728_02M25.JPG
morph_932,morph,morph_932/1-15781_00M18.JPG,morph_932/2-15781_01M19.JPG
morph_933,morph,morph_933/1-15806_00M16.JPG,morph_933/2-15806_02M16.JPG
morph_934,morph,morph_934/1-15811_01F36.JPG,morph_934/2-15811_02F37.JPG
morph_935,morph,morph_935/1-15914_01M24.JPG,morph_935/2-15914_03M24.JPG
morph_936,morph,morph_936/1-15937_01F37.JPG,morph_936/2-15937_03F38.JPG
morph_937,morph,morph_937/1-15939_00M16.JPG,morph_937/2-15939_01M16.JPG
morph_938,morph,morph_938/1-15977_00M44.JPG,morph_938/2-15977_02M46.JPG
morph_939,morph,morph_939/1-15989_05M18.JPG,morph_939/2-15989_06M18.JPG
morph_94,morph,morph_94/1-1080_01M32.JPG,morph_94/2-1080_03M32.JPG
morph_940,morph,morph_940/1-16029_01M45.JPG,morph_940/2-16029_02M45.JPG
morph_941,morph,morph_941/1-16058_04M53.JPG,morph_941/2-16058_06M53.JPG
morph_942,morph,morph_942/1-16064_00M25.JPG,morph_942/2-16064_05M27.JPG
morph_943,morph,morph_943/1-16071_00M16.JPG,morph_943/2-16071_03M17.JPG
morph_944,morph,morph_944/1-16081_00M18.JPG,morph_944/2-16081_05M19.JPG
morph_945,morph,morph_945/1-16123_00M39.JPG,morph_945/2-16123_02M41.JPG
morph_946,morph,morph_946/1-16192_03M22.JPG,morph_946/2-16192_04M22.JPG
morph_947,morph,morph_947/1-16210_00M25.JPG,morph_947/2-16210_01M27.JPG
morph_948,morph,morph_948/1-16214_01M27.JPG,morph_948/2-16214_02M28.JPG
morph_949,morph,morph_949/1-16233_00M26.JPG,morph_949/2-16233_01M27.JPG
morph_95,morph,morph_95/1-1114_01M26.JPG,morph_95/2-1114_02M26.JPG
morph_950,morph,morph_950/1-16264_00M16.JPG,morph_950/2-16264_01M16.JPG
morph_951,morph,morph_951/1-16278_02M16.JPG,morph_951/2-16278_03M17.JPG
morph_952,morph,morph_952/1-16321_00M20.JPG,morph_952/2-16321_05M22.JPG
morph_953,morph,morph_953/1-16345_01M18.JPG,morph_953/2-16345_02M18.JPG
morph_954,morph,morph_954/1-16352_00M17.JPG,morph_954/2-16352_01M19.JPG
morph_955,morph,morph_955/1-16396_04M25.JPG,morph_955/2-16396_07M25.JPG
morph_956,morph,morph_956/1-16417_00M19.JPG,morph_956/2-16417_01M20.JPG
morph_957,morph,morph_957/1-16418_00M24.JPG,morph_957/2-16418_01M24.JPG
morph_958,morph,morph_958/1-16427_01M21.JPG,morph_958/2-16427_02M21.JPG
morph_959,morph,morph_959/1-16444_00F39.JPG,morph_959/2-16444_01F41.JPG
morph_96,morph,morph_96/1-1118_04M46.JPG,morph_96/2-1118_06M46.JPG
morph_960,morph,morph_960/1-16446_00M19.JPG,morph_960/2-16446_04M21.JPG
morph_961,morph,morph_961/1-16479_00M21.JPG,morph_961/2-16479_01M21.JPG
morph_962,morph,morph_962/1-16489_01M17.JPG,morph_962/2-16489_06M17.JPG
morph_963,morph,morph_963/1-16514_00M16.JPG,morph_963/2-16514_01M17.JPG
morph_964,morph,morph_964/1-16571_01M22.JPG,morph_964/2-16571_02M22.JPG
morph_965,morph,morph_965/1-16576_00F21.JPG,morph_965/2-16576_01F22.JPG
morph_966,morph,morph_966/1-16582_00M25.JPG,morph_966/2-16582_02M25.JPG
morph_967,morph,morph_967/1-16603_05F38.JPG,morph_967/2-16603_07F38.JPG
morph_968,morph,morph_968/1-16624_00M37.JPG,morph_968/2-16624_01M38.JPG
morph_969,morph,morph_969/1-16649_00M27.JPG,morph_969/2-16649_01M28.JPG
morph_97,morph,morph_97/1-1169_01M51.JPG,morph_97/2-1169_02M52.JPG
morph_970,morph,morph_970/1-16651_00M46.JPG,morph_970/2-16651_05M49.JPG
morph_971,morph,morph_971/1-16654_00F20.JPG,morph_971/2-16654_03F21.JPG
morph_972,morph,morph_972/1-16666_00M17.JPG,morph_972/2-16666_01M18.JPG
morph_973,morph,morph_973/1-16677_00M19.JPG,morph_973/2-16677_03M20.JPG
morph_974,morph,morph_974/1-16730_01M35.JPG,morph_974/2-16730_02M37.JPG
morph_975,morph,morph_975/1-16744_01M27.JPG,morph_975/2-16744_02M27.JPG
morph_976,morph,morph_976/1-16763_00M21.JPG,morph_976/2-16763_01M21.JPG
morph_977,morph,morph_977/1-16778_00M27.JPG,morph_977/2-16778_02M28.JPG
morph_978,morph,morph_978/1-16790_00F23.JPG,morph_978/2-16790_02F23.JPG
morph_979,morph,morph_979/1-16851_00M36.JPG,morph_979/2-16851_01M36.JPG
morph_98,morph,morph_98/1-1171_01M26.JPG,morph_98/2-1171_03M26.JPG
morph_980,morph,morph_980/1-16857_00F39.JPG,morph_980/2-16857_02F41.JPG
morph_981,morph,morph_981/1-16863_01M16.JPG,morph_981/2-16863_03M18.JPG
morph_982,morph,morph_982/1-16908_01M35.JPG,morph_982/2-16908_02M37.JPG
morph_983,morph,morph_983/1-16915_01M47.JPG,morph_983/2-16915_05M50.JPG
morph_984,morph,morph_984/1-16919_06M19.JPG,morph_984/2-16919_08M20.JPG
morph_985,morph,morph_985/1-16936_00M19.JPG,morph_985/2-16936_02M21.JPG
morph_986,morph,morph_986/1-16949_00M41.JPG,morph_986/2-16949_02M43.JPG
morph_987,morph,morph_987/1-16985_04M21.JPG,morph_987/2-16985_09M22.JPG
morph_988,morph,morph_988/1-16989_08M41.JPG,morph_988/2-16989_10M41.JPG
morph_989,morph,morph_989/1-17017_00M48.JPG,morph_989/2-17017_01M49.JPG
morph_99,morph,morph_99/1-1215_00F55.JPG,morph_99/2-1215_01F56.JPG
morph_990,morph,morph_990/1-17050_00M27.JPG,morph_990/2-17050_02M29.JPG
morph_991,morph,morph_991/1-17056_00M23.JPG,morph_991/2-17056_01M24.JPG
morph_992,morph,morph_992/1-17105_00M17.JPG,morph_992/2-17105_03M18.JPG
morph_993,morph,morph_993/1-17139_00F28.JPG,morph_993/2-17139_02F28.JPG
morph_994,morph,morph_994/1-17156_01M17.JPG,morph_994/2-17156_03M17.JPG
morph_995,morph,morph_995/1-17206_03M25.JPG,morph_995/2-17206_05M25.JPG
morph_996,morph,morph_996/1-17222_00M29.JPG,morph_996/2-17222_01M30.JPG
morph_997,morph,morph_997/1-17298_00M41.JPG,morph_997/2-17298_02M43.JPG
morph_998,morph,morph_998/1-17309_01M16.JPG,morph_998/2-17309_03M18.JPG
morph_999,morph,morph_999/1-17374_03M17.JPG,morph_999/2-17374_07M18.JPG
pins_0,pins,pins_0/1-Adriana Lima10_2.jpg,pins_0/2-Adriana Lima30_153.jpg
pins_1,pins,pins_1/1-Alexandra Daddario2_311.jpg,pins_1/2-Alexandra Daddario13_244.jpg
pins_10,pins,pins_10/1-Bill Gates118_507.jpg,pins_10/2-Bill Gates119_508.jpg
pins_100,pins,pins_100/1-kiernen shipka134_2303.jpg,pins_100/2-kiernen shipka127_2295.jpg
pins_102,pins,pins_102/1-melissa fumero137_3302.jpg,pins_102/2-melissa fumero155_3317.jpg
pins_103,pins,pins_103/1-scarlett johansson24_4016.jpg,pins_103/2-scarlett johansson199_3977.jpg
pins_104,pins,pins_104/1-tom ellis11_4258.jpg,pins_104/2-tom ellis32_4378.jpg
pins_11,pins,pins_11/1-Bobby Morley115_262.jpg,pins_11/2-Bobby Morley47_351.jpg
pins_12,pins,pins_12/1-Brenton Thwaites115_745.jpg,pins_12/2-Brenton Thwaites11_741.jpg
pins_13,pins,pins_13/1-Brian J. Smith14_630.jpg,pins_13/2-Brian J. Smith26_680.jpg
pins_14,pins,pins_14/1-Brie Larson109_949.jpg,pins_14/2-Brie Larson138_975.jpg
pins_15,pins,pins_15/1-Chris Evans37_1212.jpg,pins_15/2-Chris Evans48_1227.jpg
pins_16,pins,pins_16/1-Chris Hemsworth70_526.jpg,pins_16/2-Chris Hemsworth7_525.jpg
pins_17,pins,pins_17/1-Chris Pratt152_771.jpg,pins_17/2-Chris Pratt217_817.jpg
pins_18,pins,pins_18/1-Christian Bale142_572.jpg,pins_18/2-Christian Bale188_604.jpg
pins_19,pins,pins_19/1-Cristiano Ronaldo168_1306.jpg,pins_19/2-Cristiano Ronaldo222_1332.jpg
pins_2,pins,pins_2/1-Alex Lawther120_17.jpg,pins_2/2-Alex Lawther116_14.jpg
pins_20,pins,pins_20/1-Danielle Panabaker149_1418.jpg,pins_20/2-Danielle Panabaker84_1550.jpg
pins_21,pins,pins_21/1-Dominic Purcell90_1047.jpg,pins_21/2-Dominic Purcell126_917.jpg
pins_22,pins,pins_22/1-Dwayne Johnson99_1699.jpg,pins_22/2-Dwayne Johnson52_1676.jpg
pins_24,pins,pins_24/1-Elizabeth Lail42_1164.jpg,pins_24/2-Elizabeth Lail127_1077.jpg
pins_25,pins,pins_25/1-Emilia Clarke206_961.jpg,pins_25/2-Emilia Clarke215_966.jpg
pins_26,pins,pins_26/1-Emma Stone102_1703.jpg,pins_26/2-Emma Stone23_1761.jpg
pins_27,pins,pins_27/1-Emma Watson56_2009.jpg,pins_27/2-Emma Watson39_1994.jpg
pins_28,pins,pins_28/1-Gwyneth Paltrow22_2163.jpg,pins_28/2-Gwyneth Paltrow244_2186.jpg
pins_29,pins,pins_29/1-Henry Cavil25_1206.jpg,pins_29/2-Henry Cavil127_1101.jpg
pins_3,pins,pins_3/1-Alvaro Morte114_161.jpg,pins_3/2-Alvaro Morte114_161.jpg
pins_30,pins,pins_30/1-Hugh Jackman12_1290.jpg,pins_30/2-Hugh Jackman134_1297.jpg
pins_31,pins,pins_31/1-Inbar Lavi55_1553.jpg,pins_31/2-Inbar Lavi176_1490.jpg
pins_32,pins,pins_32/1-Irina Shayk39_2357.jpg,pins_32/2-Irina Shayk123_2265.jpg
pins_33,pins,pins_33/1-Jake Mcdorman209_1280.jpg,pins_33/2-Jake Mcdorman116_1224.jpg
pins_34,pins,pins_34/1-Jason Momoa41_2534.jpg,pins_34/2-Jason Momoa12_2419.jpg
pins_35,pins,pins_35/1-Jennifer Lawrence91_1758.jpg,pins_35/2-Jennifer Lawrence148_1627.jpg
pins_36,pins,pins_36/1-Jeremy Renner113_2600.jpg,pins_36/2-Jeremy Renner12_2603.jpg
pins_38,pins,pins_38/1-Jimmy Fallon0_2757.jpg,pins_38/2-Jimmy Fallon82_2862.jpg
pins_4,pins,pins_4/1-Amanda Crew0_0.jpg,pins_4/2-Amanda Crew10_2.jpg
pins_40,pins,pins_40/1-Josh Radnor156_2175.jpg,pins_40/2-Josh Radnor109_2153.jpg
pins_41,pins,pins_41/1-Katharine Mcphee140_1553.jpg,pins_41/2-Katharine Mcphee189_1594.jpg
pins_42,pins,pins_42/1-Katherine Langford127_2897.jpg,pins_42/2-Katherine Langford108_2882.jpg
pins_43,pins,pins_43/1-Keanu Reeves228_2052.jpg,pins_43/2-Keanu Reeves187_2024.jpg
pins_44,pins,pins_44/1-Krysten Ritter131_1718.jpg,pins_44/2-Krysten Ritter164_1748.jpg
pins_45,pins,pins_45/1-Leonardo DiCaprio119_2490.jpg,pins_45/2-Leonardo DiCaprio168_2526.jpg
pins_46,pins,pins_46/1-Lili Reinhart110_2723.jpg,pins_46/2-Lili Reinhart57_2831.jpg
pins_47,pins,pins_47/1-Lindsey Morgan83_2267.jpg,pins_47/2-Lindsey Morgan94_2277.jpg
pins_48,pins,pins_48/1-Lionel Messi150_3111.jpg,pins_48/2-Lionel Messi184_3124.jpg
pins_49,pins,pins_49/1-Logan Lerman121_2308.jpg,pins_49/2-Logan Lerman12_2306.jpg
pins_5,pins,pins_5/1-Andy Samberg0_429.jpg,pins_5/2-Andy Samberg122_458.jpg
pins_50,pins,pins_50/1-Madelaine Petsch245_2988.jpg,pins_50/2-Madelaine Petsch138_2897.jpg
pins_51,pins,pins_51/1-Maisie Williams90_2681.jpg,pins_51/2-Maisie Williams41_2639.jpg
pins_53,pins,pins_53/1-Marie Avgeropoulos10_2689.jpg,pins_53/2-Marie Avgeropoulos2_2765.jpg
pins_54,pins,pins_54/1-Mark Ruffalo222_3275.jpg,pins_54/2-Mark Ruffalo160_3221.jpg
pins_55,pins,pins_55/1-Mark Zuckerberg123_2000.jpg,pins_55/2-Mark Zuckerberg173_2020.jpg
pins_56,pins,pins_56/1-Megan Fox129_3395.jpg,pins_56/2-Megan Fox80_3560.jpg
pins_57,pins,pins_57/1-Miley Cyrus227_3684.jpg,pins_57/2-Miley Cyrus233_3691.jpg
pins_58,pins,pins_58/1-Millie Bobby Brown175_3824.jpg,pins_58/2-Millie Bobby Brown132_3792.jpg
pins_59,pins,pins_59/1-Morena Baccarin46_2975.jpg,pins_59/2-Morena Baccarin62_2991.jpg
pins_6,pins,pins_6/1-Anne Hathaway12_313.jpg,pins_6/2-Anne Hathaway117_311.jpg
pins_60,pins,pins_60/1-Morgan Freeman1_3027.jpg,pins_60/2-Morgan Freeman11_3034.jpg
pins_61,pins,pins_61/1-Nadia Hilker58_106.jpg,pins_61/2-Nadia Hilker47_100.jpg
pins_62,pins,pins_62/1-Natalie Dormer12_151.jpg,pins_62/2-Natalie Dormer108_142.jpg
pins_63,pins,pins_63/1-Natalie Portman12_3445.jpg,pins_63/2-Natalie Portman206_3513.jpg
pins_64,pins,pins_64/1-Neil Patrick Harris155_3641.jpg,pins_64/2-Neil Patrick Harris171_3654.jpg
pins_65,pins,pins_65/1-Pedro Alonso20_2144.jpg,pins_65/2-Pedro Alonso18_2137.jpg
pins_66,pins,pins_66/1-Penn Badgley141_2252.jpg,pins_66/2-Penn Badgley113_2228.jpg
pins_67,pins,pins_67/1-Rami Malek125_3745.jpg,pins_67/2-Rami Malek12_3740.jpg
pins_68,pins,pins_68/1-Rebecca Ferguson200_415.jpg,pins_68/2-Rebecca Ferguson103_336.jpg
pins_69,pins,pins_69/1-Richard Harmon220_581.jpg,pins_69/2-Richard Harmon168_555.jpg
pins_7,pins,pins_7/1-Anthony Mackie114_449.jpg,pins_7/2-Anthony Mackie152_468.jpg
pins_70,pins,pins_70/1-Rihanna0_3949.jpg,pins_70/2-Rihanna125_3966.jpg
pins_71,pins,pins_71/1-Robert De Niro9_810.jpg,pins_71/2-Robert De Niro69_797.jpg
pins_72,pins,pins_72/1-Robert Downey Jr33_4268.jpg,pins_72/2-Robert Downey Jr40_4271.jpg
pins_74,pins,pins_74/1-Selena Gomez16_4368.jpg,pins_74/2-Selena Gomez107_4324.jpg
pins_75,pins,pins_75/1-Shakira Isabel Mebarak232_90.jpg,pins_75/2-Shakira Isabel Mebarak22_81.jpg
pins_76,pins,pins_76/1-Sophie Turner133_848.jpg,pins_76/2-Sophie Turner118_833.jpg
pins_77,pins,pins_77/1-Stephen Amell152_4124.jpg,pins_77/2-Stephen Amell113_4099.jpg
pins_79,pins,pins_79/1-Tom Cruise144_1060.jpg,pins_79/2-Tom Cruise102_1026.jpg
pins_8,pins,pins_8/1-Avril Lavigne140_593.jpg,pins_8/2-Avril Lavigne109_571.jpg
pins_80,pins,pins_80/1-Tom Hardy59_1367.jpg,pins_80/2-Tom Hardy181_1281.jpg
pins_81,pins,pins_81/1-Tom Hiddleston122_1431.jpg,pins_81/2-Tom Hiddleston111_1424.jpg
pins_82,pins,pins_82/1-Tom Holland123_4718.jpg,pins_82/2-Tom Holland11_4700.jpg
pins_83,pins,pins_83/1-Tuppence Middleton45_2639.jpg,pins_83/2-Tuppence Middleton141_2571.jpg
pins_84,pins,pins_84/1-Ursula Corbero153_42.jpg,pins_84/2-Ursula Corbero234_104.jpg
pins_85,pins,pins_85/1-Wentworth Miller11_10.jpg,pins_85/2-Wentworth Miller234_116.jpg
pins_86,pins,pins_86/1-Zac Efron156_1649.jpg,pins_86/2-Zac Efron133_1628.jpg
pins_87,pins,pins_87/1-Zendaya25_1875.jpg,pins_87/2-Zendaya22_1857.jpg
pins_88,pins,pins_88/1-Zoe Saldana240_4989.jpg,pins_88/2-Zoe Saldana237_4986.jpg
pins_89,pins,pins_89/1-alycia dabnem carey157_52.jpg,pins_89/2-alycia dabnem carey122_23.jpg
pins_9,pins,pins_9/1-Ben Affleck140_148.jpg,pins_9/2-Ben Affleck131_140.jpg
pins_90,pins,pins_90/1-amber heard128_242.jpg,pins_90/2-amber heard111_224.jpg
pins_91,pins,pins_91/1-barack obama159_662.jpg,pins_91/2-barack obama40_712.jpg
pins_92,pins,pins_92/1-barbara palvin21_847.jpg,pins_92/2-barbara palvin246_879.jpg
pins_93,pins,pins_93/1-camila mendes110_960.jpg,pins_93/2-camila mendes139_979.jpg
pins_95,pins,pins_95/1-ellen page111_1345.jpg,pins_95/2-ellen page122_1352.jpg
pins_96,pins,pins_96/1-elon musk101_1526.jpg,pins_96/2-elon musk106_1529.jpg
pins_97,pins,pins_97/1-gal gadot2_1748.jpg,pins_97/2-gal gadot89_1844.jpg
pins_98,pins,pins_98/1-grant gustin200_1935.jpg,pins_98/2-grant gustin14_1889.jpg
pins_99,pins,pins_99/1-jeff bezos15_2066.jpg,pins_99/2-jeff bezos108_2045.jpg
selfies_and_id_0,selfies_and_id,selfies_and_id_0/1-Selfie_1.jpg,selfies_and_id_0/2-Selfie_10.jpg
selfies_and_id_1,selfies_and_id,selfies_and_id_1/1-Selfie_1.jpg,selfies_and_id_1/2-Selfie_9.jpg
selfies_and_id_10,selfies_and_id,selfies_and_id_10/1-Selfie_4.jpg,selfies_and_id_10/2-Selfie_7.jpg
selfies_and_id_14,selfies_and_id,selfies_and_id_14/1-Selfie_1.jpg,selfies_and_id_14/2-Selfie_7.jpg
selfies_and_id_15,selfies_and_id,selfies_and_id_15/1-Selfie_1.jpg,selfies_and_id_15/2-Selfie_6.jpg
selfies_and_id_16,selfies_and_id,selfies_and_id_16/1-Selfie_5.jpg,selfies_and_id_16/2-Selfie_10.jpg
selfies_and_id_18,selfies_and_id,selfies_and_id_18/1-Selfie_3.jpg,selfies_and_id_18/2-Selfie_9.jpg
selfies_and_id_19,selfies_and_id,selfies_and_id_19/1-Selfie_4.jpg,selfies_and_id_19/2-Selfie_12.jpg
selfies_and_id_20,selfies_and_id,selfies_and_id_20/1-Selfie_5.jpg,selfies_and_id_20/2-Selfie_7.jpg
selfies_and_id_21,selfies_and_id,selfies_and_id_21/1-Selfie_1.jpg,selfies_and_id_21/2-Selfie_8.jpg
selfies_and_id_22,selfies_and_id,selfies_and_id_22/1-Selfie_6.jpg,selfies_and_id_22/2-Selfie_11.jpg
selfies_and_id_23,selfies_and_id,selfies_and_id_23/1-Selfie_1.jpg,selfies_and_id_23/2-Selfie_5.jpg
selfies_and_id_24,selfies_and_id,selfies_and_id_24/1-Selfie_3.jpg,selfies_and_id_24/2-Selfie_5.jpg
selfies_and_id_25,selfies_and_id,selfies_and_id_25/1-Selfie_4.jpg,selfies_and_id_25/2-Selfie_8.jpg
selfies_and_id_26,selfies_and_id,selfies_and_id_26/1-Selfie_9.jpg,selfies_and_id_26/2-Selfie_10.jpg
selfies_and_id_27,selfies_and_id,selfies_and_id_27/1-Selfie_1.jpg,selfies_and_id_27/2-Selfie_11.jpg
selfies_and_id_28,selfies_and_id,selfies_and_id_28/1-Selfie_5.jpg,selfies_and_id_28/2-Selfie_7.jpg
selfies_and_id_4,selfies_and_id,selfies_and_id_4/1-Selfie_6.jpg,selfies_and_id_4/2-Selfie_11.jpg
selfies_and_id_5,selfies_and_id,selfies_and_id_5/1-Selfie_9.jpg,selfies_and_id_5/2-Selfie_13.jpg
selfies_and_id_6,selfies_and_id,selfies_and_id_6/1-Selfie_4.jpg,selfies_and_id_6/2-Selfie_8.jpg
selfies_and_id_7,selfies_and_id,selfies_and_id_7/1-Selfie_5.jpg,selfies_and_id_7/2-Selfie_12.jpg
selfies_and_id_8,selfies_and_id,selfies_and_id_8/1-Selfie_7.jpg,selfies_and_id_8/2-Selfie_10.jpg
selfies_and_id_9,selfies_and_id,selfies_and_id_9/1-Selfie_6.jpg,selfies_and_id_9/2-Selfie_11.jpg
selfies_and_videos_0,selfies_and_videos,selfies_and_videos_0/1-1.jpg,selfies_and_videos_0/2-6.jpg
selfies_and_videos_1,selfies_and_videos,selfies_and_videos_1/1-1.jpg,selfies_and_videos_1/2-6.jpg
selfies_and_videos_2,selfies_and_videos,selfies_and_videos_2/1-1.jpg,selfies_and_videos_2/2-6.jpg
selfies_and_videos_3,selfies_and_videos,selfies_and_videos_3/1-1.jpg,selfies_and_videos_3/2-6.jpg
selfies_and_videos_4,selfies_and_videos,selfies_and_videos_4/1-1.jpg,selfies_and_videos_4/2-6.jpg
selfies_and_videos_5,selfies_and_videos,selfies_and_videos_5/1-1.jpg,selfies_and_videos_5/2-6.jpg
selfies_and_videos_6,selfies_and_videos,selfies_and_videos_6/1-1.jpg,selfies_and_videos_6/2-6.jpg
selfies_and_videos_7,selfies_and_videos,selfies_and_videos_7/1-1.jpg,selfies_and_videos_7/2-6.jpg
selfies_and_videos_8,selfies_and_videos,selfies_and_videos_8/1-1.jpg,selfies_and_videos_8/2-6.jpg
selfies_and_videos_9,selfies_and_videos,selfies_and_videos_9/1-2.jpg,selfies_and_videos_9/2-6.jpg
